pair_id,molecule,conformer_id,azimuth_deg,face,total_clearance_without_probe_angstrom,nonlocal_clearance_without_probe_angstrom,terminal_tms_clearance_without_probe_angstrom
pair001,Bz,conf003,0.0,Si,-1.5448487820813044,-1.5448487820813044,
pair001,Bz,conf003,0.5,Si,-1.5569954065430636,-1.5569954065430636,
pair001,Bz,conf003,1.0,Si,-1.5635581260429903,-1.5635581260429903,
pair001,Bz,conf003,1.5,Si,-1.5637258920777888,-1.5637258920777888,
pair001,Bz,conf003,2.0,Si,-1.557476074828425,-1.557476074828425,
pair001,Bz,conf003,2.5,Si,-1.5455875565587491,-1.5455875565587491,
pair001,Bz,conf003,3.0,Si,-1.52923690405503,-1.52923690405503,
pair001,Bz,conf003,3.5,Si,-1.5095739958180507,-1.5095739958180507,
pair001,Bz,conf003,4.0,Si,-1.4875211079219046,-1.4875211079219046,
pair001,Bz,conf003,4.5,Si,-1.463751882605995,-1.463751882605995,
pair001,Bz,conf003,5.0,Si,-1.4387401130734736,-1.4387401130734736,
pair001,Bz,conf003,5.5,Si,-1.4128163842709434,-1.4128163842709434,
pair001,Bz,conf003,6.0,Si,-1.3862130396349799,-1.3862130396349799,
pair001,Bz,conf003,6.5,Si,-1.3590957727895212,-1.3590957727895212,
pair001,Bz,conf003,7.0,Si,-1.3315848552674383,-1.3315848552674383,
pair001,Bz,conf003,7.499999999999999,Si,-1.3037692310126061,-1.3037692310126061,
pair001,Bz,conf003,8.0,Si,-1.2757159060335403,-1.2757159060335403,
pair001,Bz,conf003,8.5,Si,-1.2474762709374403,-1.2474762709374403,
pair001,Bz,conf003,9.0,Si,-1.2190904185314029,-1.2190904185314029,
pair001,Bz,conf003,9.499999999999998,Si,-1.190590137983203,-1.190590137983203,
pair001,Bz,conf003,10.0,Si,-1.1620010238607539,-1.1620010238607539,
pair001,Bz,conf003,10.5,Si,-1.1333439845300557,-1.1333439845300557,
pair001,Bz,conf003,11.0,Si,-1.1046363368315066,-1.1046363368315066,
pair001,Bz,conf003,11.499999999999998,Si,-1.0758926115551293,-1.0758926115551293,
pair001,Bz,conf003,12.0,Si,-1.0563240929884707,-1.0563240929884707,
pair001,Bz,conf003,12.5,Si,-1.0473657279076982,-1.0473657279076982,
pair001,Bz,conf003,13.0,Si,-1.0378873968174467,-1.0378873968174467,
pair001,Bz,conf003,13.5,Si,-1.027913884144379,-1.027913884144379,
pair001,Bz,conf003,14.0,Si,-1.0174698262765824,-1.0174698262765824,
pair001,Bz,conf003,14.500000000000002,Si,-1.0065795497527357,-1.0065795497527357,
pair001,Bz,conf003,14.999999999999998,Si,-0.9952669350247262,-0.9952669350247262,
pair001,Bz,conf003,15.5,Si,-0.9835553045797982,-0.9835553045797982,
pair001,Bz,conf003,16.0,Si,-0.9714673337114607,-0.9714673337114607,
pair001,Bz,conf003,16.5,Si,-0.9590249819056654,-0.9590249819056654,
pair001,Bz,conf003,17.0,Si,-0.946249442634294,-0.946249442634294,
pair001,Bz,conf003,17.5,Si,-0.9331611092936145,-0.9331611092936145,
pair001,Bz,conf003,18.0,Si,-0.9197795550635696,-0.9197795550635696,
pair001,Bz,conf003,18.5,Si,-0.9061235245693366,-0.9061235245693366,
pair001,Bz,conf003,18.999999999999996,Si,-0.8922109353776929,-0.8922109353776929,
pair001,Bz,conf003,19.5,Si,-0.8780588875392353,-0.8780588875392353,
pair001,Bz,conf003,20.0,Si,-0.8636836795790918,-0.8636836795790918,
pair001,Bz,conf003,20.499999999999996,Si,-0.8491008295325555,-0.8491008295325555,
pair001,Bz,conf003,21.0,Si,-0.834325099810202,-0.834325099810202,
pair001,Bz,conf003,21.5,Si,-0.819370524854198,-0.819370524854198,
pair001,Bz,conf003,22.0,Si,-0.8042504407103738,-0.8042504407103738,
pair001,Bz,conf003,22.5,Si,-0.788977515787481,-0.788977515787481,
pair001,Bz,conf003,22.999999999999996,Si,-0.7735637822053225,-0.7735637822053225,
pair001,Bz,conf003,23.5,Si,-0.7580206672473516,-0.7580206672473516,
pair001,Bz,conf003,24.0,Si,-0.742359024531782,-0.742359024531782,
pair001,Bz,conf003,24.5,Si,-0.7265891645992627,-0.7265891645992627,
pair001,Bz,conf003,25.0,Si,-0.7107208846862343,-0.7107208846862343,
pair001,Bz,conf003,25.499999999999996,Si,-0.694763497512497,-0.694763497512497,
pair001,Bz,conf003,26.0,Si,-0.6787258589607579,-0.6787258589607579,
pair001,Bz,conf003,26.5,Si,-0.6626163945663024,-0.6626163945663024,
pair001,Bz,conf003,27.0,Si,-0.6464431247676927,-0.6464431247676927,
pair001,Bz,conf003,27.5,Si,-0.6302136888956791,-0.6302136888956791,
pair001,Bz,conf003,28.0,Si,-0.6139353678983352,-0.6139353678983352,
pair001,Bz,conf003,28.5,Si,-0.5976151058166272,-0.5976151058166272,
pair001,Bz,conf003,29.000000000000004,Si,-0.5812595300370924,-0.5812595300370924,
pair001,Bz,conf003,29.499999999999996,Si,-0.5648749703575497,-0.5648749703575497,
pair001,Bz,conf003,29.999999999999996,Si,-0.5484674769084994,-0.5484674769084994,
pair001,Bz,conf003,30.5,Si,-0.5320428369774983,-0.5320428369774983,
pair001,Bz,conf003,31.0,Si,-0.5156065907867484,-0.5156065907867484,
pair001,Bz,conf003,31.5,Si,-0.49916404627574185,-0.49916404627574185,
pair001,Bz,conf003,32.0,Si,-0.4827202929413914,-0.4827202929413914,
pair001,Bz,conf003,32.5,Si,-0.46628021478779424,-0.46628021478779424,
pair001,Bz,conf003,33.0,Si,-0.4498485024369119,-0.4498485024369119,
pair001,Bz,conf003,33.49999999999999,Si,-0.4334296644500859,-0.4334296644500859,
pair001,Bz,conf003,34.0,Si,-0.41702803790862264,-0.41702803790862264,
pair001,Bz,conf003,34.5,Si,-0.40064779829973807,-0.40064779829973807,
pair001,Bz,conf003,35.0,Si,-0.3864873425598654,-0.3842929687520731,
pair001,Bz,conf003,35.5,Si,-0.3765694144251357,-0.36796742866280585,
pair001,Bz,conf003,36.0,Si,-0.36661405970248895,-0.35167492175616255,
pair001,Bz,conf003,36.5,Si,-0.356622963676986,-0.33541906361091245,
pair001,Bz,conf003,37.0,Si,-0.3465977679242116,-0.31920334869223144,
pair001,Bz,conf003,37.5,Si,-0.3365400715802549,-0.30303115692120364,
pair001,Bz,conf003,37.99999999999999,Si,-0.326451432587912,-0.2869057598131264,
pair001,Bz,conf003,38.5,Si,-0.3163333689178709,-0.27083032621382275,
pair001,Bz,conf003,39.0,Si,-0.30618735976386935,-0.2548079276612667,
pair001,Bz,conf003,39.5,Si,-0.296014846711002,-0.23884154339799424,
pair001,Bz,conf003,40.0,Si,-0.2858172348765926,-0.22293406505810265,
pair001,Bz,conf003,40.5,Si,-0.2755958940231582,-0.20704806060630854,
pair001,Bz,conf003,40.99999999999999,Si,-0.2653521596431865,-0.19113312093034995,
pair001,Bz,conf003,41.5,Si,-0.25508733401555883,-0.17519111704088308,
pair001,Bz,conf003,42.0,Si,-0.24480268723358178,-0.15922408419898515,
pair001,Bz,conf003,42.5,Si,-0.2344994582046791,-0.14323398976094315,
pair001,Bz,conf003,43.0,Si,-0.22417885562190598,-0.12722273623369929,
pair001,Bz,conf003,43.5,Si,-0.21384205890751318,-0.11119216418259303,
pair001,Bz,conf003,44.0,Si,-0.20349021912886367,-0.09514405499823875,
pair001,Bz,conf003,44.50000000000001,Si,-0.19312445988706206,-0.07908013352913978,
pair001,Bz,conf003,45.0,Si,-0.18274587817871213,-0.0630020705864307,
pair001,Bz,conf003,45.5,Si,-0.17235554523125063,-0.04691148532687839,
pair001,Bz,conf003,45.99999999999999,Si,-0.16195450731235983,-0.03080994752005317,
pair001,Bz,conf003,46.49999999999999,Si,-0.15154378651396727,-0.014698979705329185,
pair001,Bz,conf003,47.0,Si,-0.14112438151138829,0.0014199407558550536,
pair001,Bz,conf003,47.5,Si,-0.1306972682981744,0.01754537972729775,
pair001,Bz,conf003,48.0,Si,-0.12026340089724208,0.03367594443992905,
pair001,Bz,conf003,48.5,Si,-0.10982371204887587,0.04981028172358326,
pair001,Bz,conf003,49.0,Si,-0.09937911387620701,0.06594707632412056,
pair001,Bz,conf003,49.50000000000001,Si,-0.08893049852876445,0.08208504930162452,
pair001,Bz,conf003,50.0,Si,-0.07847873880470146,0.09822295650556745,
pair001,Bz,conf003,50.5,Si,-0.06802468875230305,0.11435958712307337,
pair001,Bz,conf003,50.99999999999999,Si,-0.057569184251375694,0.13049376229656318,
pair001,Bz,conf003,51.49999999999999,Si,-0.047113043575105706,0.1466243338072868,
pair001,Bz,conf003,52.0,Si,-0.036657067932980514,0.1627501828214002,
pair001,Bz,conf003,52.50000000000001,Si,-0.026202041995355918,0.17887021869541408,
pair001,Bz,conf003,53.0,Si,-0.01574873440022806,0.19498337783802744,
pair001,Bz,conf003,53.5,Si,-0.005297898242788035,0.2110886226254809,
pair001,Bz,conf003,54.0,Si,0.005149728451704139,0.2271849403677293,
pair001,Bz,conf003,54.49999999999999,Si,0.015593422271179547,0.2432713423228754,
pair001,Bz,conf003,55.0,Si,0.0260324739756288,0.25934686275743957,
pair001,Bz,conf003,55.5,Si,0.036466188071065275,0.27541055805014003,
pair001,Bz,conf003,56.0,Si,0.04689388239807779,0.2914615058370311,
pair001,Bz,conf003,56.5,Si,0.05731488773448623,0.30749880419590725,
pair001,Bz,conf003,57.0,Si,0.06772854741162448,0.32352157086802813,
pair001,Bz,conf003,57.5,Si,0.07813421694378131,0.3395289425152901,
pair001,Bz,conf003,58.00000000000001,Si,0.08853126367035724,0.35552007401110663,
pair001,Bz,conf003,58.5,Si,0.09891906641029258,0.37149413776330875,
pair001,Bz,conf003,58.99999999999999,Si,0.10929701512835233,0.3874503230675004,
pair001,Bz,conf003,59.5,Si,0.11966451061284245,0.4033878354893592,
pair001,Bz,conf003,59.99999999999999,Si,0.13002096416437547,0.41930589627447445,
pair001,Bz,conf003,60.5,Si,0.14036579729528675,0.43520374178437016,
pair001,Bz,conf003,61.0,Si,0.15069844143933353,0.45108062295743934,
pair001,Bz,conf003,61.50000000000001,Si,0.16101833767131946,0.46693580479358787,
pair001,Bz,conf003,62.0,Si,0.17132493643628166,0.48276856586143,
pair001,Bz,conf003,62.49999999999999,Si,0.1816176972879222,0.4985781978269659,
pair001,Bz,conf003,63.0,Si,0.19189608863593755,0.5143640050026963,
pair001,Bz,conf003,63.50000000000001,Si,0.20215958750194707,0.5301253039162075,
pair001,Bz,conf003,64.0,Si,0.21240767928370308,0.5458614228972982,
pair001,Bz,conf003,64.5,Si,0.2226398575273021,0.5615717016827728,
pair001,Bz,conf003,65.0,Si,0.2328556237070989,0.5772554910380581,
pair001,Bz,conf003,65.50000000000001,Si,0.24305448701306132,0.5929121523948673,
pair001,Bz,conf003,66.0,Si,0.2532359641452946,0.6085410575041472,
pair001,Bz,conf003,66.5,Si,0.2633995791154873,0.6241415881036108,
pair001,Bz,conf003,66.99999999999999,Si,0.27354486305502346,0.6397131355991632,
pair001,Bz,conf003,67.5,Si,0.2836713540295346,0.6552551007595906,
pair001,Bz,conf003,68.0,Si,0.29377859685965535,0.6707668934239035,
pair001,Bz,conf003,68.5,Si,0.3038661429477669,0.6862479322207429,
pair001,Bz,conf003,69.0,Si,0.3139335501105158,0.7016976442993188,
pair001,Bz,conf003,69.5,Si,0.32398038241690097,0.7171154650713374,
pair001,Bz,conf003,70.0,Si,0.3340062100317325,0.7325008379634343,
pair001,Bz,conf003,70.49999999999999,Si,0.34401060906427827,0.7478532141796406,
pair001,Bz,conf003,71.0,Si,0.35399316142190673,0.7631720524734298,
pair001,Bz,conf003,71.5,Si,0.3639534546685521,0.7784568189289109,
pair001,Bz,conf003,72.0,Si,0.37389108188784004,0.7937069867507855,
pair001,Bz,conf003,72.5,Si,0.38380564155069896,0.8089220360626548,
pair001,Bz,conf003,73.0,Si,0.39369673738730304,0.8241014537133264,
pair001,Bz,conf003,73.50000000000001,Si,0.40356397826320367,0.8392447330907682,
pair001,Bz,conf003,74.0,Si,0.4134069780594878,0.8543513739433719,
pair001,Bz,conf003,74.5,Si,0.4232253555568346,0.8694208822082159,
pair001,Bz,conf003,75.0,Si,0.4330187343233336,0.8844527698460201,
pair001,Bz,conf003,75.5,Si,0.442786742605924,0.8808133438005277,
pair001,Bz,conf003,75.99999999999999,Si,0.45252901322534167,0.8700671090285497,
pair001,Bz,conf003,76.5,Si,0.46224518347444277,0.859301292205265,
pair001,Bz,conf003,77.0,Si,0.47193489501979946,0.8485164702264198,
pair001,Bz,conf003,77.5,Si,0.4815977938064335,0.8377132273341801,
pair001,Bz,conf003,78.0,Si,0.49123352996560654,0.8268921552539432,
pair001,Bz,conf003,78.49999999999999,Si,0.5008417577255437,0.8160538533342871,
pair001,Bz,conf003,79.0,Si,0.5104221353249916,0.8051989286901009,
pair001,Bz,conf003,79.5,Si,0.5199743249295243,0.7943279963489671,
pair001,Bz,conf003,80.0,Si,0.5294979925504928,0.7834416794008419,
pair001,Bz,conf003,80.49999999999999,Si,0.5389928079665338,0.7725406091510998,
pair001,Bz,conf003,81.0,Si,0.5484584446475511,0.7616254252769934,
pair001,Bz,conf003,81.5,Si,0.557894579681079,0.7506967759875931,
pair001,Bz,conf003,81.99999999999999,Si,0.5673008937009592,0.7397553181872489,
pair001,Bz,conf003,82.5,Si,0.5766770708182467,0.7288017176426458,
pair001,Bz,conf003,83.0,Si,0.5860227985542632,0.7178366491534944,
pair001,Bz,conf003,83.50000000000001,Si,0.5953377677757403,0.7068607967269138,
pair001,Bz,conf003,84.0,Si,0.6046216726319746,0.6958748537555597,
pair001,Bz,conf003,84.5,Si,0.6138742104939274,0.6848795231995399,
pair001,Bz,conf003,85.0,Si,0.6230950818952021,0.673875517772178,
pair001,Bz,conf003,85.5,Si,0.6322839904748496,0.6628635601296569,
pair001,Bz,conf003,86.0,Si,0.6414406429219242,0.6518443830645906,
pair001,Bz,conf003,86.5,Si,0.6408187297035675,0.6408187297035675,
pair001,Bz,conf003,87.0,Si,0.6297873537086998,0.6297873537086998,
pair001,Bz,conf003,87.49999999999999,Si,0.6187510194832073,0.6187510194832073,
pair001,Bz,conf003,88.0,Si,0.6077105023810734,0.6077105023810734,
pair001,Bz,conf003,88.5,Si,0.5966665889208007,0.5966665889208007,
pair001,Bz,conf003,89.00000000000001,Si,0.5856200770032716,0.5856200770032716,
pair001,Bz,conf003,89.5,Si,0.574571776133747,0.574571776133747,
pair001,Bz,conf003,90.0,Si,0.5635225076480104,0.5635225076480104,
pair001,Bz,conf003,90.5,Si,0.5524731049426481,0.5524731049426481,
pair001,Bz,conf003,91.0,Si,0.5414244137094844,0.5414244137094844,
pair001,Bz,conf003,91.5,Si,0.5303772921741439,0.5303772921741439,
pair001,Bz,conf003,91.99999999999999,Si,0.5193326113387335,0.5193326113387335,
pair001,Bz,conf003,92.5,Si,0.5082912552286174,0.5082912552286174,
pair001,Bz,conf003,92.99999999999999,Si,0.4972541211432493,0.4972541211432493,
pair001,Bz,conf003,93.50000000000001,Si,0.4862221199110113,0.4862221199110113,
pair001,Bz,conf003,94.0,Si,0.475196176148019,0.475196176148019,
pair001,Bz,conf003,94.5,Si,0.464177228520809,0.464177228520809,
pair001,Bz,conf003,95.0,Si,0.45316623001284007,0.45316623001284007,
pair001,Bz,conf003,95.5,Si,0.4421641481947136,0.4421641481947136,
pair001,Bz,conf003,96.0,Si,0.4311719654980075,0.4311719654980075,
pair001,Bz,conf003,96.5,Si,0.42019067949259425,0.42019067949259425,
pair001,Bz,conf003,97.0,Si,0.40922130316732175,0.40922130316732175,
pair001,Bz,conf003,97.49999999999999,Si,0.3982648652138747,0.3982648652138747,
pair001,Bz,conf003,98.0,Si,0.3873224103136763,0.3873224103136763,
pair001,Bz,conf003,98.49999999999999,Si,0.3763949994276026,0.3763949994276026,
pair001,Bz,conf003,99.00000000000001,Si,0.36548371008831704,0.36548371008831704,
pair001,Bz,conf003,99.5,Si,0.3545896366949781,0.3545896366949781,
pair001,Bz,conf003,100.0,Si,0.3437138908100581,0.3437138908100581,
pair001,Bz,conf003,100.50000000000001,Si,0.3328576014579878,0.3328576014579878,
pair001,Bz,conf003,101.0,Si,0.3220219154253099,0.3220219154253099,
pair001,Bz,conf003,101.5,Si,0.3112079975620021,0.3112079975620021,
pair001,Bz,conf003,101.99999999999999,Si,0.30041703108359097,0.30041703108359097,
pair001,Bz,conf003,102.5,Si,0.2896502178736535,0.2896502178736535,
pair001,Bz,conf003,102.99999999999999,Si,0.27890877878626963,0.27890877878626963,
pair001,Bz,conf003,103.49999999999999,Si,0.2681939539479439,0.2681939539479439,
pair001,Bz,conf003,104.0,Si,0.2575070030584856,0.2575070030584856,
pair001,Bz,conf003,104.5,Si,0.24684920569030133,0.24684920569030133,
pair001,Bz,conf003,105.00000000000001,Si,0.23622186158549163,0.23622186158549163,
pair001,Bz,conf003,105.5,Si,0.2256262909501292,0.2256262909501292,
pair001,Bz,conf003,106.0,Si,0.21506383474501822,0.21506383474501822,
pair001,Bz,conf003,106.5,Si,0.20453585497221893,0.20453585497221893,
pair001,Bz,conf003,107.0,Si,0.1940437349565427,0.1940437349565427,
pair001,Bz,conf003,107.49999999999999,Si,0.18358887962118864,0.18358887962118864,
pair001,Bz,conf003,108.0,Si,0.17317271575663118,0.17317271575663118,
pair001,Bz,conf003,108.5,Si,0.16279669228181382,0.16279669228181382,
pair001,Bz,conf003,108.99999999999999,Si,0.15246228049664334,0.15246228049664334,
pair001,Bz,conf003,109.50000000000001,Si,0.14217097432471526,0.14217097432471526,
pair001,Bz,conf003,110.0,Si,0.1319242905451541,0.1319242905451541,
pair001,Bz,conf003,110.50000000000001,Si,0.12172376901235316,0.12172376901235316,
pair001,Bz,conf003,111.0,Si,0.11157097286238105,0.11157097286238105,
pair001,Bz,conf003,111.5,Si,0.10146748870469557,0.10146748870469557,
pair001,Bz,conf003,112.0,Si,0.0914149267977904,0.0914149267977904,
pair001,Bz,conf003,112.5,Si,0.0814149212072901,0.0814149212072901,
pair001,Bz,conf003,113.0,Si,0.07146912994494725,0.07146912994494725,
pair001,Bz,conf003,113.49999999999999,Si,0.06157923508693086,0.06157923508693086,
pair001,Bz,conf003,114.0,Si,0.05174694286970616,0.05174694286970616,
pair001,Bz,conf003,114.49999999999999,Si,0.041973983761740774,0.041973983761740774,
pair001,Bz,conf003,115.0,Si,0.03226211250918487,0.03226211250918487,
pair001,Bz,conf003,115.50000000000001,Si,0.022613108153614725,0.022613108153614725,
pair001,Bz,conf003,116.00000000000001,Si,0.013028774019839817,0.013028774019839817,
pair001,Bz,conf003,116.5,Si,0.0035109376717006313,0.0035109376717006313,
pair001,Bz,conf003,117.0,Si,-0.005938549166272233,-0.005938549166272233,
pair001,Bz,conf003,117.5,Si,-0.015317810723556535,-0.015317810723556535,
pair001,Bz,conf003,117.99999999999999,Si,-0.024624947336967518,-0.024624947336967518,
pair001,Bz,conf003,118.50000000000001,Si,-0.03385803564495404,-0.03385803564495404,
pair001,Bz,conf003,119.0,Si,-0.04301512882526759,-0.04301512882526759,
pair001,Bz,conf003,119.5,Si,-0.0520942568784466,-0.0520942568784466,
pair001,Bz,conf003,119.99999999999999,Si,-0.061093426959619945,-0.061093426959619945,
pair001,Bz,conf003,120.50000000000001,Si,-0.07001062376116951,-0.07001062376116951,
pair001,Bz,conf003,121.0,Si,-0.07884380994881979,-0.07884380994881979,
pair001,Bz,conf003,121.5,Si,-0.0875909266537549,-0.0875909266537549,
pair001,Bz,conf003,122.0,Si,-0.09624989402336803,-0.09624989402336803,
pair001,Bz,conf003,122.49999999999999,Si,-0.1048186118332568,-0.1048186118332568,
pair001,Bz,conf003,123.00000000000001,Si,-0.11330410997823881,-0.11330410997823881,
pair001,Bz,conf003,123.5,Si,-0.12172257634839245,-0.12172257634839245,
pair001,Bz,conf003,124.0,Si,-0.13007146677337067,-0.13007146677337067,
pair001,Bz,conf003,124.49999999999999,Si,-0.13834763074005152,-0.13834763074005152,
pair001,Bz,conf003,124.99999999999999,Si,-0.14654788736991198,-0.14654788736991198,
pair001,Bz,conf003,125.5,Si,-0.15466902671403027,-0.15466902671403027,
pair001,Bz,conf003,126.0,Si,-0.16270781116991562,-0.16270781116991562,
pair001,Bz,conf003,126.5,Si,-0.17066097702515037,-0.17066097702515037,
pair001,Bz,conf003,127.00000000000001,Si,-0.17852523613267568,-0.17852523613267568,
pair001,Bz,conf003,127.50000000000001,Si,-0.18629727772240678,-0.18629727772240678,
pair001,Bz,conf003,128.0,Si,-0.19397377035363017,-0.19397377035363017,
pair001,Bz,conf003,128.5,Si,-0.20435902486751356,-0.20155136401238383,
pair001,Bz,conf003,129.0,Si,-0.21550145830762757,-0.209026692357702,
pair001,Bz,conf003,129.49999999999997,Si,-0.22664671947632664,-0.21639637512023358,
pair001,Bz,conf003,130.0,Si,-0.23779401457406868,-0.2236570206563211,
pair001,Bz,conf003,130.5,Si,-0.24894253178307602,-0.2308052286601352,
pair001,Bz,conf003,131.00000000000003,Si,-0.2600914406266568,-0.23783759303591512,
pair001,Bz,conf003,131.5,Si,-0.2712398913025069,-0.24475070493173767,
pair001,Bz,conf003,132.0,Si,-0.28238701398896593,-0.2515411559355869,
pair001,Bz,conf003,132.5,Si,-0.2935319181231075,-0.25820554143371366,
pair001,Bz,conf003,133.0,Si,-0.3046736916495667,-0.2647404641305018,
pair001,Bz,conf003,133.5,Si,-0.31581140023892407,-0.27114253772815755,
pair001,Bz,conf003,133.99999999999997,Si,-0.32694408647446815,-0.277408390763616,
pair001,Bz,conf003,134.5,Si,-0.3380707690061051,-0.28353467059905557,
pair001,Bz,conf003,135.0,Si,-0.34919044167014945,-0.28951804756135524,
pair001,Bz,conf003,135.5,Si,-0.36030207257372915,-0.29535521922474217,
pair001,Bz,conf003,136.0,Si,-0.37140460314246915,-0.3010429148296965,
pair001,Bz,conf003,136.5,Si,-0.38249694713012006,-0.30657789983002126,
pair001,Bz,conf003,137.0,Si,-0.3935779895887772,-0.3119569805587581,
pair001,Bz,conf003,137.5,Si,-0.4046465857982966,-0.3171770090023702,
pair001,Bz,conf003,138.0,Si,-0.4157015601535221,-0.32223488767140096,
pair001,Bz,conf003,138.5,Si,-0.42674170500791986,-0.3271275745545348,
pair001,Bz,conf003,139.0,Si,-0.43776577947221473,-0.331852088141773,
pair001,Bz,conf003,139.5,Si,-0.4487725081666387,-0.3364055125012244,
pair001,Bz,conf003,140.0,Si,-0.45976057992540076,-0.3407850023928496,
pair001,Bz,conf003,140.5,Si,-0.4707286464520244,-0.3449877884013852,
pair001,Bz,conf003,140.99999999999997,Si,-0.4816753209242375,-0.3490111820696553,
pair001,Bz,conf003,141.5,Si,-0.49259917654714225,-0.35285258101251493,
pair001,Bz,conf003,142.0,Si,-0.5034987450534536,-0.3565094739908441,
pair001,Bz,conf003,142.50000000000003,Si,-0.5143725151497041,-0.3599794459242893,
pair001,Bz,conf003,143.0,Si,-0.5252189309073758,-0.36326018282085193,
pair001,Bz,conf003,143.5,Si,-0.5360363900980831,-0.3663494766010047,
pair001,Bz,conf003,144.0,Si,-0.5468232424720538,-0.3692452297937294,
pair001,Bz,conf003,144.5,Si,-0.55757778797935,-0.3719454600817662,
pair001,Bz,conf003,145.0,Si,-0.5682982749334693,-0.3744483046734619,
pair001,Bz,conf003,145.49999999999997,Si,-0.5789828981172285,-0.3767520244788518,
pair001,Bz,conf003,146.0,Si,-0.5896297968310944,-0.37885500806809413,
pair001,Bz,conf003,146.5,Si,-0.6002370528844738,-0.3807557753910431,
pair001,Bz,conf003,147.00000000000003,Si,-0.6108026885308588,-0.3824529812375923,
pair001,Bz,conf003,147.5,Si,-0.6213246643481201,-0.3839454184195057,
pair001,Bz,conf003,148.0,Si,-0.6318008770657844,-0.38523202065568296,
pair001,Bz,conf003,148.5,Si,-0.6422291573416423,-0.3863118651442654,
pair001,Bz,conf003,149.0,Si,-0.6526072674906964,-0.3871841748065623,
pair001,Bz,conf003,149.5,Si,-0.662932899170146,-0.3878483201895746,
pair001,Bz,conf003,150.0,Si,-0.6732036710249176,-0.3883038210157841,
pair001,Bz,conf003,150.5,Si,-0.6834171262991131,-0.38855034737088734,
pair001,Bz,conf003,151.0,Si,-0.6935707304197716,-0.3885877205223227,
pair001,Bz,conf003,151.5,Si,-0.7036618685603874,-0.3884159133635965,
pair001,Bz,conf003,151.99999999999997,Si,-0.7136878431928969,-0.38803505048173004,
pair001,Bz,conf003,152.5,Si,-0.7236458716381287,-0.3874454078474012,
pair001,Bz,conf003,153.0,Si,-0.7335330836262164,-0.386647412129665,
pair001,Bz,conf003,153.5,Si,-0.7433465188800586,-0.3856416396394331,
pair001,Bz,conf003,154.0,Si,-0.7530831247366618,-0.38442881490808567,
pair001,Bz,conf003,154.5,Si,-0.7627397538230958,-0.3830098089097893,
pair001,Bz,conf003,155.0,Si,-0.7723131618058525,-0.3813856369381263,
pair001,Bz,conf003,155.5,Si,-0.7818000052345733,-0.37955745614962133,
pair001,Bz,conf003,156.0,Si,-0.7911968395034846,-0.37752656278853625,
pair001,Bz,conf003,156.49999999999997,Si,-0.800500116956377,-0.37529438910901103,
pair001,Bz,conf003,156.99999999999997,Si,-0.8097061851635962,-0.3728625000120749,
pair001,Bz,conf003,157.5,Si,-0.8188112854022876,-0.3702325894164096,
pair001,Bz,conf003,158.0,Si,-0.8278115513740284,-0.3674064763828748,
pair001,Bz,conf003,158.5,Si,-0.8367030081969261,-0.3643861010137017,
pair001,Bz,conf003,159.0,Si,-0.8454815717123064,-0.36117352014805126,
pair001,Bz,conf003,159.5,Si,-0.8541430481491638,-0.35777090287613356,
pair001,Bz,conf003,160.0,Si,-0.8626831341925356,-0.35418052589443927,
pair001,Bz,conf003,160.5,Si,-0.8710974175049441,-0.35040476872478643,
pair001,Bz,conf003,160.99999999999997,Si,-0.8793813777527842,-0.34644610881983207,
pair001,Bz,conf003,161.5,Si,-0.8875303881921273,-0.342307116577504,
pair001,Bz,conf003,162.0,Si,-0.895539717870615,-0.3379904502864144,
pair001,Bz,conf003,162.5,Si,-0.9034045345039486,-0.35663784366569384,
pair001,Bz,conf003,163.0,Si,-0.9111199080867365,-0.38294698679295736,
pair001,Bz,conf003,163.5,Si,-0.9186808152980568,-0.4089972155426356,
pair001,Bz,conf003,163.99999999999997,Si,-0.9260821447619221,-0.4347652368063213,
pair001,Bz,conf003,164.5,Si,-0.9333187032216645,-0.4602262288977206,
pair001,Bz,conf003,165.0,Si,-0.9403852226850095,-0.4853537419544034,
pair001,Bz,conf003,165.5,Si,-0.9472763685931272,-0.5101195972643287,
pair001,Bz,conf003,166.0,Si,-0.953986749062017,-0.5344937872705269,
pair001,Bz,conf003,166.5,Si,-0.9605109252381585,-0.5584443785381645,
pair001,Bz,conf003,167.00000000000003,Si,-0.9668434228021823,-0.5819374205960703,
pair001,Bz,conf003,167.5,Si,-0.9729787446444381,-0.6049368642943433,
pair001,Bz,conf003,168.0,Si,-0.9789113847245161,-0.6274044941490404,
pair001,Bz,conf003,168.49999999999997,Si,-0.9846358431131216,-0.6492998800634702,
pair001,Bz,conf003,169.0,Si,-0.9901466421991069,-0.6705803547998319,
pair001,Bz,conf003,169.5,Si,-0.9954383440271086,-0.6912010245831472,
pair001,Bz,conf003,170.0,Si,-1.000505568712172,-0.7111148211882076,
pair001,Bz,conf003,170.49999999999997,Si,-1.0053430138572348,-0.7302726046977154,
pair001,Bz,conf003,171.0,Si,-1.009945474877709,-0.7486233267038833,
pair001,Bz,conf003,171.50000000000003,Si,-1.0143078661149298,-0.7661142639016286,
pair001,Bz,conf003,172.0,Si,-1.0184252425975706,-0.7826913316065714,
pair001,Bz,conf003,172.5,Si,-1.0222928222875811,-0.7982994855248127,
pair001,Bz,conf003,173.0,Si,-1.0259060086256448,-0.8128832179063618,
pair001,Bz,conf003,173.5,Si,-1.0292604131710332,-0.8263871508658328,
pair001,Bz,conf003,174.0,Si,-1.0323518781129373,-0.8387567250634976,
pair001,Bz,conf003,174.5,Si,-1.0351764984154577,-0.8499389761416927,
pair001,Bz,conf003,174.99999999999997,Si,-1.037730643347241,-0.8598833845128034,
pair001,Bz,conf003,175.5,Si,-1.040010977139834,-0.8685427767117505,
pair001,Bz,conf003,176.0,Si,-1.0420144785167906,-0.8758742491923929,
pair001,Bz,conf003,176.5,Si,-1.0437384588388103,-0.8818400789846733,
pair001,Bz,conf003,177.0,Si,-1.0451805786190524,-0.886408580960723,
pair001,Bz,conf003,177.5,Si,-1.0463388621773224,-0.8895548694749966,
pair001,Bz,conf003,178.00000000000003,Si,-1.0472117102219909,-0.8912614835383057,
pair001,Bz,conf003,178.5,Si,-1.0477979101740447,-0.8915188397849465,
pair001,Bz,conf003,179.0,Si,-1.048096644078,-0.9113423598418852,
pair001,Bz,conf003,179.49999999999997,Si,-1.0481074939789294,-0.9411152930171247,
pair001,Bz,conf003,180.0,Re,-1.0478304446826616,-0.970822488617999,
pair001,Bz,conf003,180.5,Re,-1.0472658838562778,-1.000446451340981,
pair001,Bz,conf003,181.0,Re,-1.046414599467372,-1.0299670234299816,
pair001,Bz,conf003,181.5,Re,-1.0593608017444298,-1.0593608017444298,
pair001,Bz,conf003,182.0,Re,-1.0886004018083995,-1.0886004018083995,
pair001,Bz,conf003,182.50000000000003,Re,-1.1176535228937174,-1.1176535228937174,
pair001,Bz,conf003,183.0,Re,-1.1464817532125002,-1.1464817532125002,
pair001,Bz,conf003,183.5,Re,-1.1750390344836998,-1.1750390344836998,
pair001,Bz,conf003,183.99999999999997,Re,-1.2032696793538362,-1.2032696793538362,
pair001,Bz,conf003,184.5,Re,-1.2311058025937869,-1.2311058025937869,
pair001,Bz,conf003,185.0,Re,-1.2584639881804969,-1.2584639881804969,
pair001,Bz,conf003,185.5,Re,-1.2852409733801338,-1.2852409733801338,
pair001,Bz,conf003,185.99999999999997,Re,-1.3113081001632514,-1.3113081001632514,
pair001,Bz,conf003,186.5,Re,-1.3365042938977894,-1.3365042938977894,
pair001,Bz,conf003,187.00000000000003,Re,-1.3606274447022288,-1.3606274447022288,
pair001,Bz,conf003,187.5,Re,-1.3834244163531118,-1.3834244163531118,
pair001,Bz,conf003,188.0,Re,-1.4045807129548749,-1.4045807129548749,
pair001,Bz,conf003,188.5,Re,-1.4237124016575202,-1.4237124016575202,
pair001,Bz,conf003,189.0,Re,-1.4403654379622761,-1.4403654379622761,
pair001,Bz,conf003,189.5,Re,-1.454030611336464,-1.454030611336464,
pair001,Bz,conf003,190.0,Re,-1.4641836809586048,-1.4641836809586048,
pair001,Bz,conf003,190.49999999999997,Re,-1.4703552577340875,-1.4703552577340875,
pair001,Bz,conf003,191.0,Re,-1.4722196581456926,-1.4722196581456926,
pair001,Bz,conf003,191.49999999999997,Re,-1.4696717294980104,-1.4696717294980104,
pair001,Bz,conf003,192.0,Re,-1.4628543600071526,-1.4628543600071526,
pair001,Bz,conf003,192.5,Re,-1.4521214199612127,-1.4521214199612127,
pair001,Bz,conf003,193.0,Re,-1.437956462187734,-1.437956462187734,
pair001,Bz,conf003,193.50000000000003,Re,-1.4208852504316785,-1.4208852504316785,
pair001,Bz,conf003,194.0,Re,-1.4014103075403712,-1.4014103075403712,
pair001,Bz,conf003,194.5,Re,-1.3799752381441455,-1.3799752381441455,
pair001,Bz,conf003,194.99999999999997,Re,-1.356952854971936,-1.356952854971936,
pair001,Bz,conf003,195.5,Re,-1.3326474708005123,-1.3326474708005123,
pair001,Bz,conf003,196.0,Re,-1.3073035893055955,-1.3073035893055955,
pair001,Bz,conf003,196.5,Re,-1.281116305133219,-1.281116305133219,
pair001,Bz,conf003,196.99999999999997,Re,-1.2542411214462357,-1.2542411214462357,
pair001,Bz,conf003,197.5,Re,-1.2270920565223666,-1.2270920565223666,
pair001,Bz,conf003,198.00000000000003,Re,-1.2261793820111164,-1.2261793820111164,
pair001,Bz,conf003,198.5,Re,-1.2243440135157102,-1.2243440135157102,
pair001,Bz,conf003,199.0,Re,-1.2215971122672862,-1.2215971122672862,
pair001,Bz,conf003,199.49999999999997,Re,-1.2179550694854304,-1.2179550694854304,
pair001,Bz,conf003,200.0,Re,-1.2134390550703416,-1.2134390550703416,
pair001,Bz,conf003,200.5,Re,-1.2080744607453942,-1.2080744607453942,
pair001,Bz,conf003,201.00000000000003,Re,-1.2018902703103447,-1.2018902703103447,
pair001,Bz,conf003,201.49999999999997,Re,-1.1949183908056678,-1.1949183908056678,
pair001,Bz,conf003,202.0,Re,-1.1871929765906226,-1.1871929765906226,
pair001,Bz,conf003,202.49999999999997,Re,-1.1787497742469462,-1.1787497742469462,
pair001,Bz,conf003,203.0,Re,-1.1696255106595506,-1.1696255106595506,
pair001,Bz,conf003,203.5,Re,-1.159857340431705,-1.159857340431705,
pair001,Bz,conf003,203.99999999999997,Re,-1.1494823626869868,-1.1494823626869868,
pair001,Bz,conf003,204.5,Re,-1.1385372118284285,-1.1385372118284285,
pair001,Bz,conf003,205.0,Re,-1.127057722291439,-1.127057722291439,
pair001,Bz,conf003,205.50000000000003,Re,-1.115078663875277,-1.115078663875277,
pair001,Bz,conf003,205.99999999999997,Re,-1.102633541852751,-1.102633541852751,
pair001,Bz,conf003,206.5,Re,-1.08975445462426,-1.08975445462426,
pair001,Bz,conf003,206.99999999999997,Re,-1.0764720010321651,-1.0764720010321651,
pair001,Bz,conf003,207.5,Re,-1.0628152293995377,-1.0628152293995377,
pair001,Bz,conf003,208.0,Re,-1.048811620727824,-1.048811620727824,
pair001,Bz,conf003,208.5,Re,-1.0344870991280835,-1.0344870991280835,
pair001,Bz,conf003,209.0,Re,-1.0198660633477852,-1.0198660633477852,
pair001,Bz,conf003,209.5,Re,-1.0049714340973777,-1.0049714340973777,
pair001,Bz,conf003,210.00000000000003,Re,-0.9898247127132154,-0.9898247127132154,
pair001,Bz,conf003,210.49999999999997,Re,-0.9744460474740464,-0.9744460474740464,
pair001,Bz,conf003,211.0,Re,-0.9588543045929735,-0.9588543045929735,
pair001,Bz,conf003,211.5,Re,-0.9430671415244718,-0.9430671415244718,
pair001,Bz,conf003,212.0,Re,-0.9271010807546962,-0.9271010807546962,
pair001,Bz,conf003,212.5,Re,-0.9109715826867102,-0.9109715826867102,
pair001,Bz,conf003,213.0,Re,-0.8946931165976351,-0.8946931165976351,
pair001,Bz,conf003,213.50000000000003,Re,-0.8782792289409368,-0.8782792289409368,
pair001,Bz,conf003,214.0,Re,-0.8617426085036038,-0.8617426085036038,
pair001,Bz,conf003,214.50000000000003,Re,-0.8450951481139226,-0.8450951481139226,
pair001,Bz,conf003,214.99999999999997,Re,-0.8283480027394677,-0.8283480027394677,
pair001,Bz,conf003,215.5,Re,-0.8115116439242634,-0.8115116439242634,
pair001,Bz,conf003,216.0,Re,-0.7945959105955622,-0.7945959105955622,
pair001,Bz,conf003,216.50000000000003,Re,-0.7776100563297617,-0.7776100563297617,
pair001,Bz,conf003,217.0,Re,-0.7605627932084167,-0.7605627932084167,
pair001,Bz,conf003,217.5,Re,-0.7434623324229792,-0.7434623324229792,
pair001,Bz,conf003,217.99999999999997,Re,-0.7263164218039098,-0.7263164218039098,
pair001,Bz,conf003,218.5,Re,-0.7091323804586852,-0.7091323804586852,
pair001,Bz,conf003,219.00000000000003,Re,-0.6919171307061653,-0.6919171307061653,
pair001,Bz,conf003,219.49999999999997,Re,-0.6746772274931234,-0.6746772274931234,
pair001,Bz,conf003,220.0,Re,-0.6574188854740077,-0.6574188854740077,
pair001,Bz,conf003,220.5,Re,-0.6401480039280771,-0.6401480039280771,
pair001,Bz,conf003,221.00000000000003,Re,-0.6228701896795363,-0.6228701896795363,
pair001,Bz,conf003,221.5,Re,-0.6055907781771293,-0.6055907781771293,
pair001,Bz,conf003,222.0,Re,-0.5883148528798443,-0.5883148528798443,
pair001,Bz,conf003,222.49999999999997,Re,-0.5710472630856083,-0.5710472630856083,
pair001,Bz,conf003,223.0,Re,-0.5537926403300593,-0.5537926403300593,
pair001,Bz,conf003,223.5,Re,-0.5365554134731445,-0.5365554134731445,
pair001,Bz,conf003,224.0,Re,-0.5193398225821111,-0.5193398225821111,
pair001,Bz,conf003,224.5,Re,-0.5021499317110019,-0.5021499317110019,
pair001,Bz,conf003,225.0,Re,-0.48498964066855743,-0.48498964066855743,
pair001,Bz,conf003,225.50000000000003,Re,-0.4678626958589731,-0.4678626958589731,
pair001,Bz,conf003,226.0,Re,-0.45077270027283856,-0.45077270027283856,
pair001,Bz,conf003,226.5,Re,-0.4337231226991012,-0.4337231226991012,
pair001,Bz,conf003,226.99999999999997,Re,-0.41671730622290193,-0.41671730622290193,
pair001,Bz,conf003,227.5,Re,-0.39975847606851356,-0.39975847606851356,
pair001,Bz,conf003,228.0,Re,-0.3828497468416081,-0.3828497468416081,
pair001,Bz,conf003,228.5,Re,-0.36599412922033014,-0.36599412922033014,
pair001,Bz,conf003,228.99999999999997,Re,-0.34919453614045803,-0.34919453614045803,
pair001,Bz,conf003,229.49999999999997,Re,-0.3324537885159311,-0.3324537885159311,
pair001,Bz,conf003,230.0,Re,-0.31577462053257377,-0.31577462053257377,
pair001,Bz,conf003,230.5,Re,-0.2991596845494626,-0.2991596845494626,
pair001,Bz,conf003,231.00000000000003,Re,-0.2826115556395179,-0.2826115556395179,
pair001,Bz,conf003,231.5,Re,-0.26613273579812424,-0.26613273579812424,
pair001,Bz,conf003,232.00000000000003,Re,-0.2497256578461493,-0.2497256578461493,
pair001,Bz,conf003,232.5,Re,-0.23339268905149213,-0.23339268905149213,
pair001,Bz,conf003,233.0,Re,-0.21712906173897384,-0.21712906173897384,
pair001,Bz,conf003,233.49999999999997,Re,-0.20086516790915487,-0.20086516790915487,
pair001,Bz,conf003,234.0,Re,-0.1845841734891034,-0.1845841734891034,
pair001,Bz,conf003,234.49999999999997,Re,-0.16828784385870033,-0.16828784385870033,
pair001,Bz,conf003,235.0,Re,-0.15197788474806506,-0.15197788474806506,
pair001,Bz,conf003,235.5,Re,-0.13565594509424894,-0.13565594509424894,
pair001,Bz,conf003,235.99999999999997,Re,-0.11932361974526051,-0.11932361974526051,
pair001,Bz,conf003,236.5,Re,-0.10298245201989031,-0.10298245201989031,
pair001,Bz,conf003,237.00000000000003,Re,-0.08663393613138126,-0.08663393613138126,
pair001,Bz,conf003,237.49999999999997,Re,-0.07027951948248257,-0.07027951948248257,
pair001,Bz,conf003,238.0,Re,-0.053920604839091,-0.053920604839091,
pair001,Bz,conf003,238.50000000000003,Re,-0.037558552389287625,-0.037558552389287625,
pair001,Bz,conf003,239.0,Re,-0.02119468169413463,-0.02119468169413463,
pair001,Bz,conf003,239.5,Re,-0.0048302735363177085,-0.0048302735363177085,
pair001,Bz,conf003,239.99999999999997,Re,0.011533428327648698,0.011533428327648698,
pair001,Bz,conf003,240.5,Re,0.026912858994263766,0.027895215506290816,
pair001,Bz,conf003,241.00000000000003,Re,0.03782333458094467,0.044253913397999334,
pair001,Bz,conf003,241.5,Re,0.048716578828515544,0.06060837969705468,
pair001,Bz,conf003,242.0,Re,0.05959208989561504,0.07695750297630233,
pair001,Bz,conf003,242.49999999999997,Re,0.07044937398680173,0.0933002013422346,
pair001,Bz,conf003,243.0,Re,0.081287945119221,0.10963542115847646,
pair001,Bz,conf003,243.49999999999997,Re,0.09210732489787765,0.1259621358338716,
pair001,Bz,conf003,244.0,Re,0.10290704229919778,0.14227934467163816,
pair001,Bz,conf003,244.5,Re,0.11368663346252572,0.15858607177620976,
pair001,Bz,conf003,244.99999999999997,Re,0.12444564148925563,0.17488136501461948,
pair001,Bz,conf003,245.5,Re,0.13518361624930209,0.19116429502946009,
pair001,Bz,conf003,246.00000000000003,Re,0.14590011419459015,0.2074339543005761,
pair001,Bz,conf003,246.50000000000003,Re,0.1565946981793236,0.22368945625289305,
pair001,Bz,conf003,247.0,Re,0.16726693728674147,0.23992993440786448,
pair001,Bz,conf003,247.50000000000003,Re,0.17791640666212283,0.2561545415762021,
pair001,Bz,conf003,248.0,Re,0.18854268735177526,0.272362449089667,
pair001,Bz,conf003,248.5,Re,0.19914536614780443,0.28855284606986453,
pair001,Bz,conf003,248.99999999999997,Re,0.20972403543840779,0.30472493873203654,
pair001,Bz,conf003,249.5,Re,0.2202782930635061,0.3208779497220571,
pair001,Bz,conf003,249.99999999999997,Re,0.23080774217547884,0.33701111748481316,
pair001,Bz,conf003,250.5,Re,0.2413119911048387,0.35312369566240487,
pair001,Bz,conf003,251.0,Re,0.2517906532306229,0.3692149525205337,
pair001,Bz,conf003,251.49999999999997,Re,0.262243346855344,0.3852841704016756,
pair001,Bz,conf003,252.0,Re,0.27266969508432104,0.4013306452036274,
pair001,Bz,conf003,252.49999999999997,Re,0.28306932570921006,0.4173536858821085,
pair001,Bz,conf003,253.0,Re,0.29344187109559905,0.43335261397622804,
pair001,Bz,conf003,253.5,Re,0.30378696807449157,0.44932676315561015,
pair001,Bz,conf003,254.00000000000003,Re,0.3141042578375439,0.4652754787881028,
pair001,Bz,conf003,254.5,Re,0.32439338583591293,0.48119811752703234,
pair001,Bz,conf003,255.00000000000003,Re,0.33465400168258275,0.49709404691702175,
pair001,Bz,conf003,255.49999999999997,Re,0.34488575905802565,0.5129626450174227,
pair001,Bz,conf003,256.0,Re,0.35508831561909626,0.528803300042535,
pair001,Bz,conf003,256.5,Re,0.3652613329110157,0.5446154100177261,
pair001,Bz,conf003,257.0,Re,0.3754044762823503,0.5603983824507195,
pair001,Bz,conf003,257.5,Re,0.38551741480286883,0.5761516340172868,
pair001,Bz,conf003,258.0,Re,0.3955998211841554,0.5918745902606213,
pair001,Bz,conf003,258.5,Re,0.40565137170291554,0.6075666853037875,
pair001,Bz,conf003,258.99999999999994,Re,0.4156717461268309,0.6232273615745496,
pair001,Bz,conf003,259.5,Re,0.4256606276429149,0.638856069542048,
pair001,Bz,conf003,260.0,Re,0.43561770278823597,0.6544522674647026,
pair001,Bz,conf003,260.5,Re,0.4455426613829616,0.6700154211488554,
pair001,Bz,conf003,261.0,Re,0.4554351964656156,0.6855450037176245,
pair001,Bz,conf003,261.5,Re,0.46529500423047154,0.7010404953894838,
pair001,Bz,conf003,262.00000000000006,Re,0.4751217839670183,0.7165013832661369,
pair001,Bz,conf003,262.5,Re,0.4849152380014099,0.7319271611292246,
pair001,Bz,conf003,263.0,Re,0.4946750716398427,0.7473173292454922,
pair001,Bz,conf003,263.5,Re,0.5044009931137741,0.7626713941799872,
pair001,Bz,conf003,264.0,Re,0.5140927135269415,0.7779888686169618,
pair001,Bz,conf003,264.5,Re,0.5237499468040909,0.7932692711880873,
pair001,Bz,conf003,265.0,Re,0.5333724096413868,0.8085121263076973,
pair001,Bz,conf003,265.5,Re,0.5429598214584066,0.8237169640146849,
pair001,Bz,conf003,266.0,Re,0.5525119043517093,0.8388833198208239,
pair001,Bz,conf003,266.49999999999994,Re,0.5620283830498771,0.8540107345651531,
pair001,Bz,conf003,267.0,Re,0.5715089848700228,0.8690987542742301,
pair001,Bz,conf003,267.5,Re,0.5809534396756761,0.8841469300279245,
pair001,Bz,conf003,267.99999999999994,Re,0.5903614798360233,0.8991548178305628,
pair001,Bz,conf003,268.5,Re,0.5997328401864574,0.9132590209885343,
pair001,Bz,conf003,269.0,Re,0.6090672579903675,0.9042841831714721,
pair001,Bz,conf003,269.50000000000006,Re,0.6183644729021547,0.8952957712770384,
pair001,Bz,conf003,270.0,Re,0.6276242269314187,0.8862943318533676,
pair001,Bz,conf003,270.5,Re,0.6368462644082797,0.8772804174892503,
pair001,Bz,conf003,271.0,Re,0.6460303319497906,0.8682545868947595,
pair001,Bz,conf003,271.5,Re,0.6551761784274153,0.8592174049829306,
pair001,Bz,conf003,272.0,Re,0.6642835549355224,0.850169442952492,
pair001,Bz,conf003,272.5,Re,0.6687141749912564,0.841111278371623,
pair001,Bz,conf003,273.0,Re,0.6596560211038038,0.8320434952627374,
pair001,Bz,conf003,273.5,Re,0.6505647489217468,0.8229666841882823,
pair001,Bz,conf003,274.0,Re,0.6414406429219246,0.8138814423375116,
pair001,Bz,conf003,274.5,Re,0.6322839904748505,0.8047883736142551,
pair001,Bz,conf003,275.0,Re,0.6230950818952021,0.7956880887256188,
pair001,Bz,conf003,275.49999999999994,Re,0.6138742104939279,0.786581205271635,
pair001,Bz,conf003,276.0,Re,0.6046216726319751,0.7774683478357971,
pair001,Bz,conf003,276.5,Re,0.5953377677757403,0.7683501480764929,
pair001,Bz,conf003,277.0,Re,0.5860227985542623,0.759227244819263,
pair001,Bz,conf003,277.50000000000006,Re,0.5766770708182463,0.7501002841498867,
pair001,Bz,conf003,278.0,Re,0.5673008937009596,0.7409699195082335,
pair001,Bz,conf003,278.50000000000006,Re,0.5578945796810786,0.7318368117828522,
pair001,Bz,conf003,279.0,Re,0.5484584446475511,0.7227016294062583,
pair001,Bz,conf003,279.5,Re,0.5389928079665338,0.7135650484508578,
pair001,Bz,conf003,280.0,Re,0.5294979925504928,0.704427752725471,
pair001,Bz,conf003,280.5,Re,0.5199743249295239,0.6952904338723929,
pair001,Bz,conf003,281.0,Re,0.510422135324992,0.68615379146494,
pair001,Bz,conf003,281.5,Re,0.5008417577255442,0.6770185331054066,
pair001,Bz,conf003,281.99999999999994,Re,0.49123352996560743,0.6678853745233846,
pair001,Bz,conf003,282.5,Re,0.4815977938064335,0.6587550396743473,
pair001,Bz,conf003,283.0,Re,0.471934895019799,0.6496282608384518,
pair001,Bz,conf003,283.5,Re,0.46224518347444365,0.6405057787194466,
pair001,Bz,conf003,284.0,Re,0.45252901322534167,0.6313883425436153,
pair001,Bz,conf003,284.5,Re,0.442786742605924,0.6222767101586679,
pair001,Bz,conf003,285.00000000000006,Re,0.43301873432333315,0.6131716481324585,
pair001,Bz,conf003,285.5,Re,0.4232253555568346,0.6040739318514496,
pair001,Bz,conf003,286.0,Re,0.4134069780594871,0.5949843456187904,
pair001,Bz,conf003,286.5,Re,0.40356397826320434,0.5859036827519091,
pair001,Bz,conf003,287.0,Re,0.39369673738730304,0.5768327456794788,
pair001,Bz,conf003,287.5,Re,0.3838056415506994,0.5677723460376412,
pair001,Bz,conf003,288.0,Re,0.3738910818878405,0.5587233047653248,
pair001,Bz,conf003,288.5,Re,0.3639534546685519,0.549686452198545,
pair001,Bz,conf003,289.0,Re,0.35399316142190673,0.5406626281634959,
pair001,Bz,conf003,289.5,Re,0.3440106090642787,0.531652682068293,
pair001,Bz,conf003,290.0,Re,0.33400621003173314,0.5226574729931917,
pair001,Bz,conf003,290.5,Re,0.32398038241690075,0.5136778697790916,
pair001,Bz,conf003,290.99999999999994,Re,0.3139335501105167,0.5047147511141519,
pair001,Bz,conf003,291.5,Re,0.30386614294776715,0.4957690056183026,
pair001,Bz,conf003,292.0,Re,0.29377859685965535,0.48684153192546087,
pair001,Bz,conf003,292.5,Re,0.28367135402953414,0.4779332387632189,
pair001,Bz,conf003,293.0,Re,0.2735448630550241,0.46904504502978717,
pair001,Bz,conf003,293.5,Re,0.2633995791154873,0.46017787986793945,
pair001,Bz,conf003,294.00000000000006,Re,0.2532359641452939,0.45133268273573246,
pair001,Bz,conf003,294.5,Re,0.2430544870130611,0.44251040347371684,
pair001,Bz,conf003,295.0,Re,0.23285562370709845,0.43371200236837804,
pair001,Bz,conf003,295.5,Re,0.2226398575273021,0.4249384502115341,
pair001,Bz,conf003,296.0,Re,0.21240767928370285,0.4161907283553703,
pair001,Bz,conf003,296.5,Re,0.2021595875019473,0.40746982876283755,
pair001,Bz,conf003,297.0,Re,0.191896088635938,0.39877675405306,
pair001,Bz,conf003,297.49999999999994,Re,0.1816176972879231,0.39011251754145904,
pair001,Bz,conf003,298.0,Re,0.17132493643628188,0.3814781432742149,
pair001,Bz,conf003,298.49999999999994,Re,0.16101833767132012,0.37287466605674413,
pair001,Bz,conf003,299.0,Re,0.15069844143933397,0.3643031314757932,
pair001,Bz,conf003,299.5,Re,0.14036579729528653,0.3557645959148015,
pair001,Bz,conf003,300.0,Re,0.13002096416437503,0.3472601265621098,
pair001,Bz,conf003,300.50000000000006,Re,0.11966451061284178,0.3387908014116363,
pair001,Bz,conf003,301.0,Re,0.10929701512835233,0.3303577092555805,
pair001,Bz,conf003,301.5,Re,0.09891906641029213,0.32196194966874114,
pair001,Bz,conf003,302.0,Re,0.08853126367035724,0.313604632984003,
pair001,Bz,conf003,302.5,Re,0.07813421694378131,0.30528688025853223,
pair001,Bz,conf003,303.0,Re,0.06772854741162515,0.2970098232302254,
pair001,Bz,conf003,303.5,Re,0.05731488773448623,0.28877460426392365,
pair001,Bz,conf003,303.99999999999994,Re,0.046893882398078235,0.2805823762869244,
pair001,Bz,conf003,304.5,Re,0.036466188071065275,0.27243430271326585,
pair001,Bz,conf003,305.0,Re,0.02603247397562858,0.26433155735630587,
pair001,Bz,conf003,305.5,Re,0.01559342227117999,0.25627532432905853,
pair001,Bz,conf003,306.0,Re,0.005149728451703917,0.24826679793176787,
pair001,Bz,conf003,306.49999999999994,Re,-0.005297898242787591,0.24030718252620287,
pair001,Bz,conf003,307.0,Re,-0.015748734400227837,0.23239769239610175,
pair001,Bz,conf003,307.5,Re,-0.026202041995355918,0.22453955159326,
pair001,Bz,conf003,308.0,Re,-0.03665706793298118,0.21673399376868185,
pair001,Bz,conf003,308.5,Re,-0.047113043575105706,0.20898226198825998,
pair001,Bz,conf003,309.0,Re,-0.05756918425137614,0.20128560853242283,
pair001,Bz,conf003,309.50000000000006,Re,-0.06802468875230394,0.19364529467919778,
pair001,Bz,conf003,310.0,Re,-0.07847873880470146,0.18606259047013873,
pair001,Bz,conf003,310.5,Re,-0.08893049852876511,0.1785387744585516,
pair001,Bz,conf003,311.0,Re,-0.09937911387620701,0.17107513343950154,
pair001,Bz,conf003,311.5,Re,-0.10982371204887609,0.16367296216102822,
pair001,Bz,conf003,312.0,Re,-0.12026340089724163,0.15633356301606782,
pair001,Bz,conf003,312.5,Re,-0.13069726829817419,0.14905824571453374,
pair001,Bz,conf003,312.99999999999994,Re,-0.1411243815113874,0.14184832693507876,
pair001,Bz,conf003,313.5,Re,-0.15154378651396683,0.13470512995601736,
pair001,Bz,conf003,313.99999999999994,Re,-0.16195450731235894,0.12762998426496064,
pair001,Bz,conf003,314.5,Re,-0.1723555452312504,0.12062422514668847,
pair001,Bz,conf003,315.0,Re,-0.1827458781787119,0.11368919324885307,
pair001,Bz,conf003,315.5,Re,-0.1931244598870625,0.10682623412509229,
pair001,Bz,conf003,316.0,Re,-0.20349021912886323,0.10003669775519164,
pair001,Bz,conf003,316.5,Re,-0.2138420589075134,0.09332193804194966,
pair001,Bz,conf003,317.0,Re,-0.22417885562190665,0.08668331228445414,
pair001,Bz,conf003,317.5,Re,-0.2344994582046791,0.08012218062748899,
pair001,Bz,conf003,318.0,Re,-0.244802687233582,0.07363990548686195,
pair001,Bz,conf003,318.5,Re,-0.2550873340155584,0.06723785095048274,
pair001,Bz,conf003,319.0,Re,-0.26535215964318626,0.060917382155051714,
pair001,Bz,conf003,319.5,Re,-0.275595894023158,0.05467986463830776,
pair001,Bz,conf003,320.0,Re,-0.2858172348765926,0.048526663666799585,
pair001,Bz,conf003,320.5,Re,-0.2960148467110022,0.042459143539250066,
pair001,Bz,conf003,321.0,Re,-0.3061873597638689,0.0364786668656063,
pair001,Bz,conf003,321.5,Re,-0.31633336891787156,0.03058659382195894,
pair001,Bz,conf003,321.99999999999994,Re,-0.3264514325879111,0.0247842813815895,
pair001,Bz,conf003,322.5,Re,-0.3365400715802547,0.01907308252245099,
pair001,Bz,conf003,323.0,Re,-0.3465977679242118,0.013454345411500812,
pair001,Bz,conf003,323.50000000000006,Re,-0.35662296367698665,0.007929412566352267,
pair001,Bz,conf003,324.0,Re,-0.36661405970248895,0.002499619994824176,
pair001,Bz,conf003,324.5,Re,-0.3765694144251357,-0.01167656266988737,
pair001,Bz,conf003,325.0,Re,-0.38648734255986517,-0.027789133165283753,
pair001,Bz,conf003,325.5,Re,-0.3963661138199088,-0.043892554102180625,
pair001,Bz,conf003,326.0,Re,-0.4062039516040825,-0.05998531156725284,
pair001,Bz,conf003,326.50000000000006,Re,-0.4159990316657365,-0.07606584480969203,
pair001,Bz,conf003,327.0,Re,-0.4257494807658051,-0.09213254410423999,
pair001,Bz,conf003,327.5,Re,-0.4354533753128287,-0.10818374850512003,
pair001,Bz,conf003,327.99999999999994,Re,-0.4451087399931837,-0.12421774348518944,
pair001,Bz,conf003,328.5,Re,-0.4547135463952636,-0.14023275845449779,
pair001,Bz,conf003,329.0,Re,-0.4642657116318203,-0.15622696415211856,
pair001,Bz,conf003,329.49999999999994,Re,-0.47376309696524577,-0.1721984699049688,
pair001,Bz,conf003,330.0,Re,-0.48320350644111865,-0.18814532074698542,
pair001,Bz,conf003,330.5,Re,-0.4925846855360081,-0.20406549439191446,
pair001,Bz,conf003,331.0,Re,-0.5019043198262028,-0.21995689805269825,
pair001,Bz,conf003,331.5,Re,-0.5111600336847397,-0.2358536450964024,
pair001,Bz,conf003,332.0,Re,-0.5203493890149224,-0.25180919973992855,
pair001,Bz,conf003,332.50000000000006,Re,-0.5294698840293084,-0.2678213175146229,
pair001,Bz,conf003,333.0,Re,-0.5385189520840676,-0.2838870359558754,
pair001,Bz,conf003,333.49999999999994,Re,-0.5474939605795197,-0.3000033012067531,
pair001,Bz,conf003,334.00000000000006,Re,-0.5563922099386335,-0.3161669630683779,
pair001,Bz,conf003,334.5,Re,-0.565210932676305,-0.3323747697056729,
pair001,Bz,conf003,335.0,Re,-0.5739472925733051,-0.34862336198336297,
pair001,Bz,conf003,335.49999999999994,Re,-0.5825983839698482,-0.364909267405211,
pair001,Bz,conf003,336.0,Re,-0.5911612311948929,-0.38122889362770906,
pair001,Bz,conf003,336.5,Re,-0.5996327881484143,-0.3975785215173806,
pair001,Bz,conf003,336.99999999999994,Re,-0.6080099380550574,-0.4139542977188888,
pair001,Bz,conf003,337.5,Re,-0.6162894934086953,-0.43035222669890105,
pair001,Bz,conf003,338.0,Re,-0.6244681961285625,-0.4467681622285691,
pair001,Bz,conf003,338.5,Re,-0.6325427179487534,-0.46319779826526997,
pair001,Bz,conf003,339.0,Re,-0.6405096610638158,-0.4796366591919292,
pair001,Bz,conf003,339.5,Re,-0.6483655590542265,-0.49608008937019,
pair001,Bz,conf003,340.0,Re,-0.6561068781162634,-0.5125232419614607,
pair001,Bz,conf003,340.5,Re,-0.663730018621564,-0.5289610669679985,
pair001,Bz,conf003,340.99999999999994,Re,-0.6712313170321297,-0.5453882984443825,
pair001,Bz,conf003,341.50000000000006,Re,-0.6786070481968592,-0.5617994408283207,
pair001,Bz,conf003,342.0,Re,-0.685853428055754,-0.5781887543387452,
pair001,Bz,conf003,342.49999999999994,Re,-0.6929666167777296,-0.5945502393888222,
pair001,Bz,conf003,343.00000000000006,Re,-0.6999427223573546,-0.6163637184241384,
pair001,Bz,conf003,343.5,Re,-0.7067778046949491,-0.6446764178924802,
pair001,Bz,conf003,344.0,Re,-0.7134678801831004,-0.6730495234285223,
pair001,Bz,conf003,344.49999999999994,Re,-0.7200089268207952,-0.7014798499610683,
pair001,Bz,conf003,345.0,Re,-0.7299640650811889,-0.7299640650811889,
pair001,Bz,conf003,345.5,Re,-0.7584986674044885,-0.7584986674044885,
pair001,Bz,conf003,346.0,Re,-0.7870799607966761,-0.7870799607966761,
pair001,Bz,conf003,346.5,Re,-0.8157040235224173,-0.8157040235224173,
pair001,Bz,conf003,347.0,Re,-0.8443666711272194,-0.8443666711272194,
pair001,Bz,conf003,347.5,Re,-0.8730634115342752,-0.8730634115342752,
pair001,Bz,conf003,348.0,Re,-0.9017893904065986,-0.9017893904065986,
pair001,Bz,conf003,348.50000000000006,Re,-0.9305393242509691,-0.9305393242509691,
pair001,Bz,conf003,349.0,Re,-0.9593074179712046,-0.9593074179712046,
pair001,Bz,conf003,349.5,Re,-0.9880872625383664,-0.9880872625383664,
pair001,Bz,conf003,349.99999999999994,Re,-1.0168717070249547,-1.0168717070249547,
pair001,Bz,conf003,350.50000000000006,Re,-1.0456526972910622,-1.0456526972910622,
pair001,Bz,conf003,351.0,Re,-1.0744210708784414,-1.0744210708784414,
pair001,Bz,conf003,351.49999999999994,Re,-1.1031662938164795,-1.1031662938164795,
pair001,Bz,conf003,352.0,Re,-1.1318761195474485,-1.1318761195474485,
pair001,Bz,conf003,352.5,Re,-1.1605361422381235,-1.1605361422381235,
pair001,Bz,conf003,353.0,Re,-1.1891292051241313,-1.1891292051241313,
pair001,Bz,conf003,353.5,Re,-1.2176346072978894,-1.2176346072978894,
pair001,Bz,conf003,354.0,Re,-1.2460270264358206,-1.2460270264358206,
pair001,Bz,conf003,354.5,Re,-1.2742750354592387,-1.2742750354592387,
pair001,Bz,conf003,355.0,Re,-1.3023390301166657,-1.3023390301166657,
pair001,Bz,conf003,355.5,Re,-1.3301682891442663,-1.3301682891442663,
pair001,Bz,conf003,356.00000000000006,Re,-1.357696738384923,-1.357696738384923,
pair001,Bz,conf003,356.5,Re,-1.3848367526814884,-1.3848367526814884,
pair001,Bz,conf003,357.0,Re,-1.4114699570942932,-1.4114699570942932,
pair001,Bz,conf003,357.50000000000006,Re,-1.437433424622275,-1.437433424622275,
pair001,Bz,conf003,358.0,Re,-1.4624988863701829,-1.4624988863701829,
pair001,Bz,conf003,358.5,Re,-1.486341754627829,-1.486341754627829,
pair001,Bz,conf003,358.99999999999994,Re,-1.5084968734309123,-1.5084968734309123,
pair001,Bz,conf003,359.50000000000006,Re,-1.5283022386557341,-1.5283022386557341,
pair001,SB,conf005,0.0,Si,-1.5588502770568624,-1.5588502770568624,5.7099052645891195
pair001,SB,conf005,0.5,Si,-1.5681092395556109,-1.5681092395556109,5.7096136614532735
pair001,SB,conf005,1.0,Si,-1.5709398666555767,-1.5709398666555767,5.709218293626925
pair001,SB,conf005,1.5,Si,-1.5669305100376865,-1.5669305100376865,5.708719175460246
pair001,SB,conf005,2.0,Si,-1.5566550004279154,-1.5566550004279154,5.708116325071066
pair001,SB,conf005,2.5,Si,-1.5413285972998905,-1.5413285972998905,5.707409764345602
pair001,SB,conf005,3.0,Si,-1.5222567706624526,-1.5222567706624526,5.706599518939326
pair001,SB,conf005,3.5,Si,-1.5005154162160088,-1.5005154162160088,5.705685618277972
pair001,SB,conf005,4.0,Si,-1.4768887595359768,-1.4768887595359768,5.704668095558702
pair001,SB,conf005,4.5,Si,-1.4519205538407356,-1.4519205538407356,5.703546987751434
pair001,SB,conf005,5.0,Si,-1.4259833390179828,-1.4259833390179828,5.7023223356002894
pair001,SB,conf005,5.5,Si,-1.3993341499979164,-1.3993341499979164,5.700994183625225
pair001,SB,conf005,6.0,Si,-1.3721531606051436,-1.3721531606051436,5.699562580123789
pair001,SB,conf005,6.5,Si,-1.3445691476953572,-1.3445691476953572,5.698027577173052
pair001,SB,conf005,7.0,Si,-1.3166760547740215,-1.3166760547740215,5.69638923063167
pair001,SB,conf005,7.499999999999999,Si,-1.2885438133531535,-1.2885438133531535,5.694647600142114
pair001,SB,conf005,8.0,Si,-1.2602255008469738,-1.2602255008469738,5.692802749133042
pair001,SB,conf005,8.5,Si,-1.2317621510364967,-1.2317621510364967,5.690854744821838
pair001,SB,conf005,9.0,Si,-1.2031860427245873,-1.2031860427245873,5.6888036582172905
pair001,SB,conf005,9.499999999999998,Si,-1.1745229869279254,-1.1745229869279254,5.686649564122444
pair001,SB,conf005,10.0,Si,-1.1457939442317602,-1.1457939442317602,5.6843925411375835
pair001,SB,conf005,10.5,Si,-1.1170161866873287,-1.1170161866873287,5.682032671663393
pair001,SB,conf005,11.0,Si,-1.0882041450010682,-1.0882041450010682,5.679570041904272
pair001,SB,conf005,11.499999999999998,Si,-1.059370034891621,-1.059370034891621,5.6770047418718015
pair001,SB,conf005,12.0,Si,-1.043634375719237,-1.043634375719237,5.674336865388366
pair001,SB,conf005,12.5,Si,-1.0342997201474264,-1.0342997201474264,5.671566510090953
pair001,SB,conf005,13.0,Si,-1.0244683374543986,-1.0244683374543986,5.668693777435092
pair001,SB,conf005,13.5,Si,-1.0141644790433597,-1.0141644790433597,5.6657187726989715
pair001,SB,conf005,14.0,Si,-1.0034121380430574,-1.0034121380430574,5.6626416049877175
pair001,SB,conf005,14.500000000000002,Si,-0.9922349110579164,-0.9922349110579164,5.6594623872378165
pair001,SB,conf005,14.999999999999998,Si,-0.9806558835497231,-0.9806558835497231,5.656181236221739
pair001,SB,conf005,15.5,Si,-0.9686975373563652,-0.9686975373563652,5.652798272552692
pair001,SB,conf005,16.0,Si,-0.9563816785041811,-0.9563816785041811,5.649313620689565
pair001,SB,conf005,16.5,Si,-0.9437293832666742,-0.9437293832666742,5.645727408942035
pair001,SB,conf005,17.0,Si,-0.9307609603382087,-0.9307609603382087,5.642039769475838
pair001,SB,conf005,17.5,Si,-0.9174959270011006,-0.9174959270011006,5.638250838318221
pair001,SB,conf005,18.0,Si,-0.9039529972443389,-0.9039529972443389,5.634360755363559
pair001,SB,conf005,18.5,Si,-0.8901500799207575,-0.8901500799207575,5.630369664379147
pair001,SB,conf005,18.999999999999996,Si,-0.8761042851890347,-0.8761042851890347,5.626277713011165
pair001,SB,conf005,19.5,Si,-0.8618319376630257,-0.8618319376630257,5.622085052790833
pair001,SB,conf005,20.0,Si,-0.8473485948725054,-0.8473485948725054,5.617791839140732
pair001,SB,conf005,20.499999999999996,Si,-0.8326690698182038,-0.8326690698182038,5.613398231381298
pair001,SB,conf005,21.0,Si,-0.8178074565743492,-0.8178074565743492,5.608904392737514
pair001,SB,conf005,21.5,Si,-0.8027771580500356,-0.8027771580500356,5.604310490345785
pair001,SB,conf005,22.0,Si,-0.7875909151644943,-0.7875909151644943,5.599616695260972
pair001,SB,conf005,22.5,Si,-0.7722608368198878,-0.7722608368198878,5.594823182463648
pair001,SB,conf005,22.999999999999996,Si,-0.7567984301684099,-0.7567984301684099,5.589930130867517
pair001,SB,conf005,23.5,Si,-0.7412146307689218,-0.7412146307689218,5.5849377233270285
pair001,SB,conf005,24.0,Si,-0.7255198323129597,-0.7255198323129597,5.579846146645192
pair001,SB,conf005,24.5,Si,-0.7097239156719022,-0.7097239156719022,5.574655591581573
pair001,SB,conf005,25.0,Si,-0.6938362770776751,-0.6938362770776751,5.569366252860499
pair001,SB,conf005,25.499999999999996,Si,-0.6778658552998913,-0.6778658552998913,5.563978329179443
pair001,SB,conf005,26.0,Si,-0.661821157724023,-0.661821157724023,5.558492023217623
pair001,SB,conf005,26.5,Si,-0.6457102852693202,-0.6457102852693202,5.552907541644794
pair001,SB,conf005,27.0,Si,-0.6295409561127341,-0.6295409561127341,5.547225095130257
pair001,SB,conf005,27.5,Si,-0.613320528207163,-0.613320528207163,5.541444898352051
pair001,SB,conf005,28.0,Si,-0.5970560205996851,-0.5970560205996851,5.53556717000637
pair001,SB,conf005,28.5,Si,-0.580754133568921,-0.580754133568921,5.529592132817186
pair001,SB,conf005,29.000000000000004,Si,-0.5644212676109,-0.5644212676109,5.523520013546078
pair001,SB,conf005,29.499999999999996,Si,-0.548063541310366,-0.548063541310366,5.517351043002286
pair001,SB,conf005,29.999999999999996,Si,-0.531686808139862,-0.531686808139862,5.511085456052973
pair001,SB,conf005,30.5,Si,-0.51529667223256,-0.51529667223256,5.504723491633705
pair001,SB,conf005,31.0,Si,-0.4988985031770119,-0.4988985031770119,5.498265392759164
pair001,SB,conf005,31.5,Si,-0.48249744988309007,-0.48249744988309007,5.491711406534073
pair001,SB,conf005,32.0,Si,-0.4660984535685917,-0.4660984535685917,5.485061784164346
pair001,SB,conf005,32.5,Si,-0.44970625991549373,-0.44970625991549373,5.478316780968479
pair001,SB,conf005,33.0,Si,-0.433325430443839,-0.433325430443839,5.471476656389163
pair001,SB,conf005,33.49999999999999,Si,-0.4169603531498558,-0.4169603531498558,5.464541674005131
pair001,SB,conf005,34.0,Si,-0.4065670894796529,-0.4006152524532176,5.457512101543246
pair001,SB,conf005,34.5,Si,-0.39671977712022377,-0.38429419849650737,5.4503882108908215
pair001,SB,conf005,35.0,Si,-0.38683159872331285,-0.3680011158379437,5.443170278108196
pair001,SB,conf005,35.5,Si,-0.3769043311602427,-0.3517397915763796,5.435858583441535
pair001,SB,conf005,36.0,Si,-0.366939704902403,-0.33551388294550555,5.428453411335893
pair001,SB,conf005,36.5,Si,-0.356939405340555,-0.3193269244121071,5.420955050448525
pair001,SB,conf005,37.0,Si,-0.34690507408328575,-0.30318233431120434,5.413363793662443
pair001,SB,conf005,37.5,Si,-0.3368383102328225,-0.28708342104890194,5.4056799381002385
pair001,SB,conf005,37.99999999999999,Si,-0.3267406716367227,-0.2710333889018861,5.397903785138155
pair001,SB,conf005,38.5,Si,-0.3166136761141982,-0.2550353434406363,5.390035640420429
pair001,SB,conf005,39.0,Si,-0.3064588026560884,-0.2390922966017024,5.38207581387389
pair001,SB,conf005,39.5,Si,-0.29627749259768366,-0.22320717143269975,5.374024619722835
pair001,SB,conf005,40.0,Si,-0.2860711507638085,-0.20734347555019061,5.365882376504171
pair001,SB,conf005,40.5,Si,-0.27584114658572756,-0.19145024935982624,5.357649407082826
pair001,SB,conf005,40.99999999999999,Si,-0.2655888151896051,-0.1755293176461976,5.349326038667446
pair001,SB,conf005,41.5,Si,-0.25531545845635617,-0.15958273308018422,5.340912602826366
pair001,SB,conf005,42.0,Si,-0.24502234605287754,-0.14361247988174264,5.332409435503875
pair001,SB,conf005,42.5,Si,-0.23471071643471553,-0.12762047688917955,5.323816877036744
pair001,SB,conf005,43.0,Si,-0.22438177782035296,-0.11160858048098987,5.315135272171078
pair001,SB,conf005,43.5,Si,-0.2140367091373463,-0.09557858735697566,5.30636497007943
pair001,SB,conf005,44.0,Si,-0.20367666094063352,-0.07953223718518343,5.297506324378233
pair001,SB,conf005,44.50000000000001,Si,-0.193302756303386,-0.063471215120952,5.288559693145519
pair001,SB,conf005,45.0,Si,-0.18291609168081835,-0.04739715420415824,5.279525438938952
pair001,SB,conf005,45.5,Si,-0.17251773774743095,-0.03131163764050737,5.270403928814153
pair001,SB,conf005,45.99999999999999,Si,-0.16210874020818244,-0.015216200972486327,5.261195534343358
pair001,SB,conf005,46.49999999999999,Si,-0.1516901205841219,0.0008876658546324023,5.251900631634365
pair001,SB,conf005,47.0,Si,-0.1412628769730353,0.016998516526582685,5.2425196013498105
pair001,SB,conf005,47.5,Si,-0.13082798478567947,0.033114946488758124,5.233052828726779
pair001,SB,conf005,48.0,Si,-0.1203863974581918,0.0492355911650213,5.223500703596704
pair001,SB,conf005,48.5,Si,-0.10993904714126979,0.06535912426217139,5.213863620405629
pair001,SB,conf005,49.0,Si,-0.09948684536673036,0.08148425615579247,5.204141978234789
pair001,SB,conf005,49.50000000000001,Si,-0.08903068369205314,0.09760973235340042,5.1943361808215105
pair001,SB,conf005,50.0,Si,-0.07857143432351732,0.11373433203100825,5.184446636580484
pair001,SB,conf005,50.5,Si,-0.06810995071854209,0.12985686663941443,5.174473758625341
pair001,SB,conf005,50.99999999999999,Si,-0.057647068167832716,0.14597617857670886,5.1644179647906086
pair001,SB,conf005,51.49999999999999,Si,-0.04718360435793567,0.1620911399236551,5.154279677653994
pair001,SB,conf005,52.0,Si,-0.03672035991478917,0.17820065123878903,5.14405932455902
pair001,SB,conf005,52.50000000000001,Si,-0.026258118928861984,0.19430364041021742,5.133757337638039
pair001,SB,conf005,53.0,Si,-0.015797649462445662,0.21039906156127075,5.123374153835583
pair001,SB,conf005,53.5,Si,-0.00533970403967543,0.22648589400729935,5.112910214932086
pair001,SB,conf005,54.0,Si,0.005114979880174619,0.24256314126104028,5.1023659675679784
pair001,SB,conf005,54.49999999999999,Si,0.01556567944556897,0.2586298300841243,5.091741863268149
pair001,SB,conf005,55.0,Si,0.026011685971247367,0.27468500958241315,5.081038358466772
pair001,SB,conf005,55.5,Si,0.03645230451188075,0.2907277503429697,5.070255914532536
pair001,SB,conf005,56.0,Si,0.046886853450362365,0.3067571436105945,5.059394997794225
pair001,SB,conf005,56.5,Si,0.057314664100225565,0.32277230050195516,5.048456079566707
pair001,SB,conf005,57.0,Si,0.06773508032172293,0.33877235125544103,5.0374396361773
pair001,SB,conf005,57.5,Si,0.07814745815108903,0.35475644451498245,5.026346148992536
pair001,SB,conf005,58.00000000000001,Si,0.08855116544254393,0.37072374664615526,5.01517610444531
pair001,SB,conf005,58.5,Si,0.09894558152259392,0.38667344108297175,5.0039299940624495
pair001,SB,conf005,58.99999999999999,Si,0.10933009685620498,0.4026047277038798,4.992608314492662
pair001,SB,conf005,59.5,Si,0.11970411272443471,0.41851682223550823,4.981211567534899
pair001,SB,conf005,59.99999999999999,Si,0.13006704091312504,0.4344089556828352,4.969740260167134
pair001,SB,conf005,60.5,Si,0.14041830341226502,0.45028037378447894,4.958194904575542
pair001,SB,conf005,61.0,Si,0.15075733212565656,0.46613033649190583,4.946576018184105
pair001,SB,conf005,61.50000000000001,Si,0.1610835685905072,0.48195811747139516,4.934884123684622
pair001,SB,conf005,62.0,Si,0.17139646370661432,0.4977630036276752,4.923119749067158
pair001,SB,conf005,62.49999999999999,Si,0.1816954774747921,0.5135442946481892,4.911283427650906
pair001,SB,conf005,63.0,Si,0.19198007874421497,0.5293013025670048,4.899375698115469
pair001,SB,conf005,63.50000000000001,Si,0.202249744968366,0.545033351347447,4.887397104532592
pair001,SB,conf005,64.0,Si,0.21250396196928056,0.560739776482553,4.875348196398315
pair001,SB,conf005,64.5,Si,0.22274222370979335,0.5764199246125281,4.863229528665558
pair001,SB,conf005,65.0,Si,0.23296403207349847,0.5920731531583863,4.851041661777147
pair001,SB,conf005,65.50000000000001,Si,0.24316889665215946,0.6076988299710357,4.838785161699281
pair001,SB,conf005,66.0,Si,0.2533563345402903,0.6232963329950827,4.82646059995545
pair001,SB,conf005,66.5,Si,0.2635258701366656,0.6388650499466764,4.814068553660777
pair001,SB,conf005,66.99999999999999,Si,0.27367703495250284,0.6544043780047442,4.801609605556822
pair001,SB,conf005,67.5,Si,0.2838093674260862,0.6699137235150061,4.789084344046831
pair001,SB,conf005,68.0,Si,0.29392241274360265,0.6853925017061824,4.776493363231435
pair001,SB,conf005,68.5,Si,0.3040157226659612,0.7008401364178385,4.763837262944792
pair001,SB,conf005,69.0,Si,0.3140888553614001,0.7162560598393479,4.751116648791196
pair001,SB,conf005,69.5,Si,0.32414137524365616,0.73163971225946,4.738332132182132
pair001,SB,conf005,70.0,Si,0.334172852815517,0.7469905418260028,4.72548433037378
pair001,SB,conf005,70.49999999999999,Si,0.34418286451755264,0.7623080043152741,4.712573866504984
pair001,SB,conf005,71.0,Si,0.35417099258185325,0.7775915629106758,4.699601369635674
pair001,SB,conf005,71.5,Si,0.36413682489059007,0.7928406879901961,4.6865674747857415
pair001,SB,conf005,72.0,Si,0.3740799548392302,0.8080548569223385,4.673472822974372
pair001,SB,conf005,72.5,Si,0.38399998120424783,0.8232335538701376,4.6603180612598365
pair001,SB,conf005,73.0,Si,0.39389650801516574,0.8383762696028991,4.647103842779735
pair001,SB,conf005,73.50000000000001,Si,0.4037691444307736,0.85348250131533,4.633830826791696
pair001,SB,conf005,74.0,Si,0.4136175046193944,0.8685517524537458,4.620499678714532
pair001,SB,conf005,74.5,Si,0.42344120764303317,0.8835835325490453,4.607111070169836
pair001,SB,conf005,75.0,Si,0.4332398773452917,0.8985773570561564,4.593665679024047
pair001,SB,conf005,75.5,Si,0.44301314224290533,0.8921514990833963,4.580164189430953
pair001,SB,conf005,75.99999999999999,Si,0.4527606354207878,0.8813847348984514,4.566607291874634
pair001,SB,conf005,76.5,Si,0.4624819944304528,0.870597669029679,4.552995683212863
pair001,SB,conf005,77.0,Si,0.472176861191697,0.8597908714964768,4.539330066720936
pair001,SB,conf005,77.5,Si,0.48184488189744124,0.8489649195504472,4.525611152135943
pair001,SB,conf005,78.0,Si,0.49148570692160676,0.8381203978102361,4.511839655701472
pair001,SB,conf005,78.49999999999999,Si,0.5010989907299337,0.8272578983994914,4.49801630021274
pair001,SB,conf005,79.0,Si,0.5106843917936337,0.816378021087995,4.484141815062143
pair001,SB,conf005,79.5,Si,0.5202415725057901,0.8054813734360453,4.47021693628524
pair001,SB,conf005,80.0,Si,0.529770199100392,0.7945685709421306,4.456242406607123
pair001,SB,conf005,80.49999999999999,Si,0.5392699415739399,0.7836402371939701,4.442218975489212
pair001,SB,conf005,81.0,Si,0.5487404736095101,0.772697004022971,4.428147399176453
pair001,SB,conf005,81.5,Si,0.5581814725032135,0.7617395116621692,4.414028440744884
pair001,SB,conf005,81.99999999999999,Si,0.5675926190929539,0.7507684089077038,4.399862870149608
pair001,SB,conf005,82.5,Si,0.5769735976894188,0.739784353283895,4.385651464273126
pair001,SB,conf005,83.0,Si,0.586324096009222,0.7287880112119718,4.371395006974035
pair001,SB,conf005,83.50000000000001,Si,0.5956438051101285,0.7177800581825149,4.357094289136096
pair001,SB,conf005,84.0,Si,0.6049324193282899,0.7067611789316623,4.342750108717631
pair001,SB,conf005,84.5,Si,0.6141896362174262,0.69573206762114,4.328363270801244
pair001,SB,conf005,85.0,Si,0.6234151564898875,0.6846934280221608,4.3139345876438995
pair001,SB,conf005,85.5,Si,0.6326086839595291,0.6736459737032534,4.299464878727264
pair001,SB,conf005,86.0,Si,0.6417699254863531,0.6625904282220574,4.284954970808371
pair001,SB,conf005,86.5,Si,0.6508985909228431,0.6515275253211403,4.2704056979705545
pair001,SB,conf005,87.0,Si,0.6404580091278758,0.6404580091278758,4.2558179016746465
pair001,SB,conf005,87.49999999999999,Si,0.6293826343584221,0.6293826343584221,4.241192430810424
pair001,SB,conf005,88.0,Si,0.6183021665258404,0.6183021665258404,4.226530141748276
pair001,SB,conf005,88.5,Si,0.6072173821523885,0.6072173821523885,4.211831898391104
pair001,SB,conf005,89.00000000000001,Si,0.5961290689860126,0.5961290689860126,4.197098572226386
pair001,SB,conf005,89.5,Si,0.585038026221065,0.585038026221065,4.182331042378438
pair001,SB,conf005,90.0,Si,0.573945064723272,0.573945064723272,4.167530195660808
pair001,SB,conf005,90.5,Si,0.562851007258957,0.562851007258957,4.1526969266288045
pair001,SB,conf005,91.0,Si,0.5517566887285354,0.5517566887285354,4.137832137632127
pair001,SB,conf005,91.5,Si,0.5406629564042802,0.5406629564042802,4.122936738867589
pair001,SB,conf005,91.99999999999999,Si,0.529570670172349,0.529570670172349,4.1080116484318605
pair001,SB,conf005,92.5,Si,0.5184807027790643,0.5184807027790643,4.093057792374273
pair001,SB,conf005,92.99999999999999,Si,0.5073939400814276,0.5073939400814276,4.078076104749604
pair001,SB,conf005,93.50000000000001,Si,0.49631128130182334,0.49631128130182334,4.0630675276708175
pair001,SB,conf005,94.0,Si,0.48523363928689567,0.48523363928689567,4.048033011361774
pair001,SB,conf005,94.5,Si,0.4741619407705182,0.4741619407705182,4.032973514209791
pair001,SB,conf005,95.0,Si,0.4630971266408206,0.4630971266408206,4.017890002818122
pair001,SB,conf005,95.5,Si,0.45204015221117877,0.45204015221117877,4.002783452058235
pair001,SB,conf005,96.0,Si,0.4409919874950903,0.4409919874950903,3.9876548451218983
pair001,SB,conf005,96.5,Si,0.4299536174848295,0.4299536174848295,3.972505173573015
pair001,SB,conf005,97.0,Si,0.4189260424337615,0.4189260424337615,3.9573354373991774
pair001,SB,conf005,97.49999999999999,Si,0.4079102781421875,0.4079102781421875,3.9421466450628846
pair001,SB,conf005,98.0,Si,0.3969073562465619,0.3969073562465619,3.926939813552393
pair001,SB,conf005,98.49999999999999,Si,0.38591832451192043,0.38591832451192043,3.91171596843215
pair001,SB,conf005,99.00000000000001,Si,0.37494424712731544,0.37494424712731544,3.896476143892746
pair001,SB,conf005,99.5,Si,0.36398620500406387,0.36398620500406387,3.8812213828003714
pair001,SB,conf005,100.0,Si,0.3530452960765478,0.3530452960765478,3.8659527367456765
pair001,SB,conf005,100.50000000000001,Si,0.34212263560534084,0.34212263560534084,3.8506712660920255
pair001,SB,conf005,101.0,Si,0.3312193564823487,0.3312193564823487,3.8353780400230773
pair001,SB,conf005,101.5,Si,0.3203366095376621,0.3203366095376621,3.8200741365895996
pair001,SB,conf005,101.99999999999999,Si,0.30947556384778196,0.30947556384778196,3.804616461520483
pair001,SB,conf005,102.5,Si,0.29863740704484054,0.29863740704484054,3.788804255798176
pair001,SB,conf005,102.99999999999999,Si,0.287823345626421,0.287823345626421,3.772636666662796
pair001,SB,conf005,103.49999999999999,Si,0.2770346052655259,0.2770346052655259,3.7561142363355677
pair001,SB,conf005,104.0,Si,0.26627243112022625,0.26627243112022625,3.739237546406056
pair001,SB,conf005,104.5,Si,0.25553808814247825,0.25553808814247825,3.722007217758603
pair001,SB,conf005,105.00000000000001,Si,0.24483286138554594,0.24483286138554594,3.704423910502866
pair001,SB,conf005,105.5,Si,0.2341580563094443,0.2341580563094443,3.686488323908607
pair001,SB,conf005,106.0,Si,0.22351499908374906,0.22351499908374906,3.6682011963448864
pair001,SB,conf005,106.5,Si,0.21290503688709372,0.21290503688709372,3.64956330522384
pair001,SB,conf005,107.0,Si,0.20232953820261512,0.20232953820261512,3.630575466949234
pair001,SB,conf005,107.49999999999999,Si,0.1917898931085551,0.1917898931085551,3.611238536869965
pair001,SB,conf005,108.0,Si,0.1812875135631824,0.1812875135631824,3.5915534092387618
pair001,SB,conf005,108.5,Si,0.17082383368312914,0.17082383368312914,3.571521017176259
pair001,SB,conf005,108.99999999999999,Si,0.16040031001419242,0.16040031001419242,3.5511423326407434
pair001,SB,conf005,109.50000000000001,Si,0.15001842179358538,0.15001842179358538,3.530418366403778
pair001,SB,conf005,110.0,Si,0.1396796712025501,0.1396796712025501,3.509350168032007
pair001,SB,conf005,110.50000000000001,Si,0.12938558360819563,0.12938558360819563,3.487938825875426
pair001,SB,conf005,111.0,Si,0.11913770779335286,0.11913770779335286,3.466185467062424
pair001,SB,conf005,111.5,Si,0.10893761617315767,0.10893761617315767,3.4440912575019316
pair001,SB,conf005,112.0,Si,0.09878690499701692,0.09878690499701692,3.421657401893014
pair001,SB,conf005,112.5,Si,0.0886871945345391,0.0886871945345391,3.3988851437423198
pair001,SB,conf005,113.0,Si,0.07864012924392028,0.07864012924392028,3.3757757653897236
pair001,SB,conf005,113.49999999999999,Si,0.06864737792122222,0.06864737792122222,3.3523305880426464
pair001,SB,conf005,114.0,Si,0.058710633828889636,0.058710633828889636,3.328550971819453
pair001,SB,conf005,114.49999999999999,Si,0.048831614801779555,0.048831614801779555,3.304438315802448
pair001,SB,conf005,115.0,Si,0.03901206332889151,0.03901206332889151,3.2799940581009364
pair001,SB,conf005,115.50000000000001,Si,0.02925374660892377,0.02925374660892377,3.255219675924931
pair001,SB,conf005,116.00000000000001,Si,0.01955845657768518,0.01955845657768518,3.2301166856700427
pair001,SB,conf005,116.5,Si,0.0099280099053205,0.0099280099053205,3.2046866430141905
pair001,SB,conf005,117.0,Si,0.0003642479612382399,0.0003642479612382399,3.178931143026786
pair001,SB,conf005,117.5,Si,-0.009130963255457925,-0.009130963255457925,3.1528518202910454
pair001,SB,conf005,117.99999999999999,Si,-0.018555733222301862,-0.018555733222301862,3.1264503490402205
pair001,SB,conf005,118.50000000000001,Si,-0.027908147038887998,-0.027908147038887998,3.0997284433084835
pair001,SB,conf005,119.0,Si,-0.03718626561380356,-0.03718626561380356,3.0726878570973297
pair001,SB,conf005,119.5,Si,-0.046388125895521215,-0.046388125895521215,3.0453303845583712
pair001,SB,conf005,119.99999999999999,Si,-0.05551174114978652,-0.05551174114978652,3.0176578601934625
pair001,SB,conf005,120.50000000000001,Si,-0.06455510128606035,-0.06455510128606035,2.9896721590731894
pair001,SB,conf005,121.0,Si,-0.07351617323564752,-0.07351617323564752,2.961375197074766
pair001,SB,conf005,121.5,Si,-0.08239290138416289,-0.08239290138416289,2.9327689311404854
pair001,SB,conf005,122.0,Si,-0.091183208061002,-0.091183208061002,2.9038553595579732
pair001,SB,conf005,122.49999999999999,Si,-0.09988499408853446,-0.09988499408853446,2.870932755476349
pair001,SB,conf005,123.00000000000001,Si,-0.10850218517336785,-0.10850218517336785,2.8326105315546517
pair001,SB,conf005,123.5,Si,-0.11705375233230075,-0.11705375233230075,2.7942527235612165
pair001,SB,conf005,124.0,Si,-0.1255385026256013,-0.1255385026256013,2.7558683400980346
pair001,SB,conf005,124.49999999999999,Si,-0.1339532812576505,-0.1339532812576505,2.7174666603196442
pair001,SB,conf005,124.99999999999999,Si,-0.1422949008716603,-0.1422949008716603,2.679057244884512
pair001,SB,conf005,125.5,Si,-0.1505601427262091,-0.1505601427262091,2.640649947375298
pair001,SB,conf005,126.0,Si,-0.15874575799142243,-0.15874575799142243,2.60225492619756
pair001,SB,conf005,126.5,Si,-0.16684846917011176,-0.16684846917011176,2.5638826569646636
pair001,SB,conf005,127.00000000000001,Si,-0.17486497164908799,-0.17486497164908799,2.525543945374732
pair001,SB,conf005,127.50000000000001,Si,-0.18279193538575855,-0.18279193538575855,2.4872499405828457
pair001,SB,conf005,128.0,Si,-0.1906260067349439,-0.1906260067349439,2.449012149068717
pair001,SB,conf005,128.5,Si,-0.19918046882993812,-0.19836381042063445,2.410842448996524
pair001,SB,conf005,129.0,Si,-0.21032156735557828,-0.20600195165714874,2.372753105059293
pair001,SB,conf005,129.49999999999997,Si,-0.22146587718979638,-0.21353701842383366,2.3347567837953127
pair001,SB,conf005,130.0,Si,-0.23261261314685777,-0.22096558389706922,2.2968665693582446
pair001,SB,conf005,130.5,Si,-0.24376097232409788,-0.22828420904291002,2.2590959797159336
pair001,SB,conf005,131.00000000000003,Si,-0.2549101334733177,-0.2354894453731935,2.2214589832451663
pair001,SB,conf005,131.5,Si,-0.2660592563466506,-0.2425778378673764,2.183970015680826
pair001,SB,conf005,132.0,Si,-0.2772074810158731,-0.24954592806173825,2.14664399736772
pair001,SB,conf005,132.5,Si,-0.2883539271640774,-0.25639025730688036,2.1094963507519235
pair001,SB,conf005,133.0,Si,-0.2994976933486011,-0.2631073701936859,2.0725430180354634
pair001,SB,conf005,133.5,Si,-0.31063785623407036,-0.26969381814706295,2.0358004789035533
pair001,SB,conf005,133.99999999999997,Si,-0.3217734697943775,-0.27614616318588503,1.999285768217199
pair001,SB,conf005,134.5,Si,-0.33290356448237923,-0.2824609818465751,1.9630164935457162
pair001,SB,conf005,135.0,Si,-0.34402714636607645,-0.28863486926672244,1.927010852393462
pair001,SB,conf005,135.5,Si,-0.35514319622999535,-0.2946644434240506,1.8912876489527235
pair001,SB,conf005,136.0,Si,-0.3662506686404725,-0.30054634952486947,1.8558663101901833
pair001,SB,conf005,136.5,Si,-0.3773484909735034,-0.3062772645349645,1.8207669010477663
pair001,SB,conf005,137.0,Si,-0.3884355624038145,-0.31185390184462003,1.7860101385097196
pair001,SB,conf005,137.5,Si,-0.3995107528537638,-0.31727301605818936,1.7516174042569406
pair001,SB,conf005,138.0,Si,-0.41057290190070495,-0.3225314078973407,1.7176107555965403
pair001,SB,conf005,138.5,Si,-0.4216208176413898,-0.32762592920577105,1.6840129343201056
pair001,SB,conf005,139.0,Si,-0.43265327551201627,-0.332553488041887,1.650847373108108
pair001,SB,conf005,139.5,Si,-0.4436690170625188,-0.33731105384463267,1.6181381990609978
pair001,SB,conf005,140.0,Si,-0.45466674868370305,-0.34189566265639226,1.5859102339004745
pair001,SB,conf005,140.5,Si,-0.46564514028584814,-0.3463044223856486,1.5541889903478376
pair001,SB,conf005,140.99999999999997,Si,-0.47660282392744713,-0.35053451809091984,1.5230006641512925
pair001,SB,conf005,141.5,Si,-0.48753839239277186,-0.3545832172664034,1.4923721212019438
pair001,SB,conf005,142.0,Si,-0.4984503977170305,-0.3584478751087561,1.4623308791501837
pair001,SB,conf005,142.50000000000003,Si,-0.5093373496579521,-0.3621259397435421,1.4329050829122065
pair001,SB,conf005,143.0,Si,-0.5201977141127094,-0.3656149573891294,1.4041234734421877
pair001,SB,conf005,143.5,Si,-0.5310299114792429,-0.36891257743518246,1.3760153491415223
pair001,SB,conf005,144.0,Si,-0.5418323149611406,-0.37201655741243767,1.3486105192848143
pair001,SB,conf005,144.5,Si,-0.5526032488154282,-0.37492476783015594,1.3150314087088752
pair001,SB,conf005,145.0,Si,-0.5633409865428038,-0.3776351968575389,1.2630224380505652
pair001,SB,conf005,145.49999999999997,Si,-0.5740437490200756,-0.3801459548254629,1.210987664073097
pair001,SB,conf005,146.0,Si,-0.584709702574838,-0.3824552785251927,1.1589410700225782
pair001,SB,conf005,146.5,Si,-0.5953369570027176,-0.3845615352812084,1.1068975636201033
pair001,SB,conf005,147.00000000000003,Si,-0.605923563527887,-0.38646322677599154,1.054873079170789
pair001,SB,conf005,147.5,Si,-0.6164675127079349,-0.3881589926055271,1.0028846931445858
pair001,SB,conf005,148.0,Si,-0.6269667322846546,-0.38964761354539856,0.9509507552153311
pair001,SB,conf005,148.5,Si,-0.6374190849828381,-0.39092801450867887,0.8990910370576046
pair001,SB,conf005,149.0,Si,-0.647822366259748,-0.39199926717833233,0.8473269015625438
pair001,SB,conf005,149.5,Si,-0.6581743020086213,-0.3928605922985451,0.7956814955503078
pair001,SB,conf005,150.0,Si,-0.6684725462203014,-0.39351136161125955,0.7441799695339613
pair001,SB,conf005,150.5,Si,-0.6787146786079392,-0.3939510994262121,0.6928497286321322
pair001,SB,conf005,151.0,Si,-0.6888982022006558,-0.39417948381489576,0.6417207193388268
pair001,SB,conf005,151.5,Si,-0.6990205409130723,-0.3941963474211385,0.5908257575375815
pair001,SB,conf005,151.99999999999997,Si,-0.7090790370988062,-0.39400167788329643,0.5402009038864315
pair001,SB,conf005,152.5,Si,-0.7190709490972809,-0.39359561786546404,0.48988589348294975
pair001,SB,conf005,153.0,Si,-0.7289934487846121,-0.3929784646974983,0.4399246275111741
pair001,SB,conf005,153.5,Si,-0.7388436191408724,-0.3921506696260866,0.390365735316647
pair001,SB,conf005,154.0,Si,-0.7486184518477125,-0.39111283668147556,0.3412632159569402
pair001,SB,conf005,154.5,Si,-0.7583148449321362,-0.3898657211668046,0.29267716858338644
pair001,SB,conf005,155.0,Si,-0.7679296004742258,-0.38841022777927225,0.24467462079749214
pair001,SB,conf005,155.5,Si,-0.777459422398711,-0.38674740837449817,0.19733046305422008
pair001,SB,conf005,156.0,Si,-0.7869009143725848,-0.384878459387501,0.15072849476314798
pair001,SB,conf005,156.49999999999997,Si,-0.7962505778333901,-0.3828047189255823,0.10496258327451713
pair001,SB,conf005,156.99999999999997,Si,-0.8055048101753789,-0.3805276635501458,0.06013792947944974
pair001,SB,conf005,157.5,Si,-0.8146599031234664,-0.3780489047660156,0.0163724220460566
pair001,SB,conf005,158.0,Si,-0.8237120413277286,-0.3753701852381881,-0.0262019552221322
pair001,SB,conf005,158.5,Si,-0.8326573012141366,-0.3724933747570822,-0.06743772361828038
pair001,SB,conf005,159.0,Si,-0.8414916501302153,-0.3694204659743261,-0.10717061280243856
pair001,SB,conf005,159.5,Si,-0.8502109458273803,-0.3661535699318301,-0.14521850822934135
pair001,SB,conf005,160.0,Si,-0.8588109363247369,-0.3626949114074438,-0.1813808404473929
pair001,SB,conf005,160.5,Si,-0.8672872602021203,-0.3590468241007869,-0.21543867852326615
pair001,SB,conf005,160.99999999999997,Si,-0.8756354473730354,-0.35521174568298375,-0.2471558542239325
pair001,SB,conf005,161.5,Si,-0.8838509203908265,-0.35119221273393,-0.27628149207101993
pair001,SB,conf005,162.0,Si,-0.8919289963438203,-0.3469908555904704,-0.3025543278509223
pair001,SB,conf005,162.5,Si,-0.8998648893972241,-0.34261039312841146,-0.32570913110459776
pair001,SB,conf005,163.0,Si,-0.9076537140411015,-0.3561808016572381,-0.3454853703344398
pair001,SB,conf005,163.5,Si,-0.9152904891047091,-0.38271603900153606,-0.3616379511912192
pair001,SB,conf005,163.99999999999997,Si,-0.922770142597675,-0.4131036012660163,-0.4131036012660163
pair001,SB,conf005,164.5,Si,-0.9300875174378596,-0.46673315295347906,-0.46673315295347906
pair001,SB,conf005,165.0,Si,-0.9372373781240025,-0.5199717957187844,-0.5199717957187844
pair001,SB,conf005,165.5,Si,-0.9442144184084404,-0.5727476443289445,-0.5727476443289445
pair001,SB,conf005,166.0,Si,-0.9510132700209064,-0.6249761404643146,-0.6249761404643146
pair001,SB,conf005,166.5,Si,-0.9576285124887856,-0.6765572128626154,-0.6765572128626154
pair001,SB,conf005,167.00000000000003,Si,-0.964054684091836,-0.7273717399827482,-0.7273717399827482
pair001,SB,conf005,167.5,Si,-0.9702862939803489,-0.7772771554560894,-0.7772771554560894
pair001,SB,conf005,168.0,Si,-0.9763178354748238,-0.8261020228362483,-0.8261020228362483
pair001,SB,conf005,168.49999999999997,Si,-0.9821438005524347,-0.8736394167900186,-0.8736394167900186
pair001,SB,conf005,169.0,Si,-0.9877586955108952,-0.9196390124280458,-0.9196390124280458
pair001,SB,conf005,169.5,Si,-0.9931570577837535,-0.963797955293592,-0.963797955293592
pair001,SB,conf005,170.0,Si,-1.005750946927916,-1.005750946927916,-1.005750946927916
pair001,SB,conf005,170.49999999999997,Si,-1.0450606572780816,-1.0450606572780816,-1.0450606572780816
pair001,SB,conf005,171.0,Si,-1.0812107012519039,-1.0812107012519039,-1.0812107012519039
pair001,SB,conf005,171.50000000000003,Si,-1.1136050436380156,-1.1136050436380156,-1.1136050436380156
pair001,SB,conf005,172.0,Si,-1.1415795523129342,-1.1415795523129342,-1.1415795523129342
pair001,SB,conf005,172.5,Si,-1.164432518700613,-1.164432518700613,-1.164432518700613
pair001,SB,conf005,173.0,Si,-1.181479336694794,-1.181479336694794,-1.181479336694794
pair001,SB,conf005,173.5,Si,-1.1921298838257837,-1.1921298838257837,-1.1921298838257837
pair001,SB,conf005,174.0,Si,-1.1959753742824173,-1.1959753742824173,-1.1959753742824173
pair001,SB,conf005,174.5,Si,-1.1928598707640652,-1.1928598707640652,-1.1928598707640652
pair001,SB,conf005,174.99999999999997,Si,-1.1829100615444803,-1.1829100615444803,-1.1829100615444803
pair001,SB,conf005,175.5,Si,-1.166510962832835,-1.166510962832835,-1.166510962832835
pair001,SB,conf005,176.0,Si,-1.1442376719096257,-1.1442376719096257,-1.1442376719096257
pair001,SB,conf005,176.5,Si,-1.1167688153150224,-1.1167688153150224,-1.1167688153150224
pair001,SB,conf005,177.0,Si,-1.0848073155416262,-1.0848073155416262,-1.0848073155416262
pair001,SB,conf005,177.5,Si,-1.0490230851263964,-1.0490230851263964,-1.0490230851263964
pair001,SB,conf005,178.00000000000003,Si,-1.0470642596428381,-1.010020141045866,-1.010020141045866
pair001,SB,conf005,178.5,Si,-1.047787775520612,-1.011536992568599,-1.011536992568599
pair001,SB,conf005,179.0,Si,-1.0482240841997297,-1.0119727576561548,-1.0119727576561548
pair001,SB,conf005,179.49999999999997,Si,-1.0483725755206215,-1.010118622062533,-1.010118622062533
pair001,SB,conf005,180.0,Re,-1.0482330414568988,-1.0059867337894244,-1.0059867337894244
pair001,SB,conf005,180.5,Re,-1.0478056774917275,-0.9996038733292261,-0.9996038733292261
pair001,SB,conf005,181.0,Re,-1.0470910813243854,-1.0147179656375425,-0.991010635701222
pair001,SB,conf005,181.5,Re,-1.0460902489271384,-1.044232283487915,-0.9802602300047016
pair001,SB,conf005,182.0,Re,-1.073613720451877,-1.073613720451877,-0.9674169772251278
pair001,SB,conf005,182.50000000000003,Re,-1.1028335569666812,-1.1028335569666812,-0.9525546007750807
pair001,SB,conf005,183.0,Re,-1.1318577751880559,-1.1318577751880559,-0.9357544079439692
pair001,SB,conf005,183.5,Re,-1.1606457409975888,-1.1606457409975888,-0.9171034549919663
pair001,SB,conf005,183.99999999999997,Re,-1.1891485017311345,-1.1891485017311345,-0.8966927761242169
pair001,SB,conf005,184.5,Re,-1.2173065770747504,-1.2173065770747504,-0.8746157396676375
pair001,SB,conf005,185.0,Re,-1.2450470827672895,-1.2450470827672895,-0.8509665761105574
pair001,SB,conf005,185.5,Re,-1.2722799821818915,-1.2722799821818915,-0.8258391045146447
pair001,SB,conf005,185.99999999999997,Re,-1.2988932154541555,-1.2988932154541555,-0.7993256677912577
pair001,SB,conf005,186.5,Re,-1.3247464268960154,-1.3247464268960154,-0.7715162743798383
pair001,SB,conf005,187.00000000000003,Re,-1.349663040628978,-1.349663040628978,-0.7424979342942635
pair001,SB,conf005,187.5,Re,-1.3734206110821807,-1.3734206110821807,-0.7123541711734935
pair001,SB,conf005,188.0,Re,-1.395739871788373,-1.395739871788373,-0.6811646884570004
pair001,SB,conf005,188.5,Re,-1.4162740106593465,-1.4162740106593465,-0.6490051665356626
pair001,SB,conf005,189.0,Re,-1.4346017727994336,-1.4346017727994336,-0.6159471681141189
pair001,SB,conf005,189.5,Re,-1.4502311495601108,-1.4502311495601108,-0.5820581305206096
pair001,SB,conf005,190.0,Re,-1.4626236283719287,-1.4626236283719287,-0.5474014258630511
pair001,SB,conf005,190.49999999999997,Re,-1.4712487107537606,-1.4712487107537606,-0.5120364724061581
pair001,SB,conf005,191.0,Re,-1.4756688350139615,-1.4756688350139615,-0.47601888308106965
pair001,SB,conf005,191.49999999999997,Re,-1.4756340532147778,-1.4756340532147778,-0.4394006394680563
pair001,SB,conf005,192.0,Re,-1.4711464064033977,-1.4711464064033977,-0.40223028181244747
pair001,SB,conf005,192.5,Re,-1.462459368251206,-1.462459368251206,-0.3645531075931352
pair001,SB,conf005,193.0,Re,-1.4500126783335545,-1.4500126783335545,-0.32641137284466337
pair001,SB,conf005,193.50000000000003,Re,-1.4343375408042418,-1.4343375408042418,-0.2878444918454104
pair001,SB,conf005,194.0,Re,-1.4159720777822724,-1.4159720777822724,-0.2684115029741274
pair001,SB,conf005,194.5,Re,-1.3954073211280895,-1.3954073211280895,-0.2731114927563181
pair001,SB,conf005,194.99999999999997,Re,-1.3730633639128669,-1.3730633639128669,-0.2946233846345775
pair001,SB,conf005,195.5,Re,-1.3492859045259296,-1.3492859045259296,-0.33911383003390594
pair001,SB,conf005,196.0,Re,-1.3243532452704265,-1.3243532452704265,-0.3821339765377296
pair001,SB,conf005,196.5,Re,-1.298487041183201,-1.298487041183201,-0.4234264131298705
pair001,SB,conf005,196.99999999999997,Re,-1.2718632388400912,-1.2718632388400912,-0.46268830271671035
pair001,SB,conf005,197.5,Re,-1.2446217005256017,-1.2446217005256017,-0.49956621882159324
pair001,SB,conf005,198.00000000000003,Re,-1.2285395031144386,-1.2285395031144386,-0.5336530867281393
pair001,SB,conf005,198.5,Re,-1.2272258558936668,-1.2272258558936668,-0.5644893673009352
pair001,SB,conf005,199.0,Re,-1.224989837556221,-1.224989837556221,-0.5915713776935639
pair001,SB,conf005,199.49999999999997,Re,-1.2218450469603026,-1.2218450469603026,-0.6143699851740956
pair001,SB,conf005,200.0,Re,-1.2178101888803528,-1.2178101888803528,-0.6323621184994296
pair001,SB,conf005,200.5,Re,-1.2129085644986057,-1.2129085644986057,-0.6450748252893822
pair001,SB,conf005,201.00000000000003,Re,-1.2071674686650282,-1.2071674686650282,-0.6521368186514349
pair001,SB,conf005,201.49999999999997,Re,-1.2006175282723934,-1.2006175282723934,-0.6533270692804215
pair001,SB,conf005,202.0,Re,-1.1932920158547504,-1.1932920158547504,-0.6486072203473858
pair001,SB,conf005,202.49999999999997,Re,-1.185226169513216,-1.185226169513216,-0.6381274815482771
pair001,SB,conf005,203.0,Re,-1.1764565452756477,-1.1764565452756477,-0.6222040024242852
pair001,SB,conf005,203.5,Re,-1.1670204218841207,-1.1670204218841207,-0.601275205763838
pair001,SB,conf005,203.99999999999997,Re,-1.1569552716009155,-1.1569552716009155,-0.5758499175970281
pair001,SB,conf005,204.5,Re,-1.1462983045940809,-1.1462983045940809,-0.5464593760271946
pair001,SB,conf005,205.0,Re,-1.1350860892596883,-1.1350860892596883,-0.5136204183389664
pair001,SB,conf005,205.50000000000003,Re,-1.1233542466990167,-1.1233542466990167,-0.47781182909443454
pair001,SB,conf005,205.99999999999997,Re,-1.111137214554593,-1.111137214554593,-0.4394622312595279
pair001,SB,conf005,206.5,Re,-1.0984680734475853,-1.0984680734475853,-0.39894641795132246
pair001,SB,conf005,206.99999999999997,Re,-1.085378428199757,-1.085378428199757,-0.3565870092082588
pair001,SB,conf005,207.5,Re,-1.0718983356790175,-1.0718983356790175,-0.31265897577280255
pair001,SB,conf005,208.0,Re,-1.0580562712894483,-1.0580562712894483,-0.2673953566749917
pair001,SB,conf005,208.5,Re,-1.0438791266625014,-1.0438791266625014,-0.2209931569141208
pair001,SB,conf005,209.0,Re,-1.0293922318532958,-1.0293922318532958,-0.17361888058244568
pair001,SB,conf005,209.5,Re,-1.0146193961933165,-1.0146193961933165,-0.12541345394785752
pair001,SB,conf005,210.00000000000003,Re,-0.9995829628178147,-0.9995829628178147,-0.0764964675881743
pair001,SB,conf005,210.49999999999997,Re,-0.9843038727184166,-0.9843038727184166,-0.026969759442432073
pair001,SB,conf005,211.0,Re,-0.9688017349354846,-0.9688017349354846,0.02307959624161149
pair001,SB,conf005,211.5,Re,-0.9530949001831728,-0.9530949001831728,0.07357681413355732
pair001,SB,conf005,212.0,Re,-0.9372005357867369,-0.9372005357867369,0.12445735715852635
pair001,SB,conf005,212.5,Re,-0.9211347003079483,-0.9211347003079483,0.1756652567494612
pair001,SB,conf005,213.0,Re,-0.9049124166463707,-0.9049124166463707,0.22715173032505787
pair001,SB,conf005,213.50000000000003,Re,-0.8885477427405177,-0.8885477427405177,0.2788740421856899
pair001,SB,conf005,214.0,Re,-0.8720538392630182,-0.8720538392630182,0.3307945631885192
pair001,SB,conf005,214.50000000000003,Re,-0.8554430339176143,-0.8554430339176143,0.3828799925879016
pair001,SB,conf005,214.99999999999997,Re,-0.8387268821122711,-0.8387268821122711,0.4351007122163666
pair001,SB,conf005,215.5,Re,-0.8219162239100503,-0.8219162239100503,0.4874302488069282
pair001,SB,conf005,216.0,Re,-0.8050212372551698,-0.8050212372551698,0.5398448248572205
pair001,SB,conf005,216.50000000000003,Re,-0.7880514875418285,-0.7880514875418285,0.5923229821671614
pair001,SB,conf005,217.0,Re,-0.7710159736434022,-0.7710159736434022,0.6448452651931345
pair001,SB,conf005,217.5,Re,-0.7539231705537044,-0.7539231705537044,0.6973939537861837
pair001,SB,conf005,217.99999999999997,Re,-0.7367810688138777,-0.7367810688138777,0.7499528368313784
pair001,SB,conf005,218.5,Re,-0.7195972109108232,-0.7195972109108232,0.8025070198743254
pair001,SB,conf005,219.00000000000003,Re,-0.7023787248385119,-0.7023787248385119,0.8550427610834512
pair001,SB,conf005,219.49999999999997,Re,-0.6851323550135513,-0.6851323550135513,0.9075473309158697
pair001,SB,conf005,220.0,Re,-0.6678644907327187,-0.6678644907327187,0.9600088916778271
pair001,SB,conf005,220.5,Re,-0.650581192353864,-0.650581192353864,1.0124163938380188
pair001,SB,conf005,221.00000000000003,Re,-0.6332882153733932,-0.6332882153733932,1.06475948649427
pair001,SB,conf005,221.5,Re,-0.6159910325643738,-0.6159910325643738,1.1170284398355192
pair001,SB,conf005,222.0,Re,-0.5986948543293789,-0.5986948543293789,1.169214077802146
pair001,SB,conf005,222.49999999999997,Re,-0.5814046474121668,-0.5814046474121668,1.221307719443254
pair001,SB,conf005,223.0,Re,-0.5641251521021373,-0.5641251521021373,1.2733011277129636
pair001,SB,conf005,223.5,Re,-0.5468608980557925,-0.5468608980557925,1.3251864646480096
pair001,SB,conf005,224.0,Re,-0.5296162188498297,-0.5296162188498297,1.3769562520350875
pair001,SB,conf005,224.5,Re,-0.5123952653716073,-0.5123952653716073,1.4286033368137978
pair001,SB,conf005,225.0,Re,-0.4952020181441157,-0.4952020181441157,1.4801208605757494
pair001,SB,conf005,225.50000000000003,Re,-0.4780402986746728,-0.4780402986746728,1.5315022326158265
pair001,SB,conf005,226.0,Re,-0.4609137799091143,-0.4609137799091143,1.5827411060717445
pair001,SB,conf005,226.5,Re,-0.4438259958663351,-0.4438259958663351,1.6338313567552192
pair001,SB,conf005,226.99999999999997,Re,-0.42678035052172225,-0.42678035052172225,1.68476706433445
pair001,SB,conf005,227.5,Re,-0.40978012600206926,-0.40978012600206926,1.735542495575699
pair001,SB,conf005,228.0,Re,-0.39282849014926957,-0.39282849014926957,1.7861520893917435
pair001,SB,conf005,228.5,Re,-0.3759285035050397,-0.3759285035050397,1.836590443479684
pair001,SB,conf005,228.99999999999997,Re,-0.35908312576446844,-0.35908312576446844,1.8868523023594486
pair001,SB,conf005,229.49999999999997,Re,-0.3422952217419961,-0.3422952217419961,1.9369325466494918
pair001,SB,conf005,230.0,Re,-0.3255675668897118,-0.3255675668897118,1.986826183437249
pair001,SB,conf005,230.5,Re,-0.3089028524043076,-0.3089028524043076,2.036528337620327
pair001,SB,conf005,231.00000000000003,Re,-0.2923036899559839,-0.2923036899559839,2.086034244110034
pair001,SB,conf005,231.5,Re,-0.2757726160696712,-0.2757726160696712,2.13533924080229
pair001,SB,conf005,232.00000000000003,Re,-0.25931209618631623,-0.25931209618631623,2.184438762232758
pair001,SB,conf005,232.5,Re,-0.24292452842967527,-0.24292452842967527,2.233328333842884
pair001,SB,conf005,233.0,Re,-0.22661224710176375,-0.22661224710176375,2.282003566792606
pair001,SB,conf005,233.49999999999997,Re,-0.21035106239482992,-0.21035106239482992,2.330460153262666
pair001,SB,conf005,234.0,Re,-0.19407519974286203,-0.19407519974286203,2.378693862196495
pair001,SB,conf005,234.49999999999997,Re,-0.1777830616647602,-0.1777830616647602,2.426700535436976
pair001,SB,conf005,235.0,Re,-0.16147638619358284,-0.16147638619358284,2.474476084218826
pair001,SB,conf005,235.5,Re,-0.14515685298895686,-0.14515685298895686,2.5220164859813545
pair001,SB,conf005,235.99999999999997,Re,-0.1288260861274051,-0.1288260861274051,2.5693177814705592
pair001,SB,conf005,236.5,Re,-0.11248565674356481,-0.11248565674356481,2.6163760721026756
pair001,SB,conf005,237.00000000000003,Re,-0.09613708553060407,-0.09613708553060407,2.6631875175643467
pair001,SB,conf005,237.49999999999997,Re,-0.07978184510764819,-0.07978184510764819,2.7097483336272834
pair001,SB,conf005,238.0,Re,-0.06342136226165129,-0.06342136226165129,2.756054790157539
pair001,SB,conf005,238.50000000000003,Re,-0.047057020070752964,-0.047057020070752964,2.802103209301495
pair001,SB,conf005,239.0,Re,-0.030690159915728987,-0.030690159915728987,2.84788996383271
pair001,SB,conf005,239.5,Re,-0.014322083385807094,-0.014322083385807094,2.8934114756451406
pair001,SB,conf005,239.99999999999997,Re,0.002045945915209346,0.002045945915209346,2.938664214379804
pair001,SB,conf005,240.5,Re,0.018412700656983194,0.018412700656983194,2.9836446961732817
pair001,SB,conf005,241.00000000000003,Re,0.03247081739196234,0.03477698815952723,3.028349482517413
pair001,SB,conf005,241.5,Re,0.04337247007327161,0.051137648854008955,3.072775179220754
pair001,SB,conf005,242.0,Re,0.054256622032637924,0.06749355482279085,3.116918435463165
pair001,SB,conf005,242.49999999999997,Re,0.06512277579827241,0.08384360841427196,3.160775942935648
pair001,SB,conf005,243.0,Re,0.07597044181860602,0.10018674092841828,3.204344435058484
pair001,SB,conf005,243.49999999999997,Re,0.08679913823354357,0.1165219113690199,3.2476206862710946
pair001,SB,conf005,244.0,Re,0.0976083906541707,0.13284810525903956,3.29060151138793
pair001,SB,conf005,244.5,Re,0.1083977319505467,0.14916433351552727,3.3332837650149347
pair001,SB,conf005,244.99999999999997,Re,0.11916670204728863,0.16546963138087212,3.375664341021835
pair001,SB,conf005,245.5,Re,0.12991484772662254,0.18176305740728327,3.413034920442485
pair001,SB,conf005,246.00000000000003,Re,0.14064172243860407,0.19804369249160092,3.4355976489443525
pair001,SB,conf005,246.50000000000003,Re,0.151346886118239,0.21431063895771274,3.457821199838182
pair001,SB,conf005,247.0,Re,0.16202990500922132,0.23056301968398585,3.479704353665461
pair001,SB,conf005,247.50000000000003,Re,0.17269035149403522,0.24679997727330028,3.50124592976351
pair001,SB,conf005,248.0,Re,0.1833278039301598,0.2630206732633751,3.522444786252938
pair001,SB,conf005,248.5,Re,0.19394184649215962,0.27922428737526106,3.5432998200327135
pair001,SB,conf005,248.99999999999997,Re,0.20453206901940701,0.2954100167979328,3.5638099667824457
pair001,SB,conf005,249.5,Re,0.21509806686924193,0.31157707550710545,3.583974200971594
pair001,SB,conf005,249.99999999999997,Re,0.2256394407753357,0.32772469361642487,3.603791535875222
pair001,SB,conf005,250.5,Re,0.2361557967110779,0.3438521167593749,3.6232610235960743
pair001,SB,conf005,251.0,Re,0.2466467457577768,0.35995860550025083,3.6423817550926034
pair001,SB,conf005,251.49999999999997,Re,0.2571119039775003,0.3760434347727226,3.6611528602127827
pair001,SB,conf005,252.0,Re,0.2675508922903782,0.39210589334454027,3.6795735077333904
pair001,SB,conf005,252.49999999999997,Re,0.2779633363561831,0.40814528330702005,3.697642905404542
pair001,SB,conf005,253.0,Re,0.2883488664600493,0.42416091958807667,3.715360299999292
pair001,SB,conf005,253.5,Re,0.2987071174021523,0.4401521294875528,3.7327249773680564
pair001,SB,conf005,254.00000000000003,Re,0.3090377283912089,0.4561182522337488,3.7497362624976964
pair001,SB,conf005,254.5,Re,0.31934034294166014,0.47205863856006247,3.766393519575074
pair001,SB,conf005,255.00000000000003,Re,0.3296146087743843,0.4879726503007349,3.782696152054918
pair001,SB,conf005,255.49999999999997,Re,0.3398601777208159,0.5038596600047238,3.798643602731833
pair001,SB,conf005,256.0,Re,0.35007670563035176,0.5197190505668472,3.8142353538163447
pair001,SB,conf005,256.5,Re,0.3602638522809001,0.5355502148752784,3.8295578193018076
pair001,SB,conf005,257.0,Re,0.37042128129248186,0.5513525554746443,3.8448552344382247
pair001,SB,conf005,257.5,Re,0.38054866004375776,0.5671254842439291,3.8601413031893803
pair001,SB,conf005,258.0,Re,0.39064565959136677,0.5828684220884568,3.8754149530041526
pair001,SB,conf005,258.5,Re,0.40071195459199394,0.5985807986452965,3.8906751201696106
pair001,SB,conf005,258.99999999999994,Re,0.4107472232270435,0.6142620520014053,3.9059207497637156
pair001,SB,conf005,259.5,Re,0.4207511471298504,0.629911628423937,3.9211507956073297
pair001,SB,conf005,260.0,Re,0.43072341131530245,0.6455289821020871,3.936364220215563
pair001,SB,conf005,260.5,Re,0.44066370411182043,0.6611135748999739,3.9515599947485494
pair001,SB,conf005,261.0,Re,0.4505717170955965,0.6766648761199996,3.9667370989616724
pair001,SB,conf005,261.5,Re,0.4604471450269989,0.692182362276206,3.981894521155309
pair001,SB,conf005,262.00000000000006,Re,0.4702896857890886,0.707665516877164,3.9970312581241276
pair001,SB,conf005,262.5,Re,0.48009904032815176,0.7231138302179454,4.0121463151060155
pair001,SB,conf005,263.0,Re,0.489874912596197,0.7385267991807629,4.0272387057306425
pair001,SB,conf005,263.5,Re,0.4996170094953156,0.7539039270438563,4.042307451967719
pair001,SB,conf005,264.0,Re,0.5093250408238854,0.7692447232982909,4.05735158407502
pair001,SB,conf005,264.5,Re,0.5189987192245018,0.7845487034722487,4.07237014054615
pair001,SB,conf005,265.0,Re,0.528637760133625,0.7998153889625319,4.087362168058167
pair001,SB,conf005,265.5,Re,0.5382418817328383,0.8150443068728943,4.10232672141902
pair001,SB,conf005,266.0,Re,0.5478108049017012,0.830234989858954,4.117262863514913
pair001,SB,conf005,266.49999999999994,Re,0.5573442531721067,0.8453869759793304,4.132169665257553
pair001,SB,conf005,267.0,Re,0.5668419526841235,0.8604998085527871,4.1470462055313995
pair001,SB,conf005,267.5,Re,0.5763036321432427,0.8755730360210665,4.1618915711408455
pair001,SB,conf005,267.99999999999994,Re,0.5857290227790031,0.8906062118171996,4.176704856757462
pair001,SB,conf005,268.5,Re,0.5951178583049368,0.9055988942390372,4.191485164867254
pair001,SB,conf005,269.0,Re,0.6044698748797879,0.9137196792496798,4.206231605717997
pair001,SB,conf005,269.50000000000006,Re,0.6137848110699708,0.9047633463443214,4.22094329726667
pair001,SB,conf005,270.0,Re,0.6230624078132199,0.8957935139266031,4.235619365126995
pair001,SB,conf005,270.5,Re,0.6323024083833897,0.8868107282106894,4.25025894251714
pair001,SB,conf005,271.0,Re,0.6415045583563665,0.8778155414363356,4.264861170207562
pair001,SB,conf005,271.5,Re,0.6506686055770625,0.8688085119489333,4.279425196469052
pair001,SB,conf005,272.0,Re,0.6597943001274416,0.8597902042805978,4.293950177020973
pair001,SB,conf005,272.5,Re,0.668881394295554,0.8507611892322811,4.308435274979727
pair001,SB,conf005,273.0,Re,0.6599943930619425,0.841722043956892,4.322879660807461
pair001,SB,conf005,273.5,Re,0.6508985909228435,0.832673352043434,4.33728251226103
pair001,SB,conf005,274.0,Re,0.6417699254863536,0.8236157036021143,4.351643014341235
pair001,SB,conf005,274.5,Re,0.63260868395953,0.8145496953504401,4.365960359242344
pair001,SB,conf005,275.0,Re,0.6234151564898875,0.8054759307002495,4.380233746301924
pair001,SB,conf005,275.49999999999994,Re,0.6141896362174275,0.7963950198456928,4.3944623819509765
pair001,SB,conf005,276.0,Re,0.6049324193282908,0.7873075798521001,4.408645479664418
pair001,SB,conf005,276.5,Re,0.5956438051101289,0.7782142347457521,4.422782259911882
pair001,SB,conf005,277.0,Re,0.586324096009222,0.7691156156044865,4.436871950108882
pair001,SB,conf005,277.50000000000006,Re,0.5769735976894184,0.7600123606491389,4.450913784568344
pair001,SB,conf005,278.0,Re,0.5675926190929543,0.750905115335762,4.4649070044524795
pair001,SB,conf005,278.50000000000006,Re,0.5581814725032135,0.7417945324485993,4.478850857725085
pair001,SB,conf005,279.0,Re,0.5487404736095105,0.7326812721937734,4.4927445991041814
pair001,SB,conf005,279.5,Re,0.5392699415739395,0.7235660022936321,4.506587490015084
pair001,SB,conf005,280.0,Re,0.529770199100392,0.7144493980817177,4.520378798543854
pair001,SB,conf005,280.5,Re,0.5202415725057901,0.7053321425983057,4.534117799391183
pair001,SB,conf005,281.0,Re,0.510684391793635,0.6962149266864539,4.54780377382666
pair001,SB,conf005,281.5,Re,0.5010989907299337,0.6870984490885037,4.561436009643497
pair001,SB,conf005,281.99999999999994,Re,0.4914857069216081,0.6779834165429783,4.575013801113647
pair001,SB,conf005,282.5,Re,0.4818448818974421,0.6688705438817955,4.58853644894338
pair001,SB,conf005,283.0,Re,0.472176861191697,0.6597605541277367,4.602003260229274
pair001,SB,conf005,283.5,Re,0.4624819944304537,0.6506541785920879,4.615413548414665
pair001,SB,conf005,284.0,Re,0.4527606354207887,0.6415521569723663,4.628766633246514
pair001,SB,conf005,284.5,Re,0.44301314224290556,0.6324552374500574,4.642061840732742
pair001,SB,conf005,285.00000000000006,Re,0.43323987734529146,0.6233641767882541,4.655298503100003
pair001,SB,conf005,285.5,Re,0.42344120764303383,0.6142797404291109,4.668475958751902
pair001,SB,conf005,286.0,Re,0.41361750461939417,0.6052027025909983,4.681593552227676
pair001,SB,conf005,286.5,Re,0.40376914443077383,0.5961338463652568,4.694650634161317
pair001,SB,conf005,287.0,Re,0.3938965080151655,0.5870739638124174,4.707646561241159
pair001,SB,conf005,287.5,Re,0.38399998120424894,0.578023856057784,4.7205806961699075
pair001,SB,conf005,288.0,Re,0.3740799548392306,0.5689843333862215,4.733452407625148
pair001,SB,conf005,288.5,Re,0.36413682489059007,0.5599562153360347,4.746261070220276
pair001,SB,conf005,289.0,Re,0.3541709925818539,0.550940330791774,4.759006064465913
pair001,SB,conf005,289.5,Re,0.3441828645175531,0.5419375180758179,4.771686776731769
pair001,SB,conf005,290.0,Re,0.3341728528155179,0.532948625038576,4.78430259920896
pair001,SB,conf005,290.5,Re,0.3241413752436568,0.5239745091471308,4.796852929872774
pair001,SB,conf005,290.99999999999994,Re,0.31408885536140096,0.5150160375721475,4.809337172445897
pair001,SB,conf005,291.5,Re,0.30401572266596166,0.5060740872728562,4.821754736362102
pair001,SB,conf005,292.0,Re,0.2939224127436022,0.49714954507991727,4.834105036730367
pair001,SB,conf005,292.5,Re,0.283809367426086,0.48824330777594827,4.846387494299465
pair001,SB,conf005,293.0,Re,0.2736770349525033,0.47935628217351245,4.858601535422993
pair001,SB,conf005,293.5,Re,0.26352587013666584,0.4704893851903236,4.870746592024842
pair001,SB,conf005,294.00000000000006,Re,0.2533563345402903,0.46164354392144946,4.8828221015651305
pair001,SB,conf005,294.5,Re,0.2431688966521599,0.45281969570824754,4.894827507006559
pair001,SB,conf005,295.0,Re,0.23296403207349825,0.4440187882037814,4.906762256781223
pair001,SB,conf005,295.5,Re,0.22274222370979357,0.4352417794344572,4.918625804757852
pair001,SB,conf005,296.0,Re,0.21250396196928079,0.42648963785757554,4.930417610209501
pair001,SB,conf005,296.5,Re,0.20224974496836667,0.41776334241453905,4.942137137781648
pair001,SB,conf005,297.0,Re,0.19198007874421497,0.4090638825793744,4.953783857460758
pair001,SB,conf005,297.49999999999994,Re,0.18169547747479342,0.4003922584022932,4.96535724454324
pair001,SB,conf005,298.0,Re,0.17139646370661477,0.39174948054791625,4.976856779604864
pair001,SB,conf005,298.49999999999994,Re,0.16108356859050854,0.38313657032787973,4.988281948470563
pair001,SB,conf005,299.0,Re,0.15075733212565723,0.37455455972740626,4.99963224218469
pair001,SB,conf005,299.5,Re,0.1404183034122657,0.36600449142553715,5.01090715698167
pair001,SB,conf005,300.0,Re,0.13006704091312482,0.357487418808607,5.022106194257066
pair001,SB,conf005,300.50000000000006,Re,0.11970411272443471,0.3490044059765893,5.0332288605390705
pair001,SB,conf005,301.0,Re,0.10933009685620543,0.3405565277419116,5.0442746674603836
pair001,SB,conf005,301.5,Re,0.09894558152259392,0.3321448696203235,5.0552431317305135
pair001,SB,conf005,302.0,Re,0.08855116544254393,0.32377052781339866,5.066133775108458
pair001,SB,conf005,302.5,Re,0.07814745815108926,0.315434609182222,5.076946124375807
pair001,SB,conf005,303.0,Re,0.06773508032172382,0.3071382312118274,5.087679711310209
pair001,SB,conf005,303.5,Re,0.05731466410022601,0.298882521965917,5.098334072659256
pair001,SB,conf005,303.99999999999994,Re,0.046886853450363475,0.2906686200313977,5.108908750114731
pair001,SB,conf005,304.5,Re,0.03645230451188164,0.28249767445224205,5.119403290287266
pair001,SB,conf005,305.0,Re,0.02601168597124759,0.2743708446522044,5.129817244681339
pair001,SB,conf005,305.5,Re,0.01556567944557008,0.2662893003458675,5.140150169670692
pair001,SB,conf005,306.0,Re,0.005114979880174841,0.2582542214375183,5.150401626474091
pair001,SB,conf005,306.49999999999994,Re,-0.00533970403967432,0.25026679790735296,5.160571181131461
pair001,SB,conf005,307.0,Re,-0.015797649462445218,0.24232822968445422,5.170658404480394
pair001,SB,conf005,307.5,Re,-0.026258118928861984,0.2344397265060374,5.180662872133015
pair001,SB,conf005,308.0,Re,-0.03672035991478939,0.22660250776241697,5.19058416445319
pair001,SB,conf005,308.5,Re,-0.04718360435793523,0.21881780232715076,5.200421866534123
pair001,SB,conf005,309.0,Re,-0.05764706816783294,0.21108684837182312,5.21017556817627
pair001,SB,conf005,309.50000000000006,Re,-0.06810995071854253,0.20341089316492655,5.2198448638656085
pair001,SB,conf005,310.0,Re,-0.07857143432351732,0.19579119285428237,5.229429352752266
pair001,SB,conf005,310.5,Re,-0.08903068369205358,0.18822901223246724,5.238928638629476
pair001,SB,conf005,311.0,Re,-0.09948684536672969,0.18072562448470575,5.248342329912862
pair001,SB,conf005,311.5,Re,-0.10993904714126934,0.17328231091868007,5.2576700396200735
pair001,SB,conf005,312.0,Re,-0.12038639745819091,0.16590036067574587,5.2669113853507366
pair001,SB,conf005,312.5,Re,-0.13082798478567925,0.1585810704230144,5.276065989266732
pair001,SB,conf005,312.99999999999994,Re,-0.1412628769730344,0.15132574402580756,5.285133478072806
pair001,SB,conf005,313.5,Re,-0.15169012058412168,0.14413569219997324,5.294113482997483
pair001,SB,conf005,313.99999999999994,Re,-0.16210874020818133,0.13701223214360136,5.303005639774311
pair001,SB,conf005,314.5,Re,-0.1725177377474303,0.12995668714765118,5.311809588623397
pair001,SB,conf005,315.0,Re,-0.18291609168081813,0.12297038618507661,5.320524974233278
pair001,SB,conf005,315.5,Re,-0.19330275630338667,0.11605466347800597,5.329151445743074
pair001,SB,conf005,316.0,Re,-0.20367666094063308,0.10921085804260522,5.337688656724941
pair001,SB,conf005,316.5,Re,-0.21403670913734585,0.10244031321124525,5.346136265166853
pair001,SB,conf005,317.0,Re,-0.22438177782035318,0.09574437613166475,5.354493933455643
pair001,SB,conf005,317.5,Re,-0.2347107164347153,0.08912439724281462,5.362761328360341
pair001,SB,conf005,318.0,Re,-0.24502234605287776,0.0825817297271414,5.370938121015827
pair001,SB,conf005,318.5,Re,-0.2553154584563557,0.07611772893910107,5.379023986906743
pair001,SB,conf005,319.0,Re,-0.2655888151896051,0.06973375180972607,5.387018605851685
pair001,SB,conf005,319.5,Re,-0.27584114658572667,0.06343115622714524,5.394921661987688
pair001,SB,conf005,320.0,Re,-0.28607115076380785,0.057211300392976616,5.40273284375499
pair001,SB,conf005,320.5,Re,-0.29627749259768366,0.051075542154601195,5.410451843882038
pair001,SB,conf005,321.0,Re,-0.3064588026560877,0.045025238313361804,5.418078359370801
pair001,SB,conf005,321.5,Re,-0.316613676114198,0.03906174390880501,5.425612091482325
pair001,SB,conf005,321.99999999999994,Re,-0.3267406716367218,0.0331864114791538,5.43305274572255
pair001,SB,conf005,322.5,Re,-0.3368383102328223,0.027400590298256144,5.440400031828414
pair001,SB,conf005,323.0,Re,-0.3469050740832853,0.021705625589343525,5.447653663754167
pair001,SB,conf005,323.50000000000006,Re,-0.35693940534055524,0.008262301296779073,5.454813359657992
pair001,SB,conf005,324.0,Re,-0.3669397049024026,-0.007844939617801305,5.461878841888836
pair001,SB,conf005,324.5,Re,-0.3769043311602427,-0.023944417784208083,5.4688498369735115
pair001,SB,conf005,325.0,Re,-0.38683159872331174,-0.04003466346927631,5.475726075604031
pair001,SB,conf005,325.5,Re,-0.39671977712022355,-0.0561141622548329,5.482507292625208
pair001,SB,conf005,326.0,Re,-0.40656708947965225,-0.07218135301798556,5.489193227022454
pair001,SB,conf005,326.50000000000006,Re,-0.4163717111922729,-0.08823462580888797,5.495783621909865
pair001,SB,conf005,327.0,Re,-0.4261317685563688,-0.10427231962062411,5.5022782245185
pair001,SB,conf005,327.5,Re,-0.4358453374099758,-0.12029272004577951,5.508676786184919
pair001,SB,conf005,327.99999999999994,Re,-0.4455104417527773,-0.1362940568138773,5.514979062339943
pair001,SB,conf005,328.5,Re,-0.45512505236148004,-0.15227450120376784,5.521184812497632
pair001,SB,conf005,329.0,Re,-0.46468708540286574,-0.16823216332471835,5.527293800244495
pair001,SB,conf005,329.49999999999994,Re,-0.47419440104929467,-0.1841650892598392,5.53330579322893
pair001,SB,conf005,330.0,Re,-0.48364480210195926,-0.20007125806513892,5.5392205631508755
pair001,SB,conf005,330.5,Re,-0.49303603262789686,-0.21594857861742223,5.545037885751668
pair001,SB,conf005,331.0,Re,-0.5023657766174026,-0.23181285363739312,5.550757540804144
pair001,SB,conf005,331.5,Re,-0.511631656669234,-0.24772974199074138,5.556379312102925
pair001,SB,conf005,332.0,Re,-0.5208312327117892,-0.2637029778711837,5.561902987454934
pair001,SB,conf005,332.50000000000006,Re,-0.529962000769252,-0.27972959060479585,5.567328358670109
pair001,SB,conf005,333.0,Re,-0.5390213917826183,-0.29580651809519654,5.572655221552321
pair001,SB,conf005,333.49999999999994,Re,-0.5480067704964322,-0.31193060190393695,5.577883375890515
pair001,SB,conf005,334.00000000000006,Re,-0.5569154344230388,-0.32809858199098585,5.583012625450031
pair001,SB,conf005,334.5,Re,-0.5657446128972065,-0.34430709109073576,5.58804277796413
pair001,SB,conf005,335.0,Re,-0.5744914662350595,-0.3605526486972994,5.5929736451257295
pair001,SB,conf005,335.49999999999994,Re,-0.5831530850123106,-0.37683165463096757,5.597805042579328
pair001,SB,conf005,336.0,Re,-0.5917264894779853,-0.3931403821559203,5.602536789913115
pair001,SB,conf005,336.5,Re,-0.6002086291209446,-0.40947497061725446,5.607168710651287
pair001,SB,conf005,336.99999999999994,Re,-0.608596382407704,-0.42583141756345544,5.611700632246555
pair001,SB,conf005,337.5,Re,-0.6168865567111796,-0.4422055703182781,5.61613238607282
pair001,SB,conf005,338.0,Re,-0.6250758884511496,-0.4585931169640054,5.620463807418064
pair001,SB,conf005,338.5,Re,-0.6331610434683491,-0.47498957669599196,5.6246947354774
pair001,SB,conf005,339.0,Re,-0.6411386176550921,-0.4913902895062614,5.628825013346329
pair001,SB,conf005,339.5,Re,-0.6490051378663586,-0.5077904051521485,5.632854488014162
pair001,SB,conf005,340.0,Re,-0.6567570631360681,-0.5241848713640742,5.636783010357629
pair001,SB,conf005,340.5,Re,-0.6643907862240168,-0.5405684212451036,5.640610435134665
pair001,SB,conf005,340.99999999999994,Re,-0.6719026355194778,-0.5569355598136869,5.644336620978374
pair001,SB,conf005,341.50000000000006,Re,-0.6792888773277782,-0.5732805496402518,5.647961430391176
pair001,SB,conf005,342.0,Re,-0.686545718566267,-0.5895973955281888,5.65148472973911
pair001,SB,conf005,342.49999999999994,Re,-0.6936693098958776,-0.6058798281904658,5.654906389246335
pair001,SB,conf005,343.00000000000006,Re,-0.7006557493139033,-0.6341154631286241,5.658226282989778
pair001,SB,conf005,343.5,Re,-0.7075010862327239,-0.662498188055302,5.66144428889397
pair001,SB,conf005,344.0,Re,-0.7142013260678521,-0.690940735622749,5.664560288726046
pair001,SB,conf005,344.49999999999994,Re,-0.7207524353568318,-0.7194399450547985,5.667574168090903
pair001,SB,conf005,345.0,Re,-0.7479925090500888,-0.7479925090500888,5.670485816426549
pair001,SB,conf005,345.5,Re,-0.7765949517869826,-0.7765949517869826,5.6732951269995855
pair001,SB,conf005,346.0,Re,-0.8052436026289213,-0.8052436026289213,5.676001996900881
pair001,SB,conf005,346.5,Re,-0.8339345645300015,-0.8339345645300015,5.678606327041397
pair001,SB,conf005,347.0,Re,-0.8626636758676824,-0.8626636758676824,5.681108022148175
pair001,SB,conf005,347.5,Re,-0.8914264640697833,-0.8914264640697833,5.683506990760483
pair001,SB,conf005,348.0,Re,-0.9202180889262274,-0.9202180889262274,5.68580314522614
pair001,SB,conf005,348.50000000000006,Re,-0.949033272837681,-0.949033272837681,5.687996401697969
pair001,SB,conf005,349.0,Re,-0.9778662143914117,-0.9778662143914117,5.690086680130438
pair001,SB,conf005,349.5,Re,-1.0067104804797513,-1.0067104804797513,5.692073904276443
pair001,SB,conf005,349.99999999999994,Re,-1.0355588705576735,-1.0355588705576735,5.693958001684246
pair001,SB,conf005,350.50000000000006,Re,-1.0644032443824492,-1.0644032443824492,5.695738903694586
pair001,SB,conf005,351.0,Re,-1.0932343014039714,-1.0932343014039714,5.697416545437926
pair001,SB,conf005,351.49999999999994,Re,-1.122041295449809,-1.122041295449809,5.6989908658318615
pair001,SB,conf005,352.0,Re,-1.1508116618162783,-1.1508116618162783,5.700461807578693
pair001,SB,conf005,352.5,Re,-1.1795305243184229,-1.1795305243184229,5.701829317163128
pair001,SB,conf005,353.0,Re,-1.2081800356673449,-1.2081800356673449,5.703093344850174
pair001,SB,conf005,353.5,Re,-1.2367384831848889,-1.2367384831848889,5.704253844683134
pair001,SB,conf005,354.0,Re,-1.265179059217993,-1.265179059217993,5.7053107744818075
pair001,SB,conf005,354.5,Re,-1.2934681449511836,-1.2934681449511836,5.706264095840796
pair001,SB,conf005,355.0,Re,-1.321562876531458,-1.321562876531458,5.707113774127988
pair001,SB,conf005,355.5,Re,-1.3494076351025224,-1.3494076351025224,5.707859778483188
pair001,SB,conf005,356.00000000000006,Re,-1.37692889712656,-1.37692889712656,5.708502081816894
pair001,SB,conf005,356.5,Re,-1.4040275494443137,-1.4040275494443137,5.709040660809215
pair001,SB,conf005,357.0,Re,-1.4305672420192188,-1.4305672420192188,5.709475495908968
pair001,SB,conf005,357.50000000000006,Re,-1.4563565330544426,-1.4563565330544426,5.709806571332885
pair001,SB,conf005,358.0,Re,-1.4811214570313946,-1.4811214570313946,5.7100338750649975
pair001,SB,conf005,358.5,Re,-1.5044641140516173,-1.5044641140516173,5.710157398856165
pair001,SB,conf005,358.99999999999994,Re,-1.5258039243990438,-1.5258039243990438,5.71017713822374
pair001,SB,conf005,359.50000000000006,Re,-1.5443079389050134,-1.5443079389050134,5.7100930924514035
pair002,Bz,conf008,0.0,Si,-1.5588783625322336,-1.5588783625322336,
pair002,Bz,conf008,0.5,Si,-1.5686476642064362,-1.5686476642064362,
pair002,Bz,conf008,1.0,Si,-1.5720112241585442,-1.5720112241585442,
pair002,Bz,conf008,1.5,Si,-1.568475724178274,-1.568475724178274,
pair002,Bz,conf008,2.0,Si,-1.5585584862822544,-1.5585584862822544,
pair002,Bz,conf008,2.5,Si,-1.5434702546783479,-1.5434702546783479,
pair002,Bz,conf008,3.0,Si,-1.5245436186139303,-1.5245436186139303,
pair002,Bz,conf008,3.5,Si,-1.5028856508581585,-1.5028856508581585,
pair002,Bz,conf008,4.0,Si,-1.4793041598734333,-1.4793041598734333,
pair002,Bz,conf008,4.5,Si,-1.4543581526025529,-1.4543581526025529,
pair002,Bz,conf008,5.0,Si,-1.4284294437795437,-1.4284294437795437,
pair002,Bz,conf008,5.5,Si,-1.40178059896009,-1.40178059896009,
pair002,Bz,conf008,6.0,Si,-1.37459508888615,-1.37459508888615,
pair002,Bz,conf008,6.5,Si,-1.347003670634525,-1.347003670634525,
pair002,Bz,conf008,7.0,Si,-1.319101488426762,-1.319101488426762,
pair002,Bz,conf008,7.499999999999999,Si,-1.2909592077647982,-1.2909592077647982,
pair002,Bz,conf008,8.0,Si,-1.2626303567567234,-1.2626303567567234,
pair002,Bz,conf008,8.5,Si,-1.2341562455677288,-1.2341562455677288,
pair002,Bz,conf008,9.0,Si,-1.2055693208236302,-1.2055693208236302,
pair002,Bz,conf008,9.499999999999998,Si,-1.1768954930857425,-1.1768954930857425,
pair002,Bz,conf008,10.0,Si,-1.1481557792514643,-1.1481557792514643,
pair002,Bz,conf008,10.5,Si,-1.1193674802325302,-1.1193674802325302,
pair002,Bz,conf008,11.0,Si,-1.0905450382029627,-1.0905450382029627,
pair002,Bz,conf008,11.499999999999998,Si,-1.0617006694288917,-1.0617006694288917,
pair002,Bz,conf008,12.0,Si,-1.0442848558074047,-1.0442848558074047,
pair002,Bz,conf008,12.5,Si,-1.0350153069307297,-1.0350153069307297,
pair002,Bz,conf008,13.0,Si,-1.0252465041935657,-1.0252465041935657,
pair002,Bz,conf008,13.5,Si,-1.0150026791534001,-1.0150026791534001,
pair002,Bz,conf008,14.0,Si,-1.0043078249162667,-1.0043078249162667,
pair002,Bz,conf008,14.500000000000002,Si,-0.9931855553001367,-0.9931855553001367,
pair002,Bz,conf008,14.999999999999998,Si,-0.9816589876847998,-0.9816589876847998,
pair002,Bz,conf008,15.5,Si,-0.9697506481170145,-0.9697506481170145,
pair002,Bz,conf008,16.0,Si,-0.9574823968727272,-0.9574823968727272,
pair002,Bz,conf008,16.5,Si,-0.9448753724584238,-0.9448753724584238,
pair002,Bz,conf008,17.0,Si,-0.9319499519361292,-0.9319499519361292,
pair002,Bz,conf008,17.5,Si,-0.9187257254555695,-0.9187257254555695,
pair002,Bz,conf008,18.0,Si,-0.9052214829485163,-0.9052214829485163,
pair002,Bz,conf008,18.5,Si,-0.8914552110628549,-0.8914552110628549,
pair002,Bz,conf008,18.999999999999996,Si,-0.877444098569355,-0.877444098569355,
pair002,Bz,conf008,19.5,Si,-0.8632045486477127,-0.8632045486477127,
pair002,Bz,conf008,20.0,Si,-0.8487521966387254,-0.8487521966387254,
pair002,Bz,conf008,20.499999999999996,Si,-0.834101932027989,-0.834101932027989,
pair002,Bz,conf008,21.0,Si,-0.8192679235971921,-0.8192679235971921,
pair002,Bz,conf008,21.5,Si,-0.8042636468380974,-0.8042636468380974,
pair002,Bz,conf008,22.0,Si,-0.7891019128692347,-0.7891019128692347,
pair002,Bz,conf008,22.5,Si,-0.7737948982252183,-0.7737948982252183,
pair002,Bz,conf008,22.999999999999996,Si,-0.7583541750032119,-0.7583541750032119,
pair002,Bz,conf008,23.5,Si,-0.7427907409509148,-0.7427907409509148,
pair002,Bz,conf008,24.0,Si,-0.7271150491664322,-0.7271150491664322,
pair002,Bz,conf008,24.5,Si,-0.7113370371536163,-0.7113370371536163,
pair002,Bz,conf008,25.0,Si,-0.6954661550382226,-0.6954661550382226,
pair002,Bz,conf008,25.499999999999996,Si,-0.6795113928018204,-0.6795113928018204,
pair002,Bz,conf008,26.0,Si,-0.6634813064330216,-0.6634813064330216,
pair002,Bz,conf008,26.5,Si,-0.6473840429305338,-0.6473840429305338,
pair002,Bz,conf008,27.0,Si,-0.6312273641208299,-0.6312273641208299,
pair002,Bz,conf008,27.5,Si,-0.6150186692758683,-0.6150186692758683,
pair002,Bz,conf008,28.0,Si,-0.5987650165342246,-0.5987650165342246,
pair002,Bz,conf008,28.5,Si,-0.5824731431428738,-0.5824731431428738,
pair002,Bz,conf008,29.000000000000004,Si,-0.5661494845475166,-0.5661494845475166,
pair002,Bz,conf008,29.499999999999996,Si,-0.549800192367206,-0.549800192367206,
pair002,Bz,conf008,29.999999999999996,Si,-0.5334311512946981,-0.5334311512946981,
pair002,Bz,conf008,30.5,Si,-0.5170479949678084,-0.5170479949678084,
pair002,Bz,conf008,31.0,Si,-0.5006561208594438,-0.5006561208594438,
pair002,Bz,conf008,31.5,Si,-0.4842607042352205,-0.4842607042352205,
pair002,Bz,conf008,32.0,Si,-0.46786671122789536,-0.46786671122789536,
pair002,Bz,conf008,32.5,Si,-0.45147891107747795,-0.45147891107747795,
pair002,Bz,conf008,33.0,Si,-0.4351018875849204,-0.4351018875849204,
pair002,Bz,conf008,33.49999999999999,Si,-0.4187400498259979,-0.4187400498259979,
pair002,Bz,conf008,34.0,Si,-0.406839743444559,-0.402397642170331,
pair002,Bz,conf008,34.5,Si,-0.39698457026502454,-0.38607875364870137,
pair002,Bz,conf008,35.0,Si,-0.38708858510819777,-0.3697873267098162,
pair002,Bz,conf008,35.5,Si,-0.3771535650900937,-0.3535271654056833,
pair002,Bz,conf008,36.0,Si,-0.36718124085682047,-0.3373019430426516,
pair002,Bz,conf008,36.5,Si,-0.35717329790927077,-0.3211152093331402,
pair002,Bz,conf008,37.0,Si,-0.3471313779066352,-0.3049703970810229,
pair002,Bz,conf008,37.5,Si,-0.3370570799469761,-0.288870828431679,
pair002,Bz,conf008,37.99999999999999,Si,-0.3269519618233827,-0.2728197207157841,
pair002,Bz,conf008,38.5,Si,-0.3168175412544838,-0.2568201919140889,
pair002,Bz,conf008,39.0,Si,-0.30665529708835026,-0.2408752657686768,
pair002,Bz,conf008,39.5,Si,-0.2964666704789849,-0.22498787656450236,
pair002,Bz,conf008,40.0,Si,-0.2862530660348481,-0.20912837193916012,
pair002,Bz,conf008,40.5,Si,-0.27601585293897335,-0.19324002024033393,
pair002,Bz,conf008,40.99999999999999,Si,-0.26575636604042363,-0.17732371237134625,
pair002,Bz,conf008,41.5,Si,-0.25547590691694055,-0.16138150917268934,
pair002,Bz,conf008,42.0,Si,-0.2451757449087797,-0.14541540267643116,
pair002,Bz,conf008,42.5,Si,-0.23485711812380905,-0.12942731919207984,
pair002,Bz,conf008,43.0,Si,-0.22452123441405125,-0.11341912224431061,
pair002,Bz,conf008,43.5,Si,-0.2141692723239219,-0.09739261536927302,
pair002,Bz,conf008,44.0,Si,-0.20380238201048861,-0.08134954477604595,
pair002,Bz,conf008,44.50000000000001,Si,-0.1934216861361313,-0.06529160187954686,
pair002,Bz,conf008,45.0,Si,-0.18302828073402888,-0.049220425711004046,
pair002,Bz,conf008,45.5,Si,-0.17262323604696128,-0.03313760521186304,
pair002,Bz,conf008,45.99999999999999,Si,-0.1622075973399164,-0.017044681416767515,
pair002,Bz,conf008,46.49999999999999,Si,-0.1517823856870537,-0.000943149531016374,
pair002,Bz,conf008,47.0,Si,-0.1413485987335794,0.015165539092310887,
pair002,Bz,conf008,47.5,Si,-0.13090721143311534,0.031279975070616084,
pair002,Bz,conf008,48.0,Si,-0.12045917676115137,0.04739878920069951,
pair002,Bz,conf008,48.5,Si,-0.11000542640518884,0.0635206507538173,
pair002,Bz,conf008,49.0,Si,-0.09954687143218188,0.07964426585256956,
pair002,Bz,conf008,49.50000000000001,Si,-0.08908440293389441,0.09576837592552723,
pair002,Bz,conf008,50.0,Si,-0.07861889265078026,0.11189175623569314,
pair002,Bz,conf008,50.5,Si,-0.06815119357500476,0.12801321447908354,
pair002,Bz,conf008,50.99999999999999,Si,-0.0576821405332153,0.1441315894498989,
pair002,Bz,conf008,51.49999999999999,Si,-0.04721255074966213,0.16024574976894135,
pair002,Bz,conf008,52.0,Si,-0.03674322439026878,0.17635459267207665,
pair002,Bz,conf008,52.50000000000001,Si,-0.02627494508823669,0.19245704285573417,
pair002,Bz,conf008,53.0,Si,-0.015808480451769302,0.20855205137656418,
pair002,Bz,conf008,53.5,Si,-0.005344582554471344,0.22463859460253044,
pair002,Bz,conf008,54.0,Si,0.005116011591002501,0.24071567321285836,
pair002,Bz,conf008,54.49999999999999,Si,0.015572579575517942,0.25678231124438544,
pair002,Bz,conf008,55.0,Si,0.026024413151716663,0.2728375551819928,
pair002,Bz,conf008,55.5,Si,0.03647081780742334,0.28888047309091136,
pair002,Bz,conf008,56.0,Si,0.04691111235371648,0.3049101537888219,
pair002,Bz,conf008,56.5,Si,0.05734462852715061,0.3209257060557571,
pair002,Bz,conf008,57.0,Si,0.06777071060566597,0.33692625787994657,
pair002,Bz,conf008,57.5,Si,0.07818871503770164,0.3529109557378065,
pair002,Bz,conf008,58.00000000000001,Si,0.08859801008407309,0.3688789639064052,
pair002,Bz,conf008,58.5,Si,0.09899797547216038,0.38482946380679706,
pair002,Bz,conf008,58.99999999999999,Si,0.10938800206199395,0.4007616533767153,
pair002,Bz,conf008,59.5,Si,0.11976749152380917,0.4166747464711815,
pair002,Bz,conf008,59.99999999999999,Si,0.130135856026679,0.43256797228968424,
pair002,Bz,conf008,60.5,Si,0.14049251793783157,0.4484405748286193,
pair002,Bz,conf008,61.0,Si,0.15083690953227746,0.4642918123577837,
pair002,Bz,conf008,61.50000000000001,Si,0.1611684727123872,0.48012095691975776,
pair002,Bz,conf008,62.0,Si,0.17148665873705426,0.4959272938510739,
pair002,Bz,conf008,62.49999999999999,Si,0.18179092796012752,0.5117101213241335,
pair002,Bz,conf008,63.0,Si,0.19208074957775656,0.5274687499088804,
pair002,Bz,conf008,63.50000000000001,Si,0.20235560138435615,0.543202502153296,
pair002,Bz,conf008,64.0,Si,0.21261496953687153,0.5589107121818182,
pair002,Bz,conf008,64.5,Si,0.22285834832705298,0.5745927253108525,
pair002,Bz,conf008,65.0,Si,0.23308523996145492,0.5902478976805654,
pair002,Bz,conf008,65.50000000000001,Si,0.24329515434887772,0.6058755959021933,
pair002,Bz,conf008,66.0,Si,0.25348760889500177,0.6214751967201628,
pair002,Bz,conf008,66.5,Si,0.2636621283039431,0.6370460866883236,
pair002,Bz,conf008,66.99999999999999,Si,0.2738182443864907,0.6525876618596447,
pair002,Bz,conf008,67.5,Si,0.28395549587478786,0.6680993274887579,
pair002,Bz,conf008,68.0,Si,0.29407342824322424,0.6835804977467614,
pair002,Bz,conf008,68.5,Si,0.30417159353532663,0.6990305954477252,
pair002,Bz,conf008,69.0,Si,0.31424955019642287,0.7144490517863702,
pair002,Bz,conf008,69.5,Si,0.3243068629118857,0.7298353060864107,
pair002,Bz,conf008,70.0,Si,0.3343431024507506,0.7451888055590887,
pair002,Bz,conf008,70.49999999999999,Si,0.34435784551452175,0.7605090050714389,
pair002,Bz,conf008,71.0,Si,0.35435067459098035,0.7757953669238591,
pair002,Bz,conf008,71.5,Si,0.36432117781282014,0.7910473606365602,
pair002,Bz,conf008,72.0,Si,0.3742689488209383,0.8062644627445208,
pair002,Bz,conf008,72.5,Si,0.3841935866322215,0.8214461566005615,
pair002,Bz,conf008,73.0,Si,0.3940946955116602,0.8365919321861843,
pair002,Bz,conf008,73.50000000000001,Si,0.40397188484865376,0.8517012859298487,
pair002,Bz,conf008,74.0,Si,0.4138247690373411,0.8667737205323498,
pair002,Bz,conf008,74.5,Si,0.42365296736083446,0.8818087447990062,
pair002,Bz,conf008,75.0,Si,0.43345610387920974,0.8957345698218651,
pair002,Bz,conf008,75.5,Si,0.44323380732112216,0.8850010276973352,
pair002,Bz,conf008,75.99999999999999,Si,0.4529857109789226,0.8742470559781641,
pair002,Bz,conf008,76.5,Si,0.4627114526071605,0.8634732216694554,
pair002,Bz,conf008,77.0,Si,0.47241067432434414,0.8526800989450092,
pair002,Bz,conf008,77.5,Si,0.4820830225178512,0.8418682692803079,
pair002,Bz,conf008,78.0,Si,0.491728147751888,0.8310383215885759,
pair002,Bz,conf008,78.49999999999999,Si,0.5013457046783778,0.8201908523599635,
pair002,Bz,conf008,79.0,Si,0.5109353519506896,0.8093264658039152,
pair002,Bz,conf008,79.5,Si,0.5204967521401092,0.7984457739947846,
pair002,Bz,conf008,80.0,Si,0.530029571654951,0.7875493970207501,
pair002,Bz,conf008,80.49999999999999,Si,0.5395334806622298,0.7766379631360956,
pair002,Bz,conf008,81.0,Si,0.5490081530118018,0.7657121089169083,
pair002,Bz,conf008,81.5,Si,0.5584532661628876,0.7547724794202588,
pair002,Bz,conf008,81.99999999999999,Si,0.5678685011129041,0.7438197283469072,
pair002,Bz,conf008,82.5,Si,0.5772535423285257,0.7328545182076132,
pair002,Bz,conf008,83.0,Si,0.5866080776788871,0.7218775204930823,
pair002,Bz,conf008,83.50000000000001,Si,0.5959317983708841,0.7108894158476178,
pair002,Bz,conf008,84.0,Si,0.6052243988864674,0.6998908942465258,
pair002,Bz,conf008,84.5,Si,0.6144855769218946,0.688882655177325,
pair002,Bz,conf008,85.0,Si,0.623715033328849,0.677865407824813,
pair002,Bz,conf008,85.5,Si,0.6329124720573864,0.6668398712600323,
pair002,Bz,conf008,86.0,Si,0.6420776001006321,0.6558067746331819,
pair002,Bz,conf008,86.5,Si,0.6447668573705287,0.6447668573705287,
pair002,Bz,conf008,87.0,Si,0.6337208693753331,0.6337208693753331,
pair002,Bz,conf008,87.49999999999999,Si,0.6226695712328525,0.6226695712328525,
pair002,Bz,conf008,88.0,Si,0.6116137344194399,0.6116137344194399,
pair002,Bz,conf008,88.5,Si,0.6005541415157658,0.6005541415157658,
pair002,Bz,conf008,89.00000000000001,Si,0.5894915864241981,0.5894915864241981,
pair002,Bz,conf008,89.5,Si,0.5784268745903478,0.5784268745903478,
pair002,Bz,conf008,90.0,Si,0.5673608232288003,0.5673608232288003,
pair002,Bz,conf008,90.5,Si,0.5562942615530455,0.5562942615530455,
pair002,Bz,conf008,91.0,Si,0.5452280310095954,0.5452280310095954,
pair002,Bz,conf008,91.5,Si,0.5341629855162957,0.5341629855162957,
pair002,Bz,conf008,91.99999999999999,Si,0.5230999917048174,0.5230999917048174,
pair002,Bz,conf008,92.5,Si,0.5120399291673021,0.5120399291673021,
pair002,Bz,conf008,92.99999999999999,Si,0.5009836907071363,0.5009836907071363,
pair002,Bz,conf008,93.50000000000001,Si,0.4899321825938119,0.4899321825938119,
pair002,Bz,conf008,94.0,Si,0.47888632482183424,0.47888632482183424,
pair002,Bz,conf008,94.5,Si,0.4678470513735926,0.4678470513735926,
pair002,Bz,conf008,95.0,Si,0.45681531048615587,0.45681531048615587,
pair002,Bz,conf008,95.5,Si,0.4457920649218756,0.4457920649218756,
pair002,Bz,conf008,96.0,Si,0.43477829224271214,0.43477829224271214,
pair002,Bz,conf008,96.5,Si,0.4237749850881738,0.4237749850881738,
pair002,Bz,conf008,97.0,Si,0.41278315145672795,0.41278315145672795,
pair002,Bz,conf008,97.49999999999999,Si,0.4018038149905403,0.4018038149905403,
pair002,Bz,conf008,98.0,Si,0.3908380152633837,0.3908380152633837,
pair002,Bz,conf008,98.49999999999999,Si,0.37988680807152586,0.37988680807152586,
pair002,Bz,conf008,99.00000000000001,Si,0.36895126572738257,0.36895126572738257,
pair002,Bz,conf008,99.5,Si,0.35803247735573174,0.35803247735573174,
pair002,Bz,conf008,100.0,Si,0.34713154919220757,0.34713154919220757,
pair002,Bz,conf008,100.50000000000001,Si,0.3362496048838215,0.3362496048838215,
pair002,Bz,conf008,101.0,Si,0.32538778579119776,0.32538778579119776,
pair002,Bz,conf008,101.5,Si,0.3145472512921923,0.3145472512921923,
pair002,Bz,conf008,101.99999999999999,Si,0.3037291790865344,0.3037291790865344,
pair002,Bz,conf008,102.5,Si,0.29293476550110076,0.29293476550110076,
pair002,Bz,conf008,102.99999999999999,Si,0.2821652257953944,0.2821652257953944,
pair002,Bz,conf008,103.49999999999999,Si,0.2714217944667672,0.2714217944667672,
pair002,Bz,conf008,104.0,Si,0.26070572555488614,0.26070572555488614,
pair002,Bz,conf008,104.5,Si,0.25001829294491085,0.25001829294491085,
pair002,Bz,conf008,105.00000000000001,Si,0.23936079066879445,0.23936079066879445,
pair002,Bz,conf008,105.5,Si,0.22873453320409887,0.22873453320409887,
pair002,Bz,conf008,106.0,Si,0.21814085576964093,0.21814085576964093,
pair002,Bz,conf008,106.5,Si,0.20758111461726703,0.20758111461726703,
pair002,Bz,conf008,107.0,Si,0.19705668731898984,0.19705668731898984,
pair002,Bz,conf008,107.49999999999999,Si,0.18656897304865971,0.18656897304865971,
pair002,Bz,conf008,108.0,Si,0.17611939285731393,0.17611939285731393,
pair002,Bz,conf008,108.5,Si,0.1657093899412696,0.1657093899412696,
pair002,Bz,conf008,108.99999999999999,Si,0.15534042990196895,0.15534042990196895,
pair002,Bz,conf008,109.50000000000001,Si,0.1450140009965415,0.1450140009965415,
pair002,Bz,conf008,110.0,Si,0.13473161437796866,0.13473161437796866,
pair002,Bz,conf008,110.50000000000001,Si,0.12449480432366711,0.12449480432366711,
pair002,Bz,conf008,111.0,Si,0.1143051284512655,0.1143051284512655,
pair002,Bz,conf008,111.5,Si,0.10416416792025096,0.10416416792025096,
pair002,Bz,conf008,112.0,Si,0.09407352761811172,0.09407352761811172,
pair002,Bz,conf008,112.5,Si,0.08403483632951536,0.08403483632951536,
pair002,Bz,conf008,113.0,Si,0.07404974688700428,0.07404974688700428,
pair002,Bz,conf008,113.49999999999999,Si,0.06411993630159984,0.06411993630159984,
pair002,Bz,conf008,114.0,Si,0.05424710587163806,0.05424710587163806,
pair002,Bz,conf008,114.49999999999999,Si,0.044432981268089256,0.044432981268089256,
pair002,Bz,conf008,115.0,Si,0.03467931259451862,0.03467931259451862,
pair002,Bz,conf008,115.50000000000001,Si,0.02498787441979533,0.02498787441979533,
pair002,Bz,conf008,116.00000000000001,Si,0.015360465781554256,0.015360465781554256,
pair002,Bz,conf008,116.5,Si,0.005798910158350212,0.005798910158350212,
pair002,Bz,conf008,117.0,Si,-0.0036949445916099055,-0.0036949445916099055,
pair002,Bz,conf008,117.5,Si,-0.013119226327388045,-0.013119226327388045,
pair002,Bz,conf008,117.99999999999999,Si,-0.022472038760144475,-0.022472038760144475,
pair002,Bz,conf008,118.50000000000001,Si,-0.0317514616282224,-0.0317514616282224,
pair002,Bz,conf008,119.0,Si,-0.040955550914888006,-0.040955550914888006,
pair002,Bz,conf008,119.5,Si,-0.050082339111190644,-0.050082339111190644,
pair002,Bz,conf008,119.99999999999999,Si,-0.05912983552644202,-0.05912983552644202,
pair002,Bz,conf008,120.50000000000001,Si,-0.06809602664888192,-0.06809602664888192,
pair002,Bz,conf008,121.0,Si,-0.07697887655911395,-0.07697887655911395,
pair002,Bz,conf008,121.5,Si,-0.0857763273989367,-0.0857763273989367,
pair002,Bz,conf008,122.0,Si,-0.09448629989820656,-0.09448629989820656,
pair002,Bz,conf008,122.49999999999999,Si,-0.10310669396238481,-0.10310669396238481,
pair002,Bz,conf008,123.00000000000001,Si,-0.11164266880811713,-0.11164266880811713,
pair002,Bz,conf008,123.5,Si,-0.12011202618217198,-0.12011202618217198,
pair002,Bz,conf008,124.0,Si,-0.12851287708257253,-0.12851287708257253,
pair002,Bz,conf008,124.49999999999999,Si,-0.13684206930628262,-0.13684206930628262,
pair002,Bz,conf008,124.99999999999999,Si,-0.14509641942672213,-0.14509641942672213,
pair002,Bz,conf008,125.5,Si,-0.15327271404296594,-0.15327271404296594,
pair002,Bz,conf008,126.0,Si,-0.16136771114997672,-0.16136771114997672,
pair002,Bz,conf008,126.5,Si,-0.169378141634986,-0.169378141634986,
pair002,Bz,conf008,127.00000000000001,Si,-0.17730071090501376,-0.17730071090501376,
pair002,Bz,conf008,127.50000000000001,Si,-0.18513210065037122,-0.18513210065037122,
pair002,Bz,conf008,128.0,Si,-0.19286897074880005,-0.19286897074880005,
pair002,Bz,conf008,128.5,Si,-0.20050796131465032,-0.20050796131465032,
pair002,Bz,conf008,129.0,Si,-0.21046191739093367,-0.20804569489720026,
pair002,Bz,conf008,129.49999999999997,Si,-0.22159853148936892,-0.21547877883189104,
pair002,Bz,conf008,130.0,Si,-0.23273747595490057,-0.2228038077478125,
pair002,Bz,conf008,130.5,Si,-0.24387794625912473,-0.23001736623433144,
pair002,Bz,conf008,131.00000000000003,Si,-0.25501911949170775,-0.23711603166921136,
pair002,Bz,conf008,131.5,Si,-0.2661601537057974,-0.24409637720998245,
pair002,Bz,conf008,132.0,Si,-0.2773001872369143,-0.2509549749496591,
pair002,Bz,conf008,132.5,Si,-0.2884383379942479,-0.257688399237165,
pair002,Bz,conf008,133.0,Si,-0.2995737027232612,-0.2642932301620462,
pair002,Bz,conf008,133.5,Si,-0.31070535623846385,-0.27076605720218017,
pair002,Bz,conf008,133.99999999999997,Si,-0.3218323506251872,-0.27710348303226273,
pair002,Bz,conf008,134.5,Si,-0.3329537144091492,-0.2833021274898695,
pair002,Bz,conf008,135.0,Si,-0.3440684516925834,-0.28935863169483533,
pair002,Bz,conf008,135.5,Si,-0.3551755412556643,-0.29526966231659757,
pair002,Bz,conf008,136.0,Si,-0.3662739356219329,-0.30103191598298484,
pair002,Bz,conf008,136.5,Si,-0.37736256008640656,-0.30664212382275213,
pair002,Bz,conf008,137.0,Si,-0.3884403117050299,-0.3120970561329188,
pair002,Bz,conf008,137.5,Si,-0.39950605824411056,-0.3173935271607198,
pair002,Bz,conf008,138.0,Si,-0.4105586370883574,-0.32252839998870186,
pair002,Bz,conf008,138.5,Si,-0.4215968541061419,-0.3274985915102291,
pair002,Bz,conf008,139.0,Si,-0.43261948247059223,-0.33230107748138704,
pair002,Bz,conf008,139.5,Si,-0.4436252614351408,-0.3369328976340453,
pair002,Bz,conf008,140.0,Si,-0.45461289506214486,-0.34139116083360954,
pair002,Bz,conf008,140.5,Si,-0.46558105090323565,-0.3456730502638683,
pair002,Bz,conf008,140.99999999999997,Si,-0.4765283586300817,-0.34977582862022594,
pair002,Bz,conf008,141.5,Si,-0.487453408614283,-0.3536968432916323,
pair002,Bz,conf008,142.0,Si,-0.4983547504551966,-0.35743353151060187,
pair002,Bz,conf008,142.50000000000003,Si,-0.5092308914545525,-0.3609834254499438,
pair002,Bz,conf008,143.0,Si,-0.5200802950368155,-0.3643441572441526,
pair002,Bz,conf008,143.5,Si,-0.53090137911438,-0.3675134639129225,
pair002,Bz,conf008,144.0,Si,-0.5416925143967981,-0.3704891921638793,
pair002,Bz,conf008,144.5,Si,-0.5524520226434455,-0.3732693030514682,
pair002,Bz,conf008,145.0,Si,-0.5631781748591789,-0.37585187646892826,
pair002,Bz,conf008,145.49999999999997,Si,-0.5738691894328269,-0.3782351154504955,
pair002,Bz,conf008,146.0,Si,-0.5845232302185674,-0.38041735026136925,
pair002,Bz,conf008,146.5,Si,-0.595138404560601,-0.38239704225357873,
pair002,Bz,conf008,147.00000000000003,Si,-0.605712761261862,-0.38417278746669403,
pair002,Bz,conf008,147.5,Si,-0.616244288497922,-0.38574331995332356,
pair002,Bz,conf008,148.0,Si,-0.6267309116777156,-0.3871075148105565,
pair002,Bz,conf008,148.5,Si,-0.6371704912532332,-0.3882643908998944,
pair002,Bz,conf008,149.0,Si,-0.647560820480934,-0.38921311323979224,
pair002,Bz,conf008,149.5,Si,-0.6578996231382994,-0.389952995056678,
pair002,Bz,conf008,150.0,Si,-0.6681845511997049,-0.3904834994821986,
pair002,Bz,conf008,150.5,Si,-0.6784131824766262,-0.39080424088647314,
pair002,Bz,conf008,151.0,Si,-0.6885830182281523,-0.39091498583928597,
pair002,Bz,conf008,151.5,Si,-0.6986914807487976,-0.3908156536933325,
pair002,Bz,conf008,151.99999999999997,Si,-0.7087359109417875,-0.3905063167859806,
pair002,Bz,conf008,152.5,Si,-0.7187135658872549,-0.38998720025829736,
pair002,Bz,conf008,153.0,Si,-0.7286216164161806,-0.3892586814924499,
pair002,Bz,conf008,153.5,Si,-0.73845714470247,-0.3883212891709209,
pair002,Bz,conf008,154.0,Si,-0.7482171418872062,-0.387175701963282,
pair002,Bz,conf008,154.5,Si,-0.7578985057509502,-0.3858227468484774,
pair002,Bz,conf008,155.0,Si,-0.7674980384519443,-0.3842633970827305,
pair002,Bz,conf008,155.5,Si,-0.777012444350158,-0.38249876982520825,
pair002,Bz,conf008,156.0,Si,-0.7864383279394158,-0.3805301234354874,
pair002,Bz,conf008,156.49999999999997,Si,-0.7957721919122474,-0.3783588544585985,
pair002,Bz,conf008,156.99999999999997,Si,-0.8050104353846664,-0.3759864943150324,
pair002,Bz,conf008,157.5,Si,-0.8141493523107678,-0.37341470571447744,
pair002,Bz,conf008,158.0,Si,-0.8231851301198431,-0.37064527881328413,
pair002,Bz,conf008,158.5,Si,-0.8321138486116164,-0.3676801271366583,
pair002,Bz,conf008,159.0,Si,-0.840931479148168,-0.36452128328742117,
pair002,Bz,conf008,159.5,Si,-0.8496338841841311,-0.36117089446375505,
pair002,Bz,conf008,160.0,Si,-0.8582168171797191,-0.3576312178087979,
pair002,Bz,conf008,160.5,Si,-0.8666759229441067,-0.35390461561512776,
pair002,Bz,conf008,160.99999999999997,Si,-0.875006738459472,-0.3499935504072256,
pair002,Bz,conf008,161.5,Si,-0.8832046942386448,-0.3459005799248136,
pair002,Bz,conf008,162.0,Si,-0.891265116271621,-0.34162835202965147,
pair002,Bz,conf008,162.5,Si,-0.8991832286181878,-0.3371795995578555,
pair002,Bz,conf008,163.0,Si,-0.9069541567053327,-0.3594914262085056,
pair002,Bz,conf008,163.5,Si,-0.9145729313890244,-0.38565144432268683,
pair002,Bz,conf008,163.99999999999997,Si,-0.9220344938400311,-0.41154530017870505,
pair002,Bz,conf008,164.5,Si,-0.9293337013127305,-0.4371493677446847,
pair002,Bz,conf008,165.0,Si,-0.936465333854049,-0.46243848467974025,
pair002,Bz,conf008,165.5,Si,-0.9434241020067512,-0.4873858552061201,
pair002,Bz,conf008,166.0,Si,-0.9502046555569824,-0.511962952639111,
pair002,Bz,conf008,166.5,Si,-0.9568015933702473,-0.5361394234590753,
pair002,Bz,conf008,167.00000000000003,Si,-0.963209474352618,-0.5598829953516422,
pair002,Bz,conf008,167.5,Si,-0.9694228295648897,-0.5831593922774534,
pair002,Bz,conf008,168.0,Si,-0.9754361755065307,-0.6059322603638073,
pair002,Bz,conf008,168.49999999999997,Si,-0.9812440285734753,-0.6281631092323343,
pair002,Bz,conf008,169.0,Si,-0.9868409206792257,-0.649811274275272,
pair002,Bz,conf008,169.5,Si,-0.9922214160122514,-0.6708339063394453,
pair002,Bz,conf008,170.0,Si,-0.9973801288845326,-0.6911859962258939,
pair002,Bz,conf008,170.49999999999997,Si,-1.0023117426063899,-0.7108204422947639,
pair002,Bz,conf008,171.0,Si,-1.0070110293018066,-0.7296881701840495,
pair002,Bz,conf008,171.50000000000003,Si,-1.0114728705565472,-0.7477383140813009,
pair002,Bz,conf008,172.0,Si,-1.015692278769024,-0.7649184689754218,
pair002,Bz,conf008,172.5,Si,-1.0196644190514723,-0.7811750226829376,
pair002,Bz,conf008,173.0,Si,-1.0233846315072483,-0.7964535750012804,
pair002,Bz,conf008,173.5,Si,-1.0268484536895033,-0.8106994489130777,
pair002,Bz,conf008,174.0,Si,-1.0300516430278632,-0.8238582952154531,
pair002,Bz,conf008,174.5,Si,-1.0329901989937667,-0.8358767872264075,
pair002,Bz,conf008,174.99999999999997,Si,-1.035660384762382,-0.8467033964049361,
pair002,Bz,conf008,175.5,Si,-1.038058748120375,-0.8562892330635876,
pair002,Bz,conf008,176.0,Si,-1.0401821413646148,-0.8645889293017603,
pair002,Bz,conf008,176.5,Si,-1.0420277399378652,-0.8715615344937364,
pair002,Bz,conf008,177.0,Si,-1.043593059553797,-0.8771713879305398,
pair002,Bz,conf008,177.5,Si,-1.0448759715756357,-0.8813889294067542,
pair002,Bz,conf008,178.00000000000003,Si,-1.0458747164302298,-0.8841914074596835,
pair002,Bz,conf008,178.5,Si,-1.0465879148622963,-0.8855634471787934,
pair002,Bz,conf008,179.0,Si,-1.0470145768615342,-0.887447808781138,
pair002,Bz,conf008,179.49999999999997,Si,-1.0471541081276468,-0.9173319630913326,
pair002,Bz,conf008,180.0,Re,-1.047006313974303,-0.9471701009302765,
pair002,Bz,conf008,180.5,Re,-1.0465714006118008,-0.9769473848937358,
pair002,Bz,conf008,181.0,Re,-1.0458499737885374,-1.0066468303604077,
pair002,Bz,conf008,181.5,Re,-1.0448430348123603,-1.0362488447368223,
pair002,Bz,conf008,182.0,Re,-1.065730647217424,-1.065730647217424,
pair002,Bz,conf008,182.50000000000003,Re,-1.095065533179133,-1.095065533179133,
pair002,Bz,conf008,183.0,Re,-1.1242219353542438,-1.1242219353542438,
pair002,Bz,conf008,183.5,Re,-1.153162217763371,-1.153162217763371,
pair002,Bz,conf008,183.99999999999997,Re,-1.1818411166968805,-1.1818411166968805,
pair002,Bz,conf008,184.5,Re,-1.2102037142751936,-1.2102037142751936,
pair002,Bz,conf008,185.0,Re,-1.2381827929065383,-1.2381827929065383,
pair002,Bz,conf008,185.5,Re,-1.2656953729929943,-1.2656953729929943,
pair002,Bz,conf008,185.99999999999997,Re,-1.2926381845789654,-1.2926381845789654,
pair002,Bz,conf008,186.5,Re,-1.3188817778522384,-1.3188817778522384,
pair002,Bz,conf008,187.00000000000003,Re,-1.344262968281571,-1.344262968281571,
pair002,Bz,conf008,187.5,Re,-1.3685754104569252,-1.3685754104569252,
pair002,Bz,conf008,188.0,Re,-1.39155844630962,-1.39155844630962,
pair002,Bz,conf008,188.5,Re,-1.4128852442254172,-1.4128852442254172,
pair002,Bz,conf008,189.0,Re,-1.4321530300263188,-1.4321530300263188,
pair002,Bz,conf008,189.5,Re,-1.4488812450658843,-1.4488812450658843,
pair002,Bz,conf008,190.0,Re,-1.462527308088228,-1.462527308088228,
pair002,Bz,conf008,190.49999999999997,Re,-1.472531593764034,-1.472531593764034,
pair002,Bz,conf008,191.0,Re,-1.478397288553154,-1.478397288553154,
pair002,Bz,conf008,191.49999999999997,Re,-1.479791694507024,-1.479791694507024,
pair002,Bz,conf008,192.0,Re,-1.4766306600677213,-1.4766306600677213,
pair002,Bz,conf008,192.5,Re,-1.4691020801161525,-1.4691020801161525,
pair002,Bz,conf008,193.0,Re,-1.457614620385792,-1.457614620385792,
pair002,Bz,conf008,193.50000000000003,Re,-1.4427010291869284,-1.4427010291869284,
pair002,Bz,conf008,194.0,Re,-1.424921899021582,-1.424921899021582,
pair002,Bz,conf008,194.5,Re,-1.4047991488545715,-1.4047991488545715,
pair002,Bz,conf008,194.99999999999997,Re,-1.3827836873756767,-1.3827836873756767,
pair002,Bz,conf008,195.5,Re,-1.3592478796500327,-1.3592478796500327,
pair002,Bz,conf008,196.0,Re,-1.3344914143322015,-1.3344914143322015,
pair002,Bz,conf008,196.5,Re,-1.3087523851822278,-1.3087523851822278,
pair002,Bz,conf008,196.99999999999997,Re,-1.2822190851376858,-1.2822190851376858,
pair002,Bz,conf008,197.5,Re,-1.2550405432531415,-1.2550405432531415,
pair002,Bz,conf008,198.00000000000003,Re,-1.2321616498841657,-1.2321616498841657,
pair002,Bz,conf008,198.5,Re,-1.2310982385004077,-1.2310982385004077,
pair002,Bz,conf008,199.0,Re,-1.2291042982254128,-1.2291042982254128,
pair002,Bz,conf008,199.49999999999997,Re,-1.2261921647672327,-1.2261921647672327,
pair002,Bz,conf008,200.0,Re,-1.2223794892201836,-1.2223794892201836,
pair002,Bz,conf008,200.5,Re,-1.2176887455120937,-1.2176887455120937,
pair002,Bz,conf008,201.00000000000003,Re,-1.212146633046978,-1.212146633046978,
pair002,Bz,conf008,201.49999999999997,Re,-1.2057834097574076,-1.2057834097574076,
pair002,Bz,conf008,202.0,Re,-1.198632191338429,-1.198632191338429,
pair002,Bz,conf008,202.49999999999997,Re,-1.1907282499235565,-1.1907282499235565,
pair002,Bz,conf008,203.0,Re,-1.182108340646217,-1.182108340646217,
pair002,Bz,conf008,203.5,Re,-1.172810078326446,-1.172810078326446,
pair002,Bz,conf008,203.99999999999997,Re,-1.1628713798304038,-1.1628713798304038,
pair002,Bz,conf008,204.5,Re,-1.152329981216801,-1.152329981216801,
pair002,Bz,conf008,205.0,Re,-1.1412230331379876,-1.1412230331379876,
pair002,Bz,conf008,205.50000000000003,Re,-1.1295867734027434,-1.1295867734027434,
pair002,Bz,conf008,205.99999999999997,Re,-1.1174562722302575,-1.1174562722302575,
pair002,Bz,conf008,206.5,Re,-1.1048652434773434,-1.1048652434773434,
pair002,Bz,conf008,206.99999999999997,Re,-1.0918459138560308,-1.0918459138560308,
pair002,Bz,conf008,207.5,Re,-1.0784289416822728,-1.0784289416822728,
pair002,Bz,conf008,208.0,Re,-1.0646433768070198,-1.0646433768070198,
pair002,Bz,conf008,208.5,Re,-1.0505166538919037,-1.0505166538919037,
pair002,Bz,conf008,209.0,Re,-1.0360746119469666,-1.0360746119469666,
pair002,Bz,conf008,209.5,Re,-1.0213415339241185,-1.0213415339241185,
pair002,Bz,conf008,210.00000000000003,Re,-1.0063402010675424,-1.0063402010675424,
pair002,Bz,conf008,210.49999999999997,Re,-0.9910919575997021,-0.9910919575997021,
pair002,Bz,conf008,211.0,Re,-0.9756167821309398,-0.9756167821309398,
pair002,Bz,conf008,211.5,Re,-0.9599333629014969,-0.9599333629014969,
pair002,Bz,conf008,212.0,Re,-0.9440591745892842,-0.9440591745892842,
pair002,Bz,conf008,212.5,Re,-0.9280105549457813,-0.9280105549457813,
pair002,Bz,conf008,213.0,Re,-0.9118027799618192,-0.9118027799618192,
pair002,Bz,conf008,213.50000000000003,Re,-0.8954501366238212,-0.8954501366238212,
pair002,Bz,conf008,214.0,Re,-0.8789659926093072,-0.8789659926093072,
pair002,Bz,conf008,214.50000000000003,Re,-0.8623628624984513,-0.8623628624984513,
pair002,Bz,conf008,214.99999999999997,Re,-0.8456524702560404,-0.8456524702560404,
pair002,Bz,conf008,215.5,Re,-0.8288458078739451,-0.8288458078739451,
pair002,Bz,conf008,216.0,Re,-0.8119531901663058,-0.8119531901663058,
pair002,Bz,conf008,216.50000000000003,Re,-0.7949843057843097,-0.7949843057843097,
pair002,Bz,conf008,217.0,Re,-0.7779482645707688,-0.7779482645707688,
pair002,Bz,conf008,217.5,Re,-0.7608536414109399,-0.7608536414109399,
pair002,Bz,conf008,217.99999999999997,Re,-0.7437085167593462,-0.7437085167593462,
pair002,Bz,conf008,218.5,Re,-0.7265205140355473,-0.7265205140355473,
pair002,Bz,conf008,219.00000000000003,Re,-0.7092968340876096,-0.7092968340876096,
pair002,Bz,conf008,219.49999999999997,Re,-0.6920442869221546,-0.6920442869221546,
pair002,Bz,conf008,220.0,Re,-0.6747693208960965,-0.6747693208960965,
pair002,Bz,conf008,220.5,Re,-0.657478049558543,-0.657478049558543,
pair002,Bz,conf008,221.00000000000003,Re,-0.6401762763228009,-0.6401762763228009,
pair002,Bz,conf008,221.5,Re,-0.6228695171388228,-0.6228695171388228,
pair002,Bz,conf008,222.0,Re,-0.6055630213260232,-0.6055630213260232,
pair002,Bz,conf008,222.49999999999997,Re,-0.5882617907159551,-0.5882617907159551,
pair002,Bz,conf008,223.0,Re,-0.5709705972436661,-0.5709705972436661,
pair002,Bz,conf008,223.5,Re,-0.5536939991164458,-0.5536939991164458,
pair002,Bz,conf008,224.0,Re,-0.5364363556786524,-0.5364363556786524,
pair002,Bz,conf008,224.5,Re,-0.5192018410820032,-0.5192018410820032,
pair002,Bz,conf008,225.0,Re,-0.5019944568617751,-0.5019944568617751,
pair002,Bz,conf008,225.50000000000003,Re,-0.48481804351111335,-0.48481804351111335,
pair002,Bz,conf008,226.0,Re,-0.467676291137864,-0.467676291137864,
pair002,Bz,conf008,226.5,Re,-0.4505727492812157,-0.4505727492812157,
pair002,Bz,conf008,226.99999999999997,Re,-0.43351083595879425,-0.43351083595879425,
pair002,Bz,conf008,227.5,Re,-0.41649384600876393,-0.41649384600876393,
pair002,Bz,conf008,228.0,Re,-0.3995249587859149,-0.3995249587859149,
pair002,Bz,conf008,228.5,Re,-0.3826072452655396,-0.3826072452655396,
pair002,Bz,conf008,228.99999999999997,Re,-0.36574367460427726,-0.36574367460427726,
pair002,Bz,conf008,229.49999999999997,Re,-0.3489371202027347,-0.3489371202027347,
pair002,Bz,conf008,230.0,Re,-0.332190365310882,-0.332190365310882,
pair002,Bz,conf008,230.5,Re,-0.3155061082135542,-0.3155061082135542,
pair002,Bz,conf008,231.00000000000003,Re,-0.2988869670301977,-0.2988869670301977,
pair002,Bz,conf008,231.5,Re,-0.28233548416004095,-0.28233548416004095,
pair002,Bz,conf008,232.00000000000003,Re,-0.2658541304011286,-0.2658541304011286,
pair002,Bz,conf008,232.5,Re,-0.2494453087692723,-0.2494453087692723,
pair002,Bz,conf008,233.0,Re,-0.2331113580406583,-0.2331113580406583,
pair002,Bz,conf008,233.49999999999997,Re,-0.21684073785421565,-0.21684073785421565,
pair002,Bz,conf008,234.0,Re,-0.20056249666278503,-0.20056249666278503,
pair002,Bz,conf008,234.49999999999997,Re,-0.18426779281248762,-0.18426779281248762,
pair002,Bz,conf008,235.0,Re,-0.16795837268549496,-0.16795837268549496,
pair002,Bz,conf008,235.5,Re,-0.15163592370586132,-0.15163592370586132,
pair002,Bz,conf008,235.99999999999997,Re,-0.13530207717018672,-0.13530207717018672,
pair002,Bz,conf008,236.5,Re,-0.11895841092635373,-0.11895841092635373,
pair002,Bz,conf008,237.00000000000003,Re,-0.10260645190882789,-0.10260645190882789,
pair002,Bz,conf008,237.49999999999997,Re,-0.0862476785385311,-0.0862476785385311,
pair002,Bz,conf008,238.0,Re,-0.0698835229948902,-0.0698835229948902,
pair002,Bz,conf008,238.50000000000003,Re,-0.05351537336726975,-0.05351537336726975,
pair002,Bz,conf008,239.0,Re,-0.0371445756925306,-0.0371445756925306,
pair002,Bz,conf008,239.5,Re,-0.020772435885141993,-0.020772435885141993,
pair002,Bz,conf008,239.99999999999997,Re,-0.004400221565906026,-0.004400221565906026,
pair002,Bz,conf008,240.5,Re,0.011970836205045243,0.011970836205045243,
pair002,Bz,conf008,241.00000000000003,Re,0.028339541285558933,0.028339541285558933,
pair002,Bz,conf008,241.5,Re,0.043730202661601325,0.04470473089404026,
pair002,Bz,conf008,242.0,Re,0.05460749238395901,0.06106527413253171,
pair002,Bz,conf008,242.49999999999997,Re,0.06546681962167944,0.0774200705857504,
pair002,Bz,conf008,243.0,Re,0.07630769440695961,0.09376804899190683,
pair002,Bz,conf008,243.49999999999997,Re,0.0871296344707988,0.11010816598126283,
pair002,Bz,conf008,244.0,Re,0.09793216502269186,0.12643940487870542,
pair002,Bz,conf008,244.5,Re,0.10871481853840481,0.14276077456676917,
pair002,Bz,conf008,244.99999999999997,Re,0.11947713455552522,0.1590713084057933,
pair002,Bz,conf008,245.5,Re,0.1302186594764807,0.1753700632080757,
pair002,Bz,conf008,246.00000000000003,Re,0.1409389463787123,0.19165611826303675,
pair002,Bz,conf008,246.50000000000003,Re,0.15163755483174746,0.20792857441065715,
pair002,Bz,conf008,247.0,Re,0.16231405072087957,0.2241865531605216,
pair002,Bz,conf008,247.50000000000003,Re,0.17296800607721052,0.24042919585403988,
pair002,Bz,conf008,248.0,Re,0.1835989989137885,0.2566556628674699,
pair002,Bz,conf008,248.5,Re,0.19420661306762899,0.27286513285360403,
pair002,Bz,conf008,248.99999999999997,Re,0.2047904380473642,0.28905680202000794,
pair002,Bz,conf008,249.5,Re,0.21535006888632702,0.30522988344190005,
pair002,Bz,conf008,249.99999999999997,Re,0.22588510600083267,0.3213836064078046,
pair002,Bz,conf008,250.5,Re,0.23639515505348685,0.33751721579628025,
pair002,Bz,conf008,251.0,Re,0.24687982682130105,0.35362997148206454,
pair002,Bz,conf008,251.49999999999997,Re,0.25733873706844634,0.36972114777012055,
pair002,Bz,conf008,252.0,Re,0.26777150642347247,0.38579003285612123,
pair002,Bz,conf008,252.49999999999997,Re,0.27817776026079444,0.40183592831199166,
pair002,Bz,conf008,253.0,Re,0.28855712858632865,0.4178581485952597,
pair002,Bz,conf008,253.5,Re,0.29890924592707524,0.43385602058093276,
pair002,Bz,conf008,254.00000000000003,Re,0.30923375122453467,0.4498288831148154,
pair002,Bz,conf008,254.5,Re,0.3195302877317927,0.4657760865871261,
pair002,Bz,conf008,255.00000000000003,Re,0.32979850291414636,0.48169699252543174,
pair002,Bz,conf008,255.49999999999997,Re,0.34003804835313,0.4975909732058852,
pair002,Bz,conf008,256.0,Re,0.3502485796538297,0.5134574112818988,
pair002,Bz,conf008,256.5,Re,0.3604297563553407,0.5292956994293372,
pair002,Bz,conf008,257.0,Re,0.3705812418442782,0.5451052400074554,
pair002,Bz,conf008,257.5,Re,0.3807027032712156,0.5608854447347824,
pair002,Bz,conf008,258.0,Re,0.3907938114699283,0.5766357343792101,
pair002,Bz,conf008,258.5,Re,0.4008542408793774,0.592355538461639,
pair002,Bz,conf008,258.99999999999994,Re,0.4108836694682918,0.608044294972452,
pair002,Bz,conf008,259.5,Re,0.4208817786622874,0.6237014501002796,
pair002,Bz,conf008,260.0,Re,0.43084825327340837,0.6393264579723945,
pair002,Bz,conf008,260.5,Re,0.4407827814320189,0.6549187804062291,
pair002,Bz,conf008,261.0,Re,0.4506850545209542,0.6704778866714698,
pair002,Bz,conf008,261.5,Re,0.4605547671118424,0.6860032532622153,
pair002,Bz,conf008,262.00000000000006,Re,0.4703916169035336,0.7014943636787578,
pair002,Bz,conf008,262.5,Re,0.4801953046625578,0.7169507082185003,
pair002,Bz,conf008,263.0,Re,0.4899655341655327,0.7323717837756314,
pair002,Bz,conf008,263.5,Re,0.49970201214344523,0.7477570936490878,
pair002,Bz,conf008,264.0,Re,0.5094044482277804,0.7631061473584959,
pair002,Bz,conf008,264.5,Re,0.5190725548983688,0.778418460467664,
pair002,Bz,conf008,265.0,Re,0.5287060474329575,0.7936935544153323,
pair002,Bz,conf008,265.5,Re,0.5383046438583963,0.8089309563528022,
pair002,Bz,conf008,266.0,Re,0.547868064903408,0.8241301989881886,
pair002,Bz,conf008,266.49999999999994,Re,0.5573960339528823,0.8392908204369445,
pair002,Bz,conf008,267.0,Re,0.5668882770036368,0.8544123640784249,
pair002,Bz,conf008,267.5,Re,0.5763445226215953,0.8694943784181832,
pair002,Bz,conf008,267.99999999999994,Re,0.5857645019003421,0.8845364169557748,
pair002,Bz,conf008,268.5,Re,0.5951479484210023,0.89953803805782,
pair002,Bz,conf008,269.0,Re,0.6044945982133851,0.9128050473098981,
pair002,Bz,conf008,269.50000000000006,Re,0.6138041897183826,0.9038319441920402,
pair002,Bz,conf008,270.0,Re,0.6230764637515487,0.8948453445622755,
pair002,Bz,conf008,270.5,Re,0.6323111634678373,0.8858457956425678,
pair002,Bz,conf008,271.0,Re,0.6415080343274491,0.8768338507015987,
pair002,Bz,conf008,271.5,Re,0.6506668240627629,0.8678100691353701,
pair002,Bz,conf008,272.0,Re,0.659787282646304,0.8587750165488697,
pair002,Bz,conf008,272.5,Re,0.6688691622597134,0.8497292648387671,
pair002,Bz,conf008,273.0,Re,0.6603097669991216,0.840673392277137,
pair002,Bz,conf008,273.5,Re,0.6512101274411777,0.8316079835962047,
pair002,Bz,conf008,274.0,Re,0.6420776001006321,0.8225336300740904,
pair002,Bz,conf008,274.5,Re,0.6329124720573873,0.8134509296215386,
pair002,Bz,conf008,275.0,Re,0.623715033328849,0.8043604868696079,
pair002,Bz,conf008,275.49999999999994,Re,0.6144855769218951,0.7952629132583187,
pair002,Bz,conf008,276.0,Re,0.6052243988864683,0.7861588271262081,
pair002,Bz,conf008,276.5,Re,0.5959317983708841,0.7770488538007891,
pair002,Bz,conf008,277.0,Re,0.5866080776788871,0.7679336256898781,
pair002,Bz,conf008,277.50000000000006,Re,0.5772535423285243,0.75881378237375,
pair002,Bz,conf008,278.0,Re,0.5678685011129045,0.7496899706981102,
pair002,Bz,conf008,278.50000000000006,Re,0.5584532661628872,0.740562844867809,
pair002,Bz,conf008,279.0,Re,0.5490081530118027,0.7314330665413082,
pair002,Bz,conf008,279.5,Re,0.5395334806622303,0.7223013049258007,
pair002,Bz,conf008,280.0,Re,0.530029571654951,0.7131682368729859,
pair002,Bz,conf008,280.5,Re,0.5204967521401096,0.704034546975411,
pair002,Bz,conf008,281.0,Re,0.510935351950691,0.6949009276633473,
pair002,Bz,conf008,281.5,Re,0.5013457046783778,0.685768079302129,
pair002,Bz,conf008,281.99999999999994,Re,0.49172814775188933,0.6766367102899065,
pair002,Bz,conf008,282.5,Re,0.4820830225178516,0.6675075371557153,
pair002,Bz,conf008,283.0,Re,0.4724106743243437,0.658381284657833,
pair002,Bz,conf008,283.5,Re,0.46271145260716096,0.6492586858823037,
pair002,Bz,conf008,284.0,Re,0.45298571097892304,0.6401404823415697,
pair002,Bz,conf008,284.5,Re,0.44323380732112194,0.6310274240731226,
pair002,Bz,conf008,285.00000000000006,Re,0.43345610387920974,0.6219202697380692,
pair002,Bz,conf008,285.5,Re,0.4236529673608349,0.6128197867195195,
pair002,Bz,conf008,286.0,Re,0.41382476903734067,0.6037267512206912,
pair002,Bz,conf008,286.5,Re,0.403971884848654,0.5946419483626169,
pair002,Bz,conf008,287.0,Re,0.3940946955116609,0.5855661722813335,
pair002,Bz,conf008,287.5,Re,0.3841935866322226,0.5765002262244339,
pair002,Bz,conf008,288.0,Re,0.37426894882093875,0.567444922646837,
pair002,Bz,conf008,288.5,Re,0.36432117781282014,0.558401083305655,
pair002,Bz,conf008,289.0,Re,0.35435067459098124,0.549369539353987,
pair002,Bz,conf008,289.5,Re,0.3443578455145222,0.5403511314334979,
pair002,Bz,conf008,290.0,Re,0.3343431024507515,0.5313467097656244,
pair002,Bz,conf008,290.5,Re,0.32430686291188593,0.5223571342412099,
pair002,Bz,conf008,290.99999999999994,Re,0.31424955019642375,0.5133832745084208,
pair002,Bz,conf008,291.5,Re,0.3041715935353271,0.504426010058723,
pair002,Bz,conf008,292.0,Re,0.29407342824322424,0.4954862303107437,
pair002,Bz,conf008,292.5,Re,0.2839554958747874,0.48656483469179235,
pair002,Bz,conf008,293.0,Re,0.2738182443864914,0.47766273271682924,
pair002,Bz,conf008,293.5,Re,0.2636621283039431,0.46878084406465015,
pair002,Bz,conf008,294.00000000000006,Re,0.2534876088950013,0.45992009865105055,
pair002,Bz,conf008,294.5,Re,0.24329515434887816,0.45108143669871725,
pair002,Bz,conf008,295.0,Re,0.23308523996145492,0.4422658088035798,
pair002,Bz,conf008,295.5,Re,0.2228583483270541,0.43347417599736526,
pair002,Bz,conf008,296.0,Re,0.21261496953687176,0.424707509806052,
pair002,Bz,conf008,296.5,Re,0.2023556013843566,0.4159667923039472,
pair002,Bz,conf008,297.0,Re,0.19208074957775656,0.4072530161630621,
pair002,Bz,conf008,297.49999999999994,Re,0.1817909279601284,0.39856718469748986,
pair002,Bz,conf008,298.0,Re,0.17148665873705515,0.3899103119024192,
pair002,Bz,conf008,298.49999999999994,Re,0.16116847271238832,0.3812834224874855,
pair002,Bz,conf008,299.0,Re,0.15083690953227835,0.37268755190405956,
pair002,Bz,conf008,299.5,Re,0.14049251793783157,0.36412374636614264,
pair002,Bz,conf008,300.0,Re,0.130135856026679,0.3555930628644586,
pair002,Bz,conf008,300.50000000000006,Re,0.11976749152380917,0.3470965691733705,
pair002,Bz,conf008,301.0,Re,0.10938800206199462,0.33863534385020677,
pair002,Bz,conf008,301.5,Re,0.09899797547216038,0.3302104762265754,
pair002,Bz,conf008,302.0,Re,0.08859801008407353,0.321823066391256,
pair002,Bz,conf008,302.5,Re,0.07818871503770208,0.31347422516419576,
pair002,Bz,conf008,303.0,Re,0.06777071060566686,0.30516507406119264,
pair002,Bz,conf008,303.5,Re,0.05734462852715083,0.2968967452487652,
pair002,Bz,conf008,303.99999999999994,Re,0.046911112353717144,0.28867038148876767,
pair002,Bz,conf008,304.5,Re,0.03647081780742378,0.28048713607222786,
pair002,Bz,conf008,305.0,Re,0.026024413151717107,0.272348172741943,
pair002,Bz,conf008,305.5,Re,0.01557257957551883,0.264254665603308,
pair002,Bz,conf008,306.0,Re,0.0051160115910022785,0.25620779902286217,
pair002,Bz,conf008,306.49999999999994,Re,-0.005344582554470456,0.24820876751404164,
pair002,Bz,conf008,307.0,Re,-0.015808480451768414,0.2402587756095913,
pair002,Bz,conf008,307.5,Re,-0.026274945088237134,0.23235903772011102,
pair002,Bz,conf008,308.0,Re,-0.036743224390269,0.2245107779781863,
pair002,Bz,conf008,308.5,Re,-0.04721255074966191,0.216715230067561,
pair002,Bz,conf008,309.0,Re,-0.0576821405332153,0.20897363703679095,
pair002,Bz,conf008,309.50000000000006,Re,-0.06815119357500565,0.20128725109684575,
pair002,Bz,conf008,310.0,Re,-0.07861889265077981,0.19365733340208657,
pair002,Bz,conf008,310.5,Re,-0.08908440293389441,0.1860851538140762,
pair002,Bz,conf008,311.0,Re,-0.09954687143218122,0.17857199064768525,
pair002,Bz,conf008,311.5,Re,-0.1100054264051884,0.17111913039892612,
pair002,Bz,conf008,312.0,Re,-0.12045917676115048,0.16372786745400503,
pair002,Bz,conf008,312.5,Re,-0.1309072114331149,0.15639950377904288,
pair002,Bz,conf008,312.99999999999994,Re,-0.14134859873357852,0.14913534858996869,
pair002,Bz,conf008,313.5,Re,-0.15178238568705282,0.1419367180020612,
pair002,Bz,conf008,313.99999999999994,Re,-0.16220759733991552,0.13480493465867283,
pair002,Bz,conf008,314.5,Re,-0.17262323604696084,0.12774132733864918,
pair002,Bz,conf008,315.0,Re,-0.18302828073402866,0.12074723054201386,
pair002,Bz,conf008,315.5,Re,-0.1934216861361311,0.11382398405347893,
pair002,Bz,conf008,316.0,Re,-0.20380238201048817,0.10697293248339923,
pair002,Bz,conf008,316.5,Re,-0.21416927232392147,0.10019542478579124,
pair002,Bz,conf008,317.0,Re,-0.22452123441405125,0.09349281375310059,
pair002,Bz,conf008,317.5,Re,-0.2348571181238086,0.08686645548740146,
pair002,Bz,conf008,318.0,Re,-0.2451757449087799,0.08031770884778644,
pair002,Bz,conf008,318.5,Re,-0.2554759069169401,0.0738479348737302,
pair002,Bz,conf008,319.0,Re,-0.2657563660404232,0.06745849618425437,
pair002,Bz,conf008,319.5,Re,-0.2760158529389729,0.061150756352786884,
pair002,Bz,conf008,320.0,Re,-0.28625306603484746,0.054926079257640925,
pair002,Bz,conf008,320.5,Re,-0.2964666704789847,0.048785828408121956,
pair002,Bz,conf008,321.0,Re,-0.3066552970883496,0.04273136624630647,
pair002,Bz,conf008,321.5,Re,-0.316817541254484,0.036764053424615195,
pair002,Bz,conf008,321.99999999999994,Re,-0.32695196182338115,0.030885248059374426,
pair002,Bz,conf008,322.5,Re,-0.3370570799469752,0.025096304960612326,
pair002,Bz,conf008,323.0,Re,-0.34713137790663495,0.019398574838435767,
pair002,Bz,conf008,323.50000000000006,Re,-0.35717329790927077,0.010064825964558377,
pair002,Bz,conf008,324.0,Re,-0.36718124085682025,-0.006041751255653871,
pair002,Bz,conf008,324.5,Re,-0.3771535650900937,-0.02214071686655794,
pair002,Bz,conf008,325.0,Re,-0.3870885851081969,-0.03823060583942195,
pair002,Bz,conf008,325.5,Re,-0.3969845702650241,-0.054309908677890206,
pair002,Bz,conf008,326.0,Re,-0.4068397434445583,-0.07037706940962973,
pair002,Bz,conf008,326.50000000000006,Re,-0.4166522797171004,-0.08643048347604498,
pair002,Bz,conf008,327.0,Re,-0.42642030497881533,-0.10246849551475856,
pair002,Bz,conf008,327.5,Re,-0.4361418945774571,-0.11848939702943873,
pair002,Bz,conf008,327.99999999999994,Re,-0.4458150719274758,-0.13449142394120117,
pair002,Bz,conf008,328.5,Re,-0.4554378071182186,-0.15047275401567406,
pair002,Bz,conf008,329.0,Re,-0.4650080155194134,-0.16643150415953478,
pair002,Bz,conf008,329.49999999999994,Re,-0.47452355638870247,-0.1823657275801629,
pair002,Bz,conf008,330.0,Re,-0.4839822314865174,-0.19827341080174454,
pair002,Bz,conf008,330.5,Re,-0.4933817837042891,-0.21415247053105513,
pair002,Bz,conf008,331.0,Re,-0.5027198957126466,-0.23001143913833233,
pair002,Bz,conf008,331.5,Re,-0.5119941886369808,-0.2459173567825539,
pair002,Bz,conf008,332.0,Re,-0.5212022207685671,-0.2618798917709384,
pair002,Bz,conf008,332.50000000000006,Re,-0.5303414863202436,-0.277896081994508,
pair002,Bz,conf008,333.0,Re,-0.5394094142365669,-0.29396287440760593,
pair002,Bz,conf008,333.49999999999994,Re,-0.5484033670692969,-0.3100771201444483,
pair002,Bz,conf008,334.00000000000006,Re,-0.5573206399300344,-0.3262355692985961,
pair002,Bz,conf008,334.5,Re,-0.566158459532893,-0.34243486534100764,
pair002,Bz,conf008,335.0,Re,-0.5749139833411813,-0.3586715391506765,
pair002,Bz,conf008,335.49999999999994,Re,-0.5835842988331292,-0.3749420026299808,
pair002,Bz,conf008,336.0,Re,-0.5921664229029057,-0.39124254187509977,
pair002,Bz,conf008,336.5,Re,-0.6006573014142832,-0.40756930986985895,
pair002,Bz,conf008,336.99999999999994,Re,-0.6090538089255417,-0.4239183186694193,
pair002,Bz,conf008,337.5,Re,-0.6173527486053028,-0.4402854310381026,
pair002,Bz,conf008,338.0,Re,-0.6255508523601938,-0.45666635150364154,
pair002,Bz,conf008,338.5,Re,-0.6336447811963676,-0.47305661678811184,
pair002,Bz,conf008,339.0,Re,-0.641631125837887,-0.489451585573649,
pair002,Bz,conf008,339.5,Re,-0.6495064076260587,-0.5058464275593075,
pair002,Bz,conf008,340.0,Re,-0.6572670797245851,-0.5222361117634842,
pair002,Bz,conf008,340.5,Re,-0.6649095286561819,-0.5386153940249079,
pair002,Bz,conf008,340.99999999999994,Re,-0.6724300761968415,-0.5549788036539041,
pair002,Bz,conf008,341.50000000000006,Re,-0.6798249816542562,-0.5713206291849009,
pair002,Bz,conf008,342.0,Re,-0.6870904445570306,-0.5876349031809505,
pair002,Bz,conf008,342.49999999999994,Re,-0.6942226077811073,-0.6039153860416808,
pair002,Bz,conf008,343.00000000000006,Re,-0.7012175611392713,-0.632070663847647,
pair002,Bz,conf008,343.5,Re,-0.7080713454587162,-0.6604536780518975,
pair002,Bz,conf008,344.0,Re,-0.7147799571703015,-0.6888969554862439,
pair002,Bz,conf008,344.49999999999994,Re,-0.7213393534312952,-0.7173973629977046,
pair002,Bz,conf008,345.0,Re,-0.7459516245214379,-0.7459516245214379,
pair002,Bz,conf008,345.5,Re,-0.7745562996964855,-0.7745562996964855,
pair002,Bz,conf008,346.0,Re,-0.8032077583079802,-0.8032077583079802,
pair002,Bz,conf008,346.5,Re,-0.8319021495865923,-0.8319021495865923,
pair002,Bz,conf008,347.0,Re,-0.8606353651319949,-0.8606353651319949,
pair002,Bz,conf008,347.5,Re,-0.8894029938792329,-0.8894029938792329,
pair002,Bz,conf008,348.0,Re,-0.9182002670660379,-0.9182002670660379,
pair002,Bz,conf008,348.50000000000006,Re,-0.9470219905422986,-0.9470219905422986,
pair002,Bz,conf008,349.0,Re,-0.9758624609304083,-0.9758624609304083,
pair002,Bz,conf008,349.5,Re,-1.004715361010684,-1.004715361010684,
pair002,Bz,conf008,349.99999999999994,Re,-1.0335736281435095,-1.0335736281435095,
pair002,Bz,conf008,350.50000000000006,Re,-1.0624292873655157,-1.0624292873655157,
pair002,Bz,conf008,351.0,Re,-1.0912732377355334,-1.0912732377355334,
pair002,Bz,conf008,351.49999999999994,Re,-1.1200949761437848,-1.1200949761437848,
pair002,Bz,conf008,352.0,Re,-1.1488822365013789,-1.1488822365013789,
pair002,Bz,conf008,352.5,Re,-1.1776205130170454,-1.1776205130170454,
pair002,Bz,conf008,353.0,Re,-1.2062924226030698,-1.2062924226030698,
pair002,Bz,conf008,353.5,Re,-1.2348768408775794,-1.2348768408775794,
pair002,Bz,conf008,354.0,Re,-1.2633477147771035,-1.2633477147771035,
pair002,Bz,conf008,354.5,Re,-1.2916724059651794,-1.2916724059651794,
pair002,Bz,conf008,355.0,Re,-1.3198093422702462,-1.3198093422702462,
pair002,Bz,conf008,355.5,Re,-1.347704631418118,-1.347704631418118,
pair002,Bz,conf008,356.00000000000006,Re,-1.375287092648496,-1.375287092648496,
pair002,Bz,conf008,356.5,Re,-1.4024608391753377,-1.4024608391753377,
pair002,Bz,conf008,357.0,Re,-1.4290940242349213,-1.4290940242349213,
pair002,Bz,conf008,357.50000000000006,Re,-1.4550015521151456,-1.4550015521151456,
pair002,Bz,conf008,358.0,Re,-1.4799184083976609,-1.4799184083976609,
pair002,Bz,conf008,358.5,Re,-1.5034590954688816,-1.5034590954688816,
pair002,Bz,conf008,358.99999999999994,Re,-1.5250592285188551,-1.5250592285188551,
pair002,Bz,conf008,359.50000000000006,Re,-1.5439038268824947,-1.5439038268824947,
pair002,SB,conf002,0.0,Si,-1.55900132348596,-1.55900132348596,5.696099809814161
pair002,SB,conf002,0.5,Si,-1.569399371145439,-1.569399371145439,5.695759882196185
pair002,SB,conf002,1.0,Si,-1.5734184339952784,-1.5734184339952784,5.6953167087521255
pair002,SB,conf002,1.5,Si,-1.5704622645169555,-1.5704622645169555,5.694770305624486
pair002,SB,conf002,2.0,Si,-1.5609758787227408,-1.5609758787227408,5.694120692718304
pair002,SB,conf002,2.5,Si,-1.5461649701058062,-1.5461649701058062,5.693367893701932
pair002,SB,conf002,3.0,Si,-1.5273983531486794,-1.5273983531486794,5.69251193600798
pair002,SB,conf002,3.5,Si,-1.5058240234453837,-1.5058240234453837,5.691552850834395
pair002,SB,conf002,4.0,Si,-1.4822801741471097,-1.4822801741471097,5.690490673145693
pair002,SB,conf002,4.5,Si,-1.4573450516714848,-1.4573450516714848,5.68932544167434
pair002,SB,conf002,5.0,Si,-1.4322666424262172,-1.4322666424262172,5.688057198922296
pair002,SB,conf002,5.5,Si,-1.408101371657939,-1.408101371657939,5.686685991162687
pair002,SB,conf002,6.0,Si,-1.3775464653109792,-1.3775464653109792,5.685211868441641
pair002,SB,conf002,6.5,Si,-1.3499345057642935,-1.3499345057642935,5.683634884580286
pair002,SB,conf002,7.0,Si,-1.322010505549186,-1.322010505549186,5.6819550971768695
pair002,SB,conf002,7.499999999999999,Si,-1.2938458951954641,-1.2938458951954641,5.680172567609064
pair002,SB,conf002,8.0,Si,-1.2654946454741378,-1.2654946454741378,5.678287361036398
pair002,SB,conf002,8.5,Si,-1.2369983165900382,-1.2369983165900382,5.676299546402866
pair002,SB,conf002,9.0,Si,-1.2083894892571823,-1.2083894892571823,5.674209196439666
pair002,SB,conf002,9.499999999999998,Si,-1.1796941381237405,-1.1796941381237405,5.672016387668112
pair002,SB,conf002,10.0,Si,-1.150933302059249,-1.150933302059249,5.669721200402696
pair002,SB,conf002,10.5,Si,-1.1221242789330532,-1.1221242789330532,5.667323718754307
pair002,SB,conf002,11.0,Si,-1.093281493427066,-1.093281493427066,5.6648240306336
pair002,SB,conf002,11.499999999999998,Si,-1.06441713641841,-1.06441713641841,5.66222222775453
pair002,SB,conf002,12.0,Si,-1.0433693737960432,-1.0433693737960432,5.659518405638051
pair002,SB,conf002,12.5,Si,-1.0341248203553126,-1.0341248203553126,5.656712663615961
pair002,SB,conf002,13.0,Si,-1.0243806856048874,-1.0243806856048874,5.653805104834914
pair002,SB,conf002,13.5,Si,-1.0141611282639436,-1.0141611282639436,5.650795836260597
pair002,SB,conf002,14.0,Si,-1.003490078196839,-1.003490078196839,5.64768496868207
pair002,SB,conf002,14.500000000000002,Si,-0.9923910952711171,-0.9923910952711171,5.6444726167162536
pair002,SB,conf002,14.999999999999998,Si,-0.9808872517522889,-0.9808872517522889,5.641158898812611
pair002,SB,conf002,15.5,Si,-0.969001036844952,-0.969001036844952,5.637743937257966
pair002,SB,conf002,16.0,Si,-0.956754281618529,-0.956754281618529,5.634227858181511
pair002,SB,conf002,16.5,Si,-0.9441681023310688,-0.9441681023310688,5.63061079155997
pair002,SB,conf002,17.0,Si,-0.9312628600616397,-0.9312628600616397,5.626892871222937
pair002,SB,conf002,17.5,Si,-0.9180581345556044,-0.9180581345556044,5.623074234858377
pair002,SB,conf002,18.0,Si,-0.9045727102537127,-0.9045727102537127,5.619155024018319
pair002,SB,conf002,18.5,Si,-0.8908245725941533,-0.8908245725941533,5.615135384124702
pair002,SB,conf002,18.999999999999996,Si,-0.8768309128284352,-0.8768309128284352,5.6110154644754004
pair002,SB,conf002,19.5,Si,-0.8626081397625035,-0.8626081397625035,5.606795418250439
pair002,SB,conf002,20.0,Si,-0.848171897012317,-0.848171897012317,5.602475402518369
pair002,SB,conf002,20.499999999999996,Si,-0.8335370845397148,-0.8335370845397148,5.598055578242834
pair002,SB,conf002,21.0,Si,-0.8187178834036705,-0.8187178834036705,5.593536110289316
pair002,SB,conf002,21.5,Si,-0.8037277828199908,-0.8037277828199908,5.588917167432058
pair002,SB,conf002,22.0,Si,-0.7885796087667751,-0.7885796087667751,5.58419892236118
pair002,SB,conf002,22.5,Si,-0.7732855535023965,-0.7732855535023965,5.579381551689977
pair002,SB,conf002,22.999999999999996,Si,-0.7578572054771601,-0.7578572054771601,5.574465235962396
pair002,SB,conf002,23.5,Si,-0.7423055792195871,-0.7423055792195871,5.5694501596607235
pair002,SB,conf002,24.0,Si,-0.7266411448643056,-0.7266411448643056,5.564336511213439
pair002,SB,conf002,24.5,Si,-0.710873857061885,-0.710873857061885,5.559124483003288
pair002,SB,conf002,25.0,Si,-0.6950131830729211,-0.6950131830729211,5.553814271375522
pair002,SB,conf002,25.499999999999996,Si,-0.6790681299004544,-0.6790681299004544,5.548406076646367
pair002,SB,conf002,26.0,Si,-0.6630472703577002,-0.6630472703577002,5.542900103111656
pair002,SB,conf002,26.5,Si,-0.6469587680032365,-0.6469587680032365,5.5372965590556955
pair002,SB,conf002,27.0,Si,-0.6308104009043172,-0.6308104009043172,5.531595656760315
pair002,SB,conf002,27.5,Si,-0.6146095842118668,-0.6146095842118668,5.525797612514118
pair002,SB,conf002,28.0,Si,-0.5983633915488198,-0.5983633915488198,5.51990264662197
pair002,SB,conf002,28.5,Si,-0.5820785752275845,-0.5820785752275845,5.513910983414656
pair002,SB,conf002,29.000000000000004,Si,-0.5657615853232161,-0.5657615853232161,5.507822851258775
pair002,SB,conf002,29.499999999999996,Si,-0.5494185876369251,-0.5494185876369251,5.501638482566843
pair002,SB,conf002,29.999999999999996,Si,-0.53305548059036,-0.53305548059036,5.495358113807612
pair002,SB,conf002,30.5,Si,-0.5166779110950994,-0.5166779110950994,5.488981985516604
pair002,SB,conf002,31.0,Si,-0.5002912894442728,-0.5002912894442728,5.482510342306869
pair002,SB,conf002,31.5,Si,-0.4839008032746015,-0.4839008032746015,5.475943432879971
pair002,SB,conf002,32.0,Si,-0.46751143064754674,-0.46751143064754674,5.469281510037179
pair002,SB,conf002,32.5,Si,-0.45112795229795055,-0.45112795229795055,5.462524830690926
pair002,SB,conf002,33.0,Si,-0.4347549630976988,-0.4347549630976988,5.455673655876447
pair002,SB,conf002,33.49999999999999,Si,-0.41839688278066944,-0.41839688278066944,5.448728250763699
pair002,SB,conf002,34.0,Si,-0.40722752231870474,-0.40205796597363985,5.441688884669482
pair002,SB,conf002,34.5,Si,-0.3973612746168693,-0.38574231157606786,5.434555831069815
pair002,SB,conf002,35.0,Si,-0.3874542916672925,-0.36945387152971176,5.427329367612554
pair002,SB,conf002,35.5,Si,-0.3775083509154671,-0.3531964590170731,5.420009776130241
pair002,SB,conf002,36.0,Si,-0.36752518323858574,-0.33697375612559566,5.412597342653211
pair002,SB,conf002,36.5,Si,-0.35750647427783466,-0.32078932101251967,5.4050923574229515
pair002,SB,conf002,37.0,Si,-0.34745386574905734,-0.30464659460328014,5.397495114905697
pair002,SB,conf002,37.5,Si,-0.33736895673004597,-0.28854890685437407,5.389805913806294
pair002,SB,conf002,37.99999999999999,Si,-0.3272533049230002,-0.2724994826097238,5.382025057082322
pair002,SB,conf002,38.5,Si,-0.31710842789095484,-0.2565014470777305,5.374152851958465
pair002,SB,conf002,39.0,Si,-0.30693580426721456,-0.24055783095447736,5.366189609941161
pair002,SB,conf002,39.5,Si,-0.2967368749370338,-0.22467157521686154,5.358135646833503
pair002,SB,conf002,40.0,Si,-0.28651304419098333,-0.20881584198646364,5.349991282750425
pair002,SB,conf002,40.5,Si,-0.27626568084959624,-0.19293172398699499,5.341756842134149
pair002,SB,conf002,40.99999999999999,Si,-0.2659961193590481,-0.17701949123961458,5.333432653769917
pair002,SB,conf002,41.5,Si,-0.25570566085774726,-0.1610812088152973,5.325019050801984
pair002,SB,conf002,42.0,Si,-0.24539557421384472,-0.1451188728587376,5.316516370749927
pair002,SB,conf002,42.5,Si,-0.23506709703374806,-0.1291344136761754,5.307924955525198
pair002,SB,conf002,43.0,Si,-0.2247214366418473,-0.11312969867525235,5.299245151447998
pair002,SB,conf002,43.5,Si,-0.21435977103170645,-0.0971065351635998,5.290477309264428
pair002,SB,conf002,44.0,Si,-0.203983249789069,-0.08106667301267789,5.281621784163935
pair002,SB,conf002,44.50000000000001,Si,-0.19359299498706073,-0.06501180719315469,5.272678935797062
pair002,SB,conf002,45.0,Si,-0.18319010205404496,-0.04894358018792411,5.263649128293489
pair002,SB,conf002,45.5,Si,-0.1727756406146015,-0.032863584288590264,5.2545327302803955
pair002,SB,conf002,45.99999999999999,Si,-0.1623506553041616,-0.016773363781062534,5.245330114901117
pair002,SB,conf002,46.49999999999999,Si,-0.15191616655783902,-0.0006744170256416382,5.236041659834116
pair002,SB,conf002,47.0,Si,-0.1414731713740316,0.015431801563227099,5.226667747312273
pair002,SB,conf002,47.5,Si,-0.13102264405338282,0.0315438796325993,5.217208764142491
pair002,SB,conf002,48.0,Si,-0.12056553691369731,0.047660445097345905,5.20766510172562
pair002,SB,conf002,48.5,Si,-0.11010278098143766,0.06378016443263701,5.198037156076717
pair002,SB,conf002,49.0,Si,-0.09963528666040533,0.07990174104828784,5.188325327845622
pair002,SB,conf002,49.50000000000001,Si,-0.08916394437823305,0.09602391374088759,5.178530022337869
pair002,SB,conf002,50.0,Si,-0.0786896252113114,0.1121454552197989,5.168651649535947
pair002,SB,conf002,50.5,Si,-0.06821318148876188,0.12826517070333088,5.158690624120878
pair002,SB,conf002,50.99999999999999,Si,-0.05773544737608094,0.1443818965815482,5.148647365494146
pair002,SB,conf002,51.49999999999999,Si,-0.047257239439054466,0.16049449914238134,5.138522297799986
pair002,SB,conf002,52.0,Si,-0.03677935718855174,0.17660187335783784,5.128315849947997
pair002,SB,conf002,52.50000000000001,Si,-0.0263025836067885,0.19270294172730296,5.118028455636132
pair002,SB,conf002,53.0,Si,-0.015827685655640078,0.20879665317506135,5.1076605533740285
pair002,SB,conf002,53.5,Si,-0.005355414767586719,0.2248819819993042,5.097212586506702
pair002,SB,conf002,54.0,Si,0.005113492680162812,0.24095792687005968,5.08668500323861
pair002,SB,conf002,54.49999999999999,Si,0.015578314907802593,0.25702350987357026,5.07607825665808
pair002,SB,conf002,55.0,Si,0.026038344290796545,0.273077775600824,5.065392804762098
pair002,SB,conf002,55.5,Si,0.03649288693294217,0.2891197902780045,5.0546291104814856
pair002,SB,conf002,56.0,Si,0.0469412622541332,0.3051486409367994,5.043787641706443
pair002,SB,conf002,56.5,Si,0.057382802592314874,0.321163434622566,5.032868871312479
pair002,SB,conf002,57.0,Si,0.06781685281915273,0.33716329763848685,5.021873277186723
pair002,SB,conf002,57.5,Si,0.07824276996894697,0.35314737482393643,5.01080134225462
pair002,SB,conf002,58.00000000000001,Si,0.08865992288032887,0.3691148288653656,4.999653554507024
pair002,SB,conf002,58.5,Si,0.09906769185030417,0.38506483963811156,4.988430407027675
pair002,SB,conf002,58.99999999999999,Si,0.10946546830021098,0.40099660357761313,4.9771323980210855
pair002,SB,conf002,59.5,Si,0.11985265445317439,0.41690933307860134,4.965760030840812
pair002,SB,conf002,59.99999999999999,Si,0.13022866302265612,0.4328022559208884,4.954313814018139
pair002,SB,conf002,60.5,Si,0.1405929169117126,0.4486746147204881,4.942794261291175
pair002,SB,conf002,61.0,Si,0.15094484892257487,0.46452566640481563,4.931201891634334
pair002,SB,conf002,61.50000000000001,Si,0.1612839014761982,0.4803546817108304,4.9195372292882595
pair002,SB,conf002,62.0,Si,0.17160952634141569,0.4961609447050017,4.907800803790135
pair002,SB,conf002,62.49999999999999,Si,0.18192118437336302,0.51194375232407,4.8959931500044345
pair002,SB,conf002,63.0,Si,0.1922183452608437,0.5277024139356017,4.884114808154074
pair002,SB,conf002,63.50000000000001,Si,0.2025004872823124,0.5434362509173989,4.872166323852005
pair002,SB,conf002,64.0,Si,0.21276709707017516,0.5591445962548824,4.860148248133205
pair002,SB,conf002,64.5,Si,0.22301766938310807,0.5748267941555929,4.848061137487132
pair002,SB,conf002,65.0,Si,0.23325170688610708,0.5904821996800129,4.835905553890576
pair002,SB,conf002,65.50000000000001,Si,0.24346871993798946,0.6061101783879381,4.82368206484095
pair002,SB,conf002,66.0,Si,0.2536682263860943,0.621710105999693,4.811391243390036
pair002,SB,conf002,66.5,Si,0.26384975136790945,0.6372813680714915,4.799033668178133
pair002,SB,conf002,66.99999999999999,Si,0.2740128271193878,0.6528233596842876,4.78660992346866
pair002,SB,conf002,67.5,Si,0.2841569927897114,0.668335485145507,4.774120599183208
pair002,SB,conf002,68.0,Si,0.2942817942622715,0.6838171577030658,4.761566290936996
pair002,SB,conf002,68.5,Si,0.3043867839816481,0.6992677992711178,4.748947600074814
pair002,SB,conf002,69.0,Si,0.3144715207863722,0.7146868401670015,4.736265133707365
pair002,SB,conf002,69.5,Si,0.3245355697472643,0.7300737188588766,4.723519504748081
pair002,SB,conf002,70.0,Si,0.334578502011154,0.7454278817235778,4.710711331950364
pair002,SB,conf002,70.49999999999999,Si,0.3445998946497886,0.7607487828142221,4.697841239945278
pair002,SB,conf002,71.0,Si,0.3545993305137458,0.7760358836371426,4.684909859279685
pair002,SB,conf002,71.5,Si,0.3645763980911749,0.7912886529377274,4.6719178264548145
pair002,SB,conf002,72.0,Si,0.374530691371195,0.8065065664947808,4.6588657839652985
pair002,SB,conf002,72.5,Si,0.3844618097117898,0.8216891069230268,4.645754380338616
pair002,SB,conf002,73.0,Si,0.39436935771203174,0.8368357634833983,4.632584270175016
pair002,SB,conf002,73.50000000000001,Si,0.40425294508849396,0.8519460319007772,4.619356114187845
pair002,SB,conf002,74.0,Si,0.4141121865556949,0.8670194141888603,4.606070579244349
pair002,SB,conf002,74.5,Si,0.423946701710441,0.882055418481851,4.592728338406882
pair002,SB,conf002,75.0,Si,0.43375611491992494,0.8970535588726667,4.579330070974562
pair002,SB,conf002,75.5,Si,0.4435400552134521,0.8904649872930361,4.5658764625253685
pair002,SB,conf002,75.99999999999999,Si,0.4532981561776712,0.8797215987048113,4.552368204958649
pair002,SB,conf002,76.5,Si,0.46303005585517965,0.868958172505917,4.538805996538075
pair002,SB,conf002,77.0,Si,0.4727353966463974,0.8581752806298912,4.525190541934997
pair002,SB,conf002,77.5,Si,0.4824138252145842,0.8473735022643132,4.5115225522722415
pair002,SB,conf002,78.0,Si,0.4920649923939042,0.8365534239855619,4.497802745168304
pair002,SB,conf002,78.49999999999999,Si,0.5016885531004232,0.8257156398966778,4.484031844781951
pair002,SB,conf002,79.0,Si,0.5112841662459446,0.814860751768369,4.470210581857247
pair002,SB,conf002,79.5,Si,0.5208514946545788,0.8039893691832332,4.456339693768955
pair002,SB,conf002,80.0,Si,0.5303902049819642,0.7931021096832505,4.442419924568343
pair002,SB,conf002,80.49999999999999,Si,0.5398999676370388,0.7821995989205994,4.428452025029356
pair002,SB,conf002,81.0,Si,0.5493804567062834,0.7712824708118651,4.414436752695201
pair002,SB,conf002,81.5,Si,0.5588313498803432,0.7603513676956839,4.400374871925253
pair002,SB,conf002,81.99999999999999,Si,0.5682523283829617,0.7494069404938941,4.386267153942368
pair002,SB,conf002,82.5,Si,0.5776430769021335,0.7384498488762354,4.3721143768805035
pair002,SB,conf002,83.0,Si,0.5870032835234105,0.7274807614286691,4.3579173258327195
pair002,SB,conf002,83.50000000000001,Si,0.5963326396652902,0.7165003558253507,4.343676792899471
pair002,SB,conf002,84.0,Si,0.605630840016609,0.7055093190043336,4.329393577237251
pair002,SB,conf002,84.5,Si,0.6148975824758811,0.694508347347029,4.315068485107522
pair002,SB,conf002,85.0,Si,0.6241325680925158,0.6834981468614927,4.300702329925942
pair002,SB,conf002,85.5,Si,0.633335501009842,0.6724794333695743,4.2862959323118766
pair002,SB,conf002,86.0,Si,0.6425060884099045,0.661452932697977,4.27185012013817
pair002,SB,conf002,86.5,Si,0.6504193808732699,0.6504193808732699,4.257365728581169
pair002,SB,conf002,87.0,Si,0.6393795243208988,0.6393795243208988,4.242843600170975
pair002,SB,conf002,87.49999999999999,Si,0.6283341200682189,0.6283341200682189,4.228284584841926
pair002,SB,conf002,88.0,Si,0.6172839359515969,0.6172839359515969,4.21368953998326
pair002,SB,conf002,88.5,Si,0.6062297508276029,0.6062297508276029,4.199059330489961
pair002,SB,conf002,89.00000000000001,Si,0.5951723547883201,0.5951723547883201,4.1843948288137724
pair002,SB,conf002,89.5,Si,0.5841125493807915,0.5841125493807915,4.1696969150143435
pair002,SB,conf002,90.0,Si,0.5730511478306195,0.5730511478306195,4.154966476810486
pair002,SB,conf002,90.5,Si,0.5619889752697269,0.5619889752697269,4.140204409631528
pair002,SB,conf002,91.0,Si,0.5509268689682838,0.5509268689682838,4.12541161666873
pair002,SB,conf002,91.5,Si,0.5398656785707978,0.5398656785707978,4.110589008926755
pair002,SB,conf002,91.99999999999999,Si,0.5288062663363482,0.5288062663363482,4.0957375052751335
pair002,SB,conf002,92.5,Si,0.5177495073829605,0.5177495073829605,4.080858032499734
pair002,SB,conf002,92.99999999999999,Si,0.5066962899360818,0.5066962899360818,4.065951525354173
pair002,SB,conf002,93.50000000000001,Si,0.4956475155811215,0.4956475155811215,4.051018926611164
pair002,SB,conf002,94.0,Si,0.48460409952001693,0.48460409952001693,4.036061187113756
pair002,SB,conf002,94.5,Si,0.47356697083175914,0.47356697083175914,4.021079265826419
pair002,SB,conf002,95.0,Si,0.4625370727368143,0.4625370727368143,4.00607412988597
pair002,SB,conf002,95.5,Si,0.45151536286535676,0.45151536286535676,3.991046754652284
pair002,SB,conf002,96.0,Si,0.44050281352921705,0.44050281352921705,3.9759981237587367
pair002,SB,conf002,96.5,Si,0.4295004119974395,0.4295004119974395,3.960929229162376
pair002,SB,conf002,97.0,Si,0.41850916077531797,0.41850916077531797,3.9458410711937497
pair002,SB,conf002,97.49999999999999,Si,0.407530077886767,0.407530077886767,3.9307346586063505
pair002,SB,conf002,98.0,Si,0.3965641971598808,0.3965641971598808,3.915611008625651
pair002,SB,conf002,98.49999999999999,Si,0.38561256851548475,0.38561256851548475,3.900471146997661
pair002,SB,conf002,99.00000000000001,Si,0.37467625825848905,0.37467625825848905,3.8853161080369687
pair002,SB,conf002,99.5,Si,0.36375634937182366,0.36375634937182366,3.8701469346742052
pair002,SB,conf002,100.0,Si,0.35285394181270546,0.35285394181270546,3.854964678502896
pair002,SB,conf002,100.50000000000001,Si,0.34197015281097953,0.34197015281097953,3.8397703998256305
pair002,SB,conf002,101.0,Si,0.33110611716922667,0.33110611716922667,3.824565167699492
pair002,SB,conf002,101.5,Si,0.3202629875643266,0.3202629875643266,3.809265297104979
pair002,SB,conf002,101.99999999999999,Si,0.3094419348501225,0.3094419348501225,3.793628725631516
pair002,SB,conf002,102.5,Si,0.2986441483608018,0.2986441483608018,3.777640871179344
pair002,SB,conf002,102.99999999999999,Si,0.2878708362145841,0.2878708362145841,3.761302261000027
pair002,SB,conf002,103.49999999999999,Si,0.27712322561726266,0.27712322561726266,3.7446134620764036
pair002,SB,conf002,104.0,Si,0.266402563165115,0.266402563165115,3.7275750810624078
pair002,SB,conf002,104.5,Si,0.2557101151466663,0.2557101151466663,3.7101877642274306
pair002,SB,conf002,105.00000000000001,Si,0.24504716784272618,0.24504716784272618,3.6924521974053923
pair002,SB,conf002,105.5,Si,0.2344150278241086,0.2344150278241086,3.674369105948721
pair002,SB,conf002,106.0,Si,0.22381502224637462,0.22381502224637462,3.655939254687411
pair002,SB,conf002,106.5,Si,0.2132484991409025,0.2132484991409025,3.637163447893385
pair002,SB,conf002,107.0,Si,0.2027168277015441,0.2027168277015441,3.6180425292503755
pair002,SB,conf002,107.49999999999999,Si,0.19222139856605924,0.19222139856605924,3.598577381829546
pair002,SB,conf002,108.0,Si,0.18176362409148994,0.18176362409148994,3.578768928071137
pair002,SB,conf002,108.5,Si,0.17134493862256672,0.17134493862256672,3.5586181297723676
pair002,SB,conf002,108.99999999999999,Si,0.1609667987521728,0.1609667987521728,3.538125988081894
pair002,SB,conf002,109.50000000000001,Si,0.15063068357286147,0.15063068357286147,3.517293543501132
pair002,SB,conf002,110.0,Si,0.1403380949183286,0.1403380949183286,3.487124260825178
pair002,SB,conf002,110.50000000000001,Si,0.13009055759369792,0.13009055759369792,3.4482405936627627
pair002,SB,conf002,111.0,Si,0.1198896195934045,0.1198896195934045,3.4091155494949543
pair002,SB,conf002,111.5,Si,0.10973685230539476,0.10973685230539476,3.369753268551394
pair002,SB,conf002,112.0,Si,0.09963385070028918,0.09963385070028918,3.330157983183236
pair002,SB,conf002,112.5,Si,0.08958223350409389,0.08958223350409389,3.2903340210484373
pair002,SB,conf002,113.0,Si,0.07958364335295154,0.07958364335295154,3.2502858085042714
pair002,SB,conf002,113.49999999999999,Si,0.0696397469283796,0.0696397469283796,3.210017874221455
pair002,SB,conf002,114.0,Si,0.05975223507133931,0.05975223507133931,3.169534853035331
pair002,SB,conf002,114.49999999999999,Si,0.04992282287342675,0.04992282287342675,3.1288414900507266
pair002,SB,conf002,115.0,Si,0.040153249743380526,0.040153249743380526,3.087942645018421
pair002,SB,conf002,115.50000000000001,Si,0.03044527944704578,0.03044527944704578,3.0468432970024626
pair002,SB,conf002,116.00000000000001,Si,0.020800700118841053,0.020800700118841053,3.005548549359192
pair002,SB,conf002,116.5,Si,0.011221324242707498,0.011221324242707498,2.964063635050289
pair002,SB,conf002,117.0,Si,0.00170898860044999,0.00170898860044999,2.922393922314062
pair002,SB,conf002,117.5,Si,-0.007734445814704172,-0.007734445814704172,2.880544920720979
pair002,SB,conf002,117.99999999999999,Si,-0.017107093921556737,-0.017107093921556737,2.838522287641551
pair002,SB,conf002,118.50000000000001,Si,-0.026407046713709637,-0.026407046713709637,2.796331835156841
pair002,SB,conf002,119.0,Si,-0.03563237146401521,-0.03563237146401521,2.7539795374443434
pair002,SB,conf002,119.5,Si,-0.044781111973133836,-0.044781111973133836,2.711471538674439
pair002,SB,conf002,119.99999999999999,Si,-0.05385128886466761,-0.05385128886466761,2.66881416145558
pair002,SB,conf002,120.50000000000001,Si,-0.06284089992939768,-0.06284089992939768,2.6260139158692324
pair002,SB,conf002,121.0,Si,-0.07174792052117884,-0.07174792052117884,2.58307750913898
pair002,SB,conf002,121.5,Si,-0.08057030400709331,-0.08057030400709331,2.540011855981583
pair002,SB,conf002,122.0,Si,-0.08930598227446418,-0.08930598227446418,2.496824089691696
pair002,SB,conf002,122.49999999999999,Si,-0.09795286629736233,-0.09795286629736233,2.4535215740159133
pair002,SB,conf002,123.00000000000001,Si,-0.1065122487040886,-0.1065122487040886,2.410111915876244
pair002,SB,conf002,123.5,Si,-0.1150034515114291,-0.1150034515114291,2.366602979007774
pair002,SB,conf002,124.0,Si,-0.12342728619552812,-0.12342728619552812,2.3230028985803104
pair002,SB,conf002,124.49999999999999,Si,-0.13178061488340287,-0.13178061488340287,2.279320096879184
pair002,SB,conf002,124.99999999999999,Si,-0.14006026817734307,-0.14006026817734307,2.2355633001260706
pair002,SB,conf002,125.5,Si,-0.1482630463624126,-0.1482630463624126,2.1917415565267735
pair002,SB,conf002,126.0,Si,-0.1563857207327668,-0.1563857207327668,2.1478642556393863
pair002,SB,conf002,126.5,Si,-0.16442503504188988,-0.16442503504188988,2.1039411491629023
pair002,SB,conf002,127.00000000000001,Si,-0.17237770708175004,-0.17237770708175004,2.0599823732536056
pair002,SB,conf002,127.50000000000001,Si,-0.18024043039576054,-0.18024043039576054,2.0159984724838003
pair002,SB,conf002,128.0,Si,-0.18800987613021647,-0.18800987613021647,1.9720004255651487
pair002,SB,conf002,128.5,Si,-0.1982357980915792,-0.19568269502868874,1.9279996729666993
pair002,SB,conf002,129.0,Si,-0.20935795320469164,-0.20325551957355037,1.8840081465654819
pair002,SB,conf002,129.49999999999997,Si,-0.22048321622298328,-0.2107249662785018,1.840038301475434
pair002,SB,conf002,130.0,Si,-0.23161080092567343,-0.2180876381355581,1.7961031502079845
pair002,SB,conf002,130.5,Si,-0.24273990338171725,-0.22534012721953567,1.752216299324749
pair002,SB,conf002,131.00000000000003,Si,-0.253869701323586,-0.23247901745255173,1.7083919887491767
pair002,SB,conf002,131.5,Si,-0.26499935349572756,-0.23950088753048915,1.6646451339093875
pair002,SB,conf002,132.0,Si,-0.27612799897670115,-0.24640231401274781,1.6209913708880535
pair002,SB,conf002,132.5,Si,-0.28725475647392584,-0.2531798745758933,1.5774471047569805
pair002,SB,conf002,133.0,Si,-0.29837872358994155,-0.2598301514310528,1.534029561272798
pair002,SB,conf002,133.5,Si,-0.30949897605907783,-0.26634973490407465,1.4907568421053663
pair002,SB,conf002,133.99999999999997,Si,-0.32061456695335844,-0.2727352271765653,1.4476479837610066
pair002,SB,conf002,134.5,Si,-0.3317245258564585,-0.2789832461849615,1.404723020347084
pair002,SB,conf002,135.0,Si,-0.34282785800449433,-0.2850904296737653,1.3620030503015255
pair002,SB,conf002,135.5,Si,-0.3539235433923955,-0.29105343939799777,1.3195103071783219
pair002,SB,conf002,136.0,Si,-0.3650105358445861,-0.29686896546880015,1.2772682345362998
pair002,SB,conf002,136.5,Si,-0.376087762048668,-0.3025337308349276,1.2353015649202848
pair002,SB,conf002,137.0,Si,-0.38715412055079157,-0.3080444958916775,1.1936364028486646
pair002,SB,conf002,137.5,Si,-0.3982084807113624,-0.31339806320755925,1.1523003116257138
pair002,SB,conf002,138.0,Si,-0.40924968161973974,-0.3185912823577357,1.1113224036767069
pair002,SB,conf002,138.5,Si,-0.4202765309665515,-0.3236210548520191,1.070733433954768
pair002,SB,conf002,139.0,Si,-0.4312878038722725,-0.3284843391439376,1.0305658957853734
pair002,SB,conf002,139.5,Si,-0.4422822416706951,-0.3331781557061342,0.9908541182924038
pair002,SB,conf002,140.0,Si,-0.45325855064594456,-0.33769959215615897,0.9516343642831868
pair002,SB,conf002,140.5,Si,-0.4642154007217192,-0.3420458084155438,0.9129449271536247
pair002,SB,conf002,140.99999999999997,Si,-0.4751514241014567,-0.34621404188394544,0.8748262250035121
pair002,SB,conf002,141.5,Si,-0.4860652138581838,-0.3502016126091163,0.8373208897224471
pair002,SB,conf002,142.0,Si,-0.49695532247285845,-0.3540059284325199,0.8000456564115834
pair002,SB,conf002,142.50000000000003,Si,-0.5078202603201032,-0.35762449008960884,0.7493432754972245
pair002,SB,conf002,143.0,Si,-0.5186584941003076,-0.3610548962430502,0.6986459328533703
pair002,SB,conf002,143.5,Si,-0.5294684452172098,-0.3642948484266615,0.6479683796265785
pair002,SB,conf002,144.0,Si,-0.5402484881001948,-0.3673421558773793,0.5973263584566151
pair002,SB,conf002,144.5,Si,-0.5509969484707156,-0.37019474023238197,0.5467367089470352
pair002,SB,conf002,145.0,Si,-0.5617121015524589,-0.3728506400684042,0.49621748634505347
pair002,SB,conf002,145.49999999999997,Si,-0.572392170225066,-0.3753080152604127,0.445788095242426
pair002,SB,conf002,146.0,Si,-0.5830353231215375,-0.3775651511371505,0.39546944036400666
pair002,SB,conf002,146.5,Si,-0.5936396726697106,-0.3796204624115582,0.34528409679753325
pair002,SB,conf002,147.00000000000003,Si,-0.6042032730785964,-0.38147249686483153,0.2952565023378597
pair002,SB,conf002,147.5,Si,-0.614724118270725,-0.3831199387637654,0.24541317497175408
pair002,SB,conf002,148.0,Si,-0.625200139762156,-0.38456161199220507,0.1957829589122042
pair002,SB,conf002,148.5,Si,-0.6356292044922898,-0.3857964828786893,0.14639730299847953
pair002,SB,conf002,149.0,Si,-0.6460091126062397,-0.3868236627039212,0.09729057569716404
pair002,SB,conf002,149.5,Si,-0.6563375951931769,-0.387642409873324,0.04850042135006993
pair002,SB,conf002,150.0,Si,-0.6666123119848015,-0.3882521317418046,6.816268416121041e-05
pair002,SB,conf002,150.5,Si,-0.6768308490189423,-0.38865238607978525,-0.05184673817730201
pair002,SB,conf002,151.0,Si,-0.6869907162742066,-0.38884288217165786,-0.10862520451970914
pair002,SB,conf002,151.5,Si,-0.6970893452826294,-0.3888234815399956,-0.1653879690099187
pair002,SB,conf002,151.99999999999997,Si,-0.7071240867284284,-0.38859419829110187,-0.2221146124176573
pair002,SB,conf002,152.5,Si,-0.7170922080422165,-0.38815519907979623,-0.27878070116482434
pair002,SB,conf002,153.0,Si,-0.7269908910014059,-0.3875068026936388,-0.33535649037885995
pair002,SB,conf002,153.5,Si,-0.7368172293490698,-0.39180509635993854,-0.39180509635993854
pair002,SB,conf002,154.0,Si,-0.7465682264451519,-0.4480798717535228,-0.4480798717535228
pair002,SB,conf002,154.5,Si,-0.7562407929657193,-0.5041205554763144,-0.5041205554763144
pair002,SB,conf002,155.0,Si,-0.7658317446679106,-0.559847493188263,-0.559847493188263
pair002,SB,conf002,155.5,Si,-0.7753378002402714,-0.6151527380519205,-0.6151527380519205
pair002,SB,conf002,156.0,Si,-0.7847555792604486,-0.6698859632773648,-0.6698859632773648
pair002,SB,conf002,156.49999999999997,Si,-0.7940816002845656,-0.7238314917727444,-0.7238314917727444
pair002,SB,conf002,156.99999999999997,Si,-0.8033122790951204,-0.7766696844177502,-0.7766696844177502
pair002,SB,conf002,157.5,Si,-0.8279101644050331,-0.8279101644050331,-0.8279101644050331
pair002,SB,conf002,158.0,Si,-0.8767740632337427,-0.8767740632337427,-0.8767740632337427
pair002,SB,conf002,158.5,Si,-0.9219878030389084,-0.9219878030389084,-0.9219878030389084
pair002,SB,conf002,159.0,Si,-0.9614502804596947,-0.9614502804596947,-0.9614502804596947
pair002,SB,conf002,159.5,Si,-0.9918500207922989,-0.9918500207922989,-0.9918500207922989
pair002,SB,conf002,160.0,Si,-1.0088037346278034,-1.0088037346278034,-1.0088037346278034
pair002,SB,conf002,160.5,Si,-1.0086973479481607,-1.0086973479481607,-1.0086973479481607
pair002,SB,conf002,160.99999999999997,Si,-0.9915570088914913,-0.9915570088914913,-0.9915570088914913
pair002,SB,conf002,161.5,Si,-0.961024322809169,-0.961024322809169,-0.961024322809169
pair002,SB,conf002,162.0,Si,-0.9214762706442221,-0.9214762706442221,-0.9214762706442221
pair002,SB,conf002,162.5,Si,-0.897425847406487,-0.8762085682686616,-0.8762085682686616
pair002,SB,conf002,163.0,Si,-0.905194161957672,-0.8273100151736934,-0.8273100151736934
pair002,SB,conf002,163.5,Si,-0.912810895954539,-0.8234910123047874,-0.8234910123047874
pair002,SB,conf002,163.99999999999997,Si,-0.9202710188387786,-0.8162231595804953,-0.8162231595804953
pair002,SB,conf002,164.5,Si,-0.9275694167216033,-0.8053141249080268,-0.8053141249080268
pair002,SB,conf002,165.0,Si,-0.9347008990052352,-0.7908979359078162,-0.7908979359078162
pair002,SB,conf002,165.5,Si,-0.9416602059847553,-0.7731421140635497,-0.7731421140635497
pair002,SB,conf002,166.0,Si,-0.9484420174795396,-0.7522391047954387,-0.7522391047954387
pair002,SB,conf002,166.5,Si,-0.9550409625379152,-0.7283975990994958,-0.7283975990994958
pair002,SB,conf002,167.00000000000003,Si,-0.961451630251462,-0.7018344860465978,-0.7018344860465978
pair002,SB,conf002,167.5,Si,-0.9676685817065491,-0.6727679328637663,-0.6727679328637663
pair002,SB,conf002,168.0,Si,-0.9736863630900031,-0.6414118396198487,-0.6414118396198487
pair002,SB,conf002,168.49999999999997,Si,-0.9794995199533847,-0.6114031859153699,-0.6079717066119665
pair002,SB,conf002,169.0,Si,-0.9851026126260229,-0.6332767044591907,-0.5923659960883416
pair002,SB,conf002,169.5,Si,-0.9904902327508945,-0.6545271837933415,-0.6228529934298279
pair002,SB,conf002,170.0,Si,-0.995657020899632,-0.6751099046164115,-0.6523513117989777
pair002,SB,conf002,170.49999999999997,Si,-1.0005976852037273,-0.6949780647326587,-0.6807910150153207
pair002,SB,conf002,171.0,Si,-1.005307020918406,-0.714082891964702,-0.7080992270512985
pair002,SB,conf002,171.50000000000003,Si,-1.0097799308142474,-0.7342004134399043,-0.7342004134399043
pair002,SB,conf002,172.0,Si,-1.01401144626964,-0.7590167722603858,-0.7590167722603858
pair002,SB,conf002,172.5,Si,-1.0179967489152044,-0.7824687481468626,-0.7824687481468626
pair002,SB,conf002,173.0,Si,-1.0217311926598598,-0.8044756803885584,-0.8044756803885584
pair002,SB,conf002,173.5,Si,-1.0252103259079954,-0.824956592235319,-0.824956592235319
pair002,SB,conf002,174.0,Si,-1.0284299137587443,-0.843831122784261,-0.843831122784261
pair002,SB,conf002,174.5,Si,-1.0313859599624937,-0.8610205952414594,-0.8610205952414594
pair002,SB,conf002,174.99999999999997,Si,-1.0340747283970553,-0.8764492060816682,-0.8764492060816682
pair002,SB,conf002,175.5,Si,-1.0364927638171055,-0.8900453091085079,-0.8900453091085079
pair002,SB,conf002,176.0,Si,-1.0386369116260945,-0.9017427574100441,-0.9017427574100441
pair002,SB,conf002,176.5,Si,-1.040504336420371,-0.9114822557861044,-0.9114822557861044
pair002,SB,conf002,177.0,Si,-1.0420925390610545,-0.9192126677007422,-0.9192126677007422
pair002,SB,conf002,177.5,Si,-1.0433993720404753,-0.9248922155638606,-0.9248922155638606
pair002,SB,conf002,178.00000000000003,Si,-1.0444230529267926,-0.928489512391552,-0.928489512391552
pair002,SB,conf002,178.5,Si,-1.0451621756924414,-0.9299843674438915,-0.9299843674438915
pair002,SB,conf002,179.0,Si,-1.0456157197591547,-0.9293683184602495,-0.9293683184602495
pair002,SB,conf002,179.49999999999997,Si,-1.0457830566236892,-0.9266448580008446,-0.9266448580008446
pair002,SB,conf002,180.0,Re,-1.045663953963437,-0.9518447509312852,-0.9218293397957791
pair002,SB,conf002,180.5,Re,-1.0452585771589333,-0.9817450972983937,-0.9149485709552552
pair002,SB,conf002,181.0,Re,-1.0445674882097773,-1.011576929139564,-0.9060401151965867
pair002,SB,conf002,181.5,Re,-1.0435916420606937,-1.0413217511549,-0.8951513487963723
pair002,SB,conf002,182.0,Re,-1.070958034777668,-1.070958034777668,-0.9280708034371884
pair002,SB,conf002,182.50000000000003,Re,-1.100460504277987,-1.100460504277987,-0.9870324057250337
pair002,SB,conf002,183.0,Re,-1.1297992204088425,-1.1297992204088425,-1.0460160692395908
pair002,SB,conf002,183.5,Re,-1.1589383954870194,-1.1589383954870194,-1.1050090120855578
pair002,SB,conf002,183.99999999999997,Re,-1.187834850162811,-1.187834850162811,-1.1639946754855237
pair002,SB,conf002,184.5,Re,-1.2229503954008318,-1.2229503954008318,-1.2229503954008318
pair002,SB,conf002,185.0,Re,-1.2818431149990064,-1.2818431149990064,-1.2818431149990064
pair002,SB,conf002,185.5,Re,-1.3406209145577501,-1.3406209145577501,-1.3406209145577501
pair002,SB,conf002,185.99999999999997,Re,-1.399194723013904,-1.399194723013904,-1.399194723013904
pair002,SB,conf002,186.5,Re,-1.457393971064784,-1.457393971064784,-1.457393971064784
pair002,SB,conf002,187.00000000000003,Re,-1.5148406906011564,-1.5148406906011564,-1.5148406906011564
pair002,SB,conf002,187.5,Re,-1.570502178948412,-1.570502178948412,-1.570502178948412
pair002,SB,conf002,188.0,Re,-1.6205026157024525,-1.6205026157024525,-1.6205026157024525
pair002,SB,conf002,188.5,Re,-1.6458022201905667,-1.6458022201905667,-1.6458022201905667
pair002,SB,conf002,189.0,Re,-1.6186160504305827,-1.6186160504305827,-1.6186160504305827
pair002,SB,conf002,189.5,Re,-1.568179571922323,-1.568179571922323,-1.568179571922323
pair002,SB,conf002,190.0,Re,-1.5123989269697928,-1.5123989269697928,-1.5123989269697928
pair002,SB,conf002,190.49999999999997,Re,-1.4831183077318664,-1.4831183077318664,-1.4549064030857617
pair002,SB,conf002,191.0,Re,-1.489001790951458,-1.489001790951458,-1.3966855634337851
pair002,SB,conf002,191.49999999999997,Re,-1.4901877076243637,-1.4901877076243637,-1.3381003263789348
pair002,SB,conf002,192.0,Re,-1.4865973901033527,-1.4865973901033527,-1.2793161258105463
pair002,SB,conf002,192.5,Re,-1.4784639232664398,-1.4784639232664398,-1.2204198124055081
pair002,SB,conf002,193.0,Re,-1.4662632781331817,-1.4662632781331817,-1.1614622229210383
pair002,SB,conf002,193.50000000000003,Re,-1.450594835105474,-1.450594835105474,-1.102475836025489
pair002,SB,conf002,194.0,Re,-1.4320703603651768,-1.4320703603651768,-1.0434829846284064
pair002,SB,conf002,194.5,Re,-1.411243777905008,-1.411243777905008,-0.9845000268994198
pair002,SB,conf002,194.99999999999997,Re,-1.388581981598425,-1.388581981598425,-0.9255396174767839
pair002,SB,conf002,195.5,Re,-1.3644624526786702,-1.3644624526786702,-0.9299495689686164
pair002,SB,conf002,196.0,Re,-1.3391836437644762,-1.3391836437644762,-0.9881998112612922
pair002,SB,conf002,196.5,Re,-1.3129792072541633,-1.3129792072541633,-1.0462089637277932
pair002,SB,conf002,196.99999999999997,Re,-1.2860317115525848,-1.2860317115525848,-1.103509717288178
pair002,SB,conf002,197.5,Re,-1.2584842427876166,-1.2584842427876166,-1.157110757292092
pair002,SB,conf002,198.00000000000003,Re,-1.2370278542934174,-1.2370278542934174,-1.1647700152543035
pair002,SB,conf002,198.5,Re,-1.235841752358674,-1.235841752358674,-1.1133077891246923
pair002,SB,conf002,199.0,Re,-1.2337156902863518,-1.2337156902863518,-1.0562611403324529
pair002,SB,conf002,199.49999999999997,Re,-1.2306630680230033,-1.2306630680230033,-0.9983236196934304
pair002,SB,conf002,200.0,Re,-1.2267027099419479,-1.2267027099419479,-0.9401012938002549
pair002,SB,conf002,200.5,Re,-1.221858331405047,-1.221858331405047,-0.8817624819825336
pair002,SB,conf002,201.00000000000003,Re,-1.2161579003328709,-1.2161579003328709,-0.8233740833505899
pair002,SB,conf002,201.49999999999997,Re,-1.2096329317147887,-1.2096329317147887,-0.7649693661866102
pair002,SB,conf002,202.0,Re,-1.2023177529916742,-1.2023177529916742,-0.7065678283515875
pair002,SB,conf002,202.49999999999997,Re,-1.1942487750215758,-1.1942487750215758,-0.6481824761644871
pair002,SB,conf002,203.0,Re,-1.185463797779886,-1.185463797779886,-0.5898229285774317
pair002,SB,conf002,203.5,Re,-1.17600137307269,-1.17600137307269,-0.5314968952722077
pair002,SB,conf002,203.99999999999997,Re,-1.165900239320503,-1.165900239320503,-0.47321094227082816
pair002,SB,conf002,204.5,Re,-1.1551988366764643,-1.1551988366764643,-0.41497091576598766
pair002,SB,conf002,205.0,Re,-1.1439349049036762,-1.1439349049036762,-0.35678218974385434
pair002,SB,conf002,205.50000000000003,Re,-1.1321451618242482,-1.1321451618242482,-0.29864981725361883
pair002,SB,conf002,205.99999999999997,Re,-1.119865056829497,-1.119865056829497,-0.24057862634158478
pair002,SB,conf002,206.5,Re,-1.1071285918159195,-1.1071285918159195,-0.18257328285868857
pair002,SB,conf002,206.99999999999997,Re,-1.0939682008041287,-1.0939682008041287,-0.12463833271741742
pair002,SB,conf002,207.5,Re,-1.0804146791881049,-1.0804146791881049,-0.06677823099901015
pair002,SB,conf002,208.0,Re,-1.0664971538303916,-1.0664971538303916,-0.008997362415443577
pair002,SB,conf002,208.5,Re,-1.052243085868385,-1.052243085868385,0.048699944050459854
pair002,SB,conf002,209.0,Re,-1.0376782989665998,-1.0376782989665998,0.10630940450998061
pair002,SB,conf002,209.5,Re,-1.0228270267158743,-1.0228270267158743,0.1638267723419251
pair002,SB,conf002,210.00000000000003,Re,-1.0077119738549665,-1.0077119738549665,0.22124783236972778
pair002,SB,conf002,210.49999999999997,Re,-0.9923543869146528,-0.9923543869146528,0.2785683964905228
pair002,SB,conf002,211.0,Re,-0.9767741307249158,-0.9767741307249158,0.33578430037154505
pair002,SB,conf002,211.5,Re,-0.9609897679652328,-0.9609897679652328,0.39289140094122654
pair002,SB,conf002,212.0,Re,-0.945018639571709,-0.945018639571709,0.44988557447928423
pair002,SB,conf002,212.5,Re,-0.9288769443464002,-0.9288769443464002,0.5067627151630594
pair002,SB,conf002,213.0,Re,-0.9125798165516192,-0.9125798165516192,0.563518733965076
pair002,SB,conf002,213.50000000000003,Re,-0.8961414006259664,-0.8961414006259664,0.6201495578233969
pair002,SB,conf002,214.0,Re,-0.8795749224406236,-0.8795749224406236,0.6766511290257493
pair002,SB,conf002,214.50000000000003,Re,-0.8628927567352055,-0.8628927567352055,0.7330194047625431
pair002,SB,conf002,214.99999999999997,Re,-0.8461064905426143,-0.8461064905426143,0.7892503568141971
pair002,SB,conf002,215.5,Re,-0.8292269825409868,-0.8292269825409868,0.8453399713462206
pair002,SB,conf002,216.0,Re,-0.8122644183662192,-0.8122644183662192,0.9012842487910449
pair002,SB,conf002,216.50000000000003,Re,-0.7952283619871651,-0.7952283619871651,0.9570792038003735
pair002,SB,conf002,217.0,Re,-0.7781278032935063,-0.7781278032935063,1.012720865254929
pair002,SB,conf002,217.5,Re,-0.7609712020777738,-0.7609712020777738,1.0682052763213814
pair002,SB,conf002,217.99999999999997,Re,-0.7437665286121957,-0.7437665286121957,1.1235284945479933
pair002,SB,conf002,218.5,Re,-0.7265213010306341,-0.7265213010306341,1.1786865919924632
pair002,SB,conf002,219.00000000000003,Re,-0.7092426197287213,-0.7092426197287213,1.2336756553763315
pair002,SB,conf002,219.49999999999997,Re,-0.6919371989928016,-0.6919371989928016,1.2884917862616547
pair002,SB,conf002,220.0,Re,-0.6746113960623883,-0.6746113960623883,1.3431311012462521
pair002,SB,conf002,220.5,Re,-0.657271237822429,-0.657271237822429,1.397589732174424
pair002,SB,conf002,221.00000000000003,Re,-0.6399224453115697,-0.6399224453115697,1.4518638263608497
pair002,SB,conf002,221.5,Re,-0.6225704562218215,-0.6225704562218215,1.5059495468253654
pair002,SB,conf002,222.0,Re,-0.6052204455535632,-0.6052204455535632,1.5598430725370764
pair002,SB,conf002,222.49999999999997,Re,-0.5878773445785044,-0.5878773445785044,1.6135405986661941
pair002,SB,conf002,223.0,Re,-0.570545858251938,-0.570545858251938,1.667038336842514
pair002,SB,conf002,223.5,Re,-0.5532304812048476,-0.5532304812048476,1.720332515419339
pair002,SB,conf002,224.0,Re,-0.5359355124360108,-0.5359355124360108,1.7734193797421212
pair002,SB,conf002,224.5,Re,-0.5186650688145444,-0.5186650688145444,1.8262951924209452
pair002,SB,conf002,225.0,Re,-0.501423097494093,-0.501423097494093,1.8789562336062817
pair002,SB,conf002,225.50000000000003,Re,-0.484213387331365,-0.484213387331365,1.9313988012674177
pair002,SB,conf002,226.0,Re,-0.4670395793937865,-0.4670395793937865,1.98361921147311
pair002,SB,conf002,226.5,Re,-0.44990517663368546,-0.44990517663368546,2.035613798674042
pair002,SB,conf002,226.99999999999997,Re,-0.43281355279975187,-0.43281355279975187,2.0873789159866973
pair002,SB,conf002,227.5,Re,-0.4157679606502478,-0.4157679606502478,2.13891093547842
pair002,SB,conf002,228.0,Re,-0.3987715395268667,-0.3987715395268667,2.1902062484532534
pair002,SB,conf002,228.5,Re,-0.3818273223428621,-0.3818273223428621,2.2412612657384736
pair002,SB,conf002,228.99999999999997,Re,-0.36493824203443004,-0.36493824203443004,2.292072417971471
pair002,SB,conf002,229.49999999999997,Re,-0.34810713751993805,-0.34810713751993805,2.3426361558869244
pair002,SB,conf002,230.0,Re,-0.33133675920772676,-0.33133675920772676,2.392948950603957
pair002,SB,conf002,230.5,Re,-0.3146297740895776,-0.3146297740895776,2.4430072939132543
pair002,SB,conf002,231.00000000000003,Re,-0.2979887704537141,-0.2979887704537141,2.4928076985639773
pair002,SB,conf002,231.5,Re,-0.2814162622482559,-0.2814162622482559,2.5423466985503067
pair002,SB,conf002,232.00000000000003,Re,-0.2649146931232973,-0.2649146931232973,2.5916208493976116
pair002,SB,conf002,232.5,Re,-0.24848644017741361,-0.24848644017741361,2.6406267284480203
pair002,SB,conf002,233.0,Re,-0.2321338174320804,-0.2321338174320804,2.689360935145472
pair002,SB,conf002,233.49999999999997,Re,-0.21584695522639574,-0.21584695522639574,2.737820091319998
pair002,SB,conf002,234.0,Re,-0.1995545771873164,-0.1995545771873164,2.7860008414713384
pair002,SB,conf002,234.49999999999997,Re,-0.18324616748265976,-0.18324616748265976,2.8338998530516717
pair002,SB,conf002,235.0,Re,-0.16692345985137447,-0.16692345985137447,2.8776197711696585
pair002,SB,conf002,235.5,Re,-0.15058812955351142,-0.15058812955351142,2.9066303091259145
pair002,SB,conf002,235.99999999999997,Re,-0.13424179618184873,-0.13424179618184873,2.9353404087863644
pair002,SB,conf002,236.5,Re,-0.11788602632221279,-0.11788602632221279,2.963747998194734
pair002,SB,conf002,237.00000000000003,Re,-0.10152233607098915,-0.10152233607098915,2.991851048583109
pair002,SB,conf002,237.49999999999997,Re,-0.08515219341782898,-0.08515219341782898,3.0196475740067785
pair002,SB,conf002,238.0,Re,-0.06877702050116374,-0.06877702050116374,3.0471356310047786
pair002,SB,conf002,238.50000000000003,Re,-0.05239819574371074,-0.05239819574371074,3.0743133182847022
pair002,SB,conf002,239.0,Re,-0.036017055874715265,-0.036017055874715265,3.101178776430491
pair002,SB,conf002,239.5,Re,-0.019634897845346222,-0.019634897845346222,3.1277301876319172
pair002,SB,conf002,239.99999999999997,Re,-0.003252980643280834,-0.003252980643280834,3.153965775434553
pair002,SB,conf002,240.5,Re,0.013127472987866762,0.013127472987866762,3.179883804509181
pair002,SB,conf002,241.00000000000003,Re,0.029505274918873114,0.029505274918873114,3.205482580439543
pair002,SB,conf002,241.5,Re,0.042431453740570335,0.045879270089967505,3.2307604495274815
pair002,SB,conf002,242.0,Re,0.05330118169218112,0.06224833504587246,3.255715798614562
pair002,SB,conf002,242.49999999999997,Re,0.06415305960628004,0.07861137654630657,3.280347054919256
pair002,SB,conf002,243.0,Re,0.07498659603425595,0.09496733024778581,3.3046526858889513
pair002,SB,conf002,243.49999999999997,Re,0.08580130726418811,0.11131515945268822,3.3286311990659345
pair002,SB,conf002,244.0,Re,0.09659671709945572,0.12765385392190187,3.352281141966713
pair002,SB,conf002,244.5,Re,0.1073723566454512,0.14398242874747336,3.375601101973911
pair002,SB,conf002,244.99999999999997,Re,0.1181277641041023,0.1602999232819935,3.398589706240172
pair002,SB,conf002,245.5,Re,0.1288624845758939,0.17660540012156556,3.4212456216034295
pair002,SB,conf002,246.00000000000003,Re,0.13957606986907334,0.19289794413942118,3.4435675545129736
pair002,SB,conf002,246.50000000000003,Re,0.1502680783157797,0.20917666156742332,3.465554250965805
pair002,SB,conf002,247.0,Re,0.16093807459481257,0.22544067912284538,3.4872044964527587
pair002,SB,conf002,247.50000000000003,Re,0.17158562956079004,0.24168914317797952,3.508517115913931
pair002,SB,conf002,248.0,Re,0.18221032007942295,0.2579212189702278,3.5294909737029374
pair002,SB,conf002,248.5,Re,0.19281172886870634,0.27413608985056004,3.550124973559648
pair002,SB,conf002,248.99999999999997,Re,0.20338944434575712,0.2903329565682151,3.570418058590906
pair002,SB,conf002,249.5,Re,0.21394306047911282,0.30651103658977763,3.590369211258975
pair002,SB,conf002,249.99999999999997,Re,0.22447217664625074,0.32266956345074616,3.6099774533772417
pair002,SB,conf002,250.5,Re,0.23497639749616073,0.3388077861379377,3.629241846112961
pair002,SB,conf002,251.0,Re,0.2454553328167386,0.3549249685010467,3.64816148999664
pair002,SB,conf002,251.49999999999997,Re,0.255908597406848,0.37102038869187903,3.6667355249378324
pair002,SB,conf002,252.0,Re,0.2663358109528631,0.38709333862980944,3.6849631302470374
pair002,SB,conf002,252.49999999999997,Re,0.2767365979095011,0.4031431234920715,3.702843524663449
pair002,SB,conf002,253.0,Re,0.28711058738482276,0.41916906122765396,3.720375966388335
pair002,SB,conf002,253.5,Re,0.2974574130292009,0.43517048209354203,3.737559753123785
pair002,SB,conf002,254.00000000000003,Re,0.30777671292813635,0.45114672821219304,3.754394222116647
pair002,SB,conf002,254.5,Re,0.3180681294987642,0.46709715314915434,3.7708787502074315
pair002,SB,conf002,255.00000000000003,Re,0.3283313093899196,0.4830211215098197,3.787012753884015
pair002,SB,conf002,255.49999999999997,Re,0.338565903385615,0.49891800855432655,3.8027956893399364
pair002,SB,conf002,256.0,Re,0.3487715663118267,0.5147871998297424,3.818227052537169
pair002,SB,conf002,256.5,Re,0.3589479569464389,0.5306280908186156,3.8334389884212476
pair002,SB,conf002,257.0,Re,0.36909473793225644,0.5464400866031365,3.848637959402328
pair002,SB,conf002,257.5,Re,0.3792115756929564,0.5622226015441083,3.863825352052387
pair002,SB,conf002,258.0,Re,0.3892981403518678,0.5779750589739969,3.8790001024282357
pair002,SB,conf002,258.5,Re,0.3993541056534957,0.5936968909034086,3.8941611553147655
pair002,SB,conf002,258.99999999999994,Re,0.40937914888766413,0.609387537740292,3.909307464179071
pair002,SB,conf002,259.5,Re,0.4193729508162043,0.6250464480213067,3.9244379911238885
pair002,SB,conf002,260.0,Re,0.4293351956020832,0.6406730781547225,3.9395517068403687
pair002,SB,conf002,260.5,Re,0.439265570740887,0.6562668921743382,3.9546475905602745
pair002,SB,conf002,261.0,Re,0.44916376699458094,0.6718273615038786,3.9697246300076308
pair002,SB,conf002,261.5,Re,0.4590294783274558,0.6873539647313665,3.9847818213498827
pair002,SB,conf002,262.00000000000006,Re,0.4688624018441814,0.7028461873930192,3.999818169148622
pair002,SB,conf002,262.5,Re,0.47866223772990746,0.7183035217662159,4.014832686309898
pair002,SB,conf002,263.0,Re,0.4884286891923246,0.733725466671115,4.029824394034208
pair002,SB,conf002,263.5,Re,0.49816146240560877,0.7491115272805036,4.044792321766133
pair002,SB,conf002,264.0,Re,0.5078602664562168,0.7644612149375429,4.059735507143763
pair002,SB,conf002,264.5,Re,0.5175248132904209,0.779774046980992,4.074652995947831
pair002,SB,conf002,265.0,Re,0.5271548176635676,0.7950495465776244,4.089543842050709
pair002,SB,conf002,265.5,Re,0.5367499970909606,0.8102872425614611,4.104407107365217
pair002,SB,conf002,266.0,Re,0.5463100718003469,0.825486669279561,4.119241861793318
pair002,SB,conf002,266.49999999999994,Re,0.5558347646859165,0.8406473664440213,4.1340471831747365
pair002,SB,conf002,267.0,Re,0.5653238012637949,0.8557688789899693,4.148822157235502
pair002,SB,conf002,267.5,Re,0.5747769096289546,0.8708507569392265,4.163565877536476
pair002,SB,conf002,267.99999999999994,Re,0.5841938204135049,0.8858925552694259,4.178277445421889
pair002,SB,conf002,268.5,Re,0.5935742667463197,0.9008938337883425,4.192955969967899
pair002,SB,conf002,269.0,Re,0.6029179842139405,0.914642181381119,4.2076005679311965
pair002,SB,conf002,269.50000000000006,Re,0.612224710822731,0.90566629805518,4.222210363697721
pair002,SB,conf002,270.0,Re,0.6214941869622257,0.8966767820554968,4.236784489231448
pair002,SB,conf002,270.5,Re,0.630726155369645,0.8876741794606773,4.251322084023332
pair002,SB,conf002,271.0,Re,0.6399203610955195,0.8786590423838307,4.265822295040389
pair002,SB,conf002,271.5,Re,0.6490765514704127,0.8696319290531223,4.280284276674939
pair002,SB,conf002,272.0,Re,0.6581944760726748,0.8605934038933916,4.29470719069406
pair002,SB,conf002,272.5,Re,0.6672738866972201,0.8515440376088115,4.309090206189236
pair002,SB,conf002,273.0,Re,0.6607490702605088,0.8424844072665862,4.3234324995262305
pair002,SB,conf002,273.5,Re,0.6516440404599415,0.8334150963816789,4.337733254295216
pair002,SB,conf002,274.0,Re,0.642506088409905,0.8243366950025395,4.351991661261147
pair002,SB,conf002,274.5,Re,0.6333355010098434,0.8152497997978398,4.366206918314411
pair002,SB,conf002,275.0,Re,0.6241325680925163,0.8061550141441709,4.3803782304217815
pair002,SB,conf002,275.49999999999994,Re,0.6148975824758824,0.7970529482147104,4.394504809577642
pair002,SB,conf002,276.0,Re,0.6056308400166099,0.7879442190688117,4.408585874755557
pair002,SB,conf002,276.5,Re,0.5963326396652902,0.7788294507425089,4.422620651860141
pair002,SB,conf002,277.0,Re,0.58700328352341,0.7697092743398979,4.436608373679279
pair002,SB,conf002,277.50000000000006,Re,0.577643076902133,0.7605843281253717,4.45054827983669
pair002,SB,conf002,278.0,Re,0.5682523283829621,0.7514552576166655,4.464439616744841
pair002,SB,conf002,278.50000000000006,Re,0.5588313498803432,0.7423227156786869,4.478281637558233
pair002,SB,conf002,279.0,Re,0.5493804567062834,0.7331873626180896,4.492073602127061
pair002,SB,conf002,279.5,Re,0.5398999676370393,0.7240498662785335,4.505814776951247
pair002,SB,conf002,280.0,Re,0.5303902049819647,0.7149109021366085,4.5195044351348646
pair002,SB,conf002,280.5,Re,0.5208514946545793,0.7057711533983511,4.5331418563409684
pair002,SB,conf002,281.0,Re,0.5112841662459455,0.6966313110963098,4.5467263267468105
pair002,SB,conf002,281.5,Re,0.501688553100424,0.6874920741870969,4.56025713899947
pair002,SB,conf002,281.99999999999994,Re,0.4920649923939051,0.6783541496493724,4.5737335921718945
pair002,SB,conf002,282.5,Re,0.48241382521458465,0.6692182525821757,4.587154991719368
pair002,SB,conf002,283.0,Re,0.4727353966463974,0.6600851063035573,4.600520649436373
pair002,SB,conf002,283.5,Re,0.463030055855181,0.650955442449414,4.613829883413906
pair002,SB,conf002,284.0,Re,0.45329815617767166,0.6418300010724474,4.627082017997214
pair002,SB,conf002,284.5,Re,0.4435400552134523,0.6327095307411816,4.640276383743943
pair002,SB,conf002,285.00000000000006,Re,0.4337561149199245,0.623594788638911,4.653412317382749
pair002,SB,conf002,285.5,Re,0.42394670171044146,0.614486540662514,4.66648916177232
pair002,SB,conf002,286.0,Re,0.4141121865556949,0.6053855615209998,4.679506265860871
pair002,SB,conf002,286.5,Re,0.40425294508849463,0.5962926348337076,4.692462984646021
pair002,SB,conf002,287.0,Re,0.39436935771203196,0.5872085532280058,4.705358679135175
pair002,SB,conf002,287.5,Re,0.3844618097117909,0.5781341184364022,4.718192716306307
pair002,SB,conf002,288.0,Re,0.37453069137119543,0.5690701413929016,4.7309644690692
pair002,SB,conf002,288.5,Re,0.3645763980911747,0.5600174423285023,4.743673316227126
pair002,SB,conf002,289.0,Re,0.35459933051374626,0.5509768508656625,4.75631864243897
pair002,SB,conf002,289.5,Re,0.34459989464978924,0.5419492061115883,4.768899838181802
pair002,SB,conf002,290.0,Re,0.3345785020111549,0.5329353567501929,4.781416299713891
pair002,SB,conf002,290.5,Re,0.32453556974726494,0.5239361611325368,4.793867429038151
pair002,SB,conf002,290.99999999999994,Re,0.3144715207863733,0.5149524873655886,4.806252633866045
pair002,SB,conf002,291.5,Re,0.304386783981649,0.505985213399099,4.818571327581916
pair002,SB,conf002,292.0,Re,0.29428179426227175,0.4970352271104084,4.830822929207779
pair002,SB,conf002,292.5,Re,0.2841569927897114,0.488103426386967,4.843006863368517
pair002,SB,conf002,293.0,Re,0.2740128271193887,0.47919071920635914,4.855122560257559
pair002,SB,conf002,293.5,Re,0.26384975136790945,0.47029802371359186,4.86716945560295
pair002,SB,conf002,294.00000000000006,Re,0.2536682263860939,0.46142626829543487,4.879146990633888
pair002,SB,conf002,294.5,Re,0.24346871993798969,0.4525763916515284,4.8910546120476734
pair002,SB,conf002,295.0,Re,0.23325170688610708,0.4437493428620318,4.902891771977105
pair002,SB,conf002,295.5,Re,0.22301766938310918,0.4349460814515258,4.914657927958279
pair002,SB,conf002,296.0,Re,0.21276709707017538,0.4261675774488827,4.926352542898854
pair002,SB,conf002,296.5,Re,0.20250048728231285,0.41741481144283177,4.937975085046688
pair002,SB,conf002,297.0,Re,0.19221834526084436,0.4086887746328871,4.949525027958945
pair002,SB,conf002,297.49999999999994,Re,0.18192118437336458,0.3999904688753435,4.9610018504715825
pair002,SB,conf002,298.0,Re,0.17160952634141635,0.39132090672399733,4.9724050366692865
pair002,SB,conf002,298.49999999999994,Re,0.16128390147619975,0.3826811114652606,4.9837340758557875
pair002,SB,conf002,299.0,Re,0.15094484892257598,0.37407211714730004,4.994988462524615
pair002,SB,conf002,299.5,Re,0.14059291691171283,0.365494968602859,5.006167696330245
pair002,SB,conf002,300.0,Re,0.13022866302265657,0.35695072146535156,5.017271282059641
pair002,SB,conf002,300.50000000000006,Re,0.11985265445317417,0.34844044217786707,5.028298729604225
pair002,SB,conf002,301.0,Re,0.10946546830021098,0.33996520799466157,5.039249553932224
pair002,SB,conf002,301.5,Re,0.09906769185030395,0.33152610697472906,5.050123275061415
pair002,SB,conf002,302.0,Re,0.08865992288032931,0.3231242379670223,5.0609194180322685
pair002,SB,conf002,302.5,Re,0.07824276996894719,0.3147607105868804,5.0716375128814715
pair002,SB,conf002,303.0,Re,0.0678168528191534,0.3064366451832161,5.082277094615847
pair002,SB,conf002,303.5,Re,0.057382802592315096,0.2981531727959861,5.092837703186639
pair002,SB,conf002,303.99999999999994,Re,0.04694126225413431,0.28991143510349016,5.103318883464198
pair002,SB,conf002,304.5,Re,0.036492886932942614,0.2817125843589878,5.113720185213021
pair002,SB,conf002,305.0,Re,0.026038344290796767,0.27355778331615754,5.124041163067172
pair002,SB,conf002,305.5,Re,0.015578314907803703,0.2654482051428788,5.134281376506072
pair002,SB,conf002,306.0,Re,0.005113492680163256,0.25738503332282114,5.144440389830656
pair002,SB,conf002,306.49999999999994,Re,-0.005355414767585609,0.24936946154433315,5.154517772139879
pair002,SB,conf002,307.0,Re,-0.015827685655639412,0.2414026935760687,5.1645130973076
pair002,SB,conf002,307.5,Re,-0.026302583606788277,0.23348594312884496,5.174425943959793
pair002,SB,conf002,308.0,Re,-0.03677935718855174,0.22562043370316665,5.184255895452145
pair002,SB,conf002,308.5,Re,-0.04725723943905402,0.2178073984218707,5.1940025398479595
pair002,SB,conf002,309.0,Re,-0.057735447376080495,0.21004807984734475,5.20366546989645
pair002,SB,conf002,309.50000000000006,Re,-0.06821318148876232,0.2023437297827655,5.213244283011326
pair002,SB,conf002,310.0,Re,-0.07868962521131118,0.19469560905679328,5.222738581249754
pair002,SB,conf002,310.5,Re,-0.0891639443782335,0.1871049872911732,5.23214797129164
pair002,SB,conf002,311.0,Re,-0.09963528666040466,0.17957314265069768,5.241472064419231
pair002,SB,conf002,311.5,Re,-0.11010278098143766,0.17210136157497002,5.2507104764970585
pair002,SB,conf002,312.0,Re,-0.12056553691369643,0.16469093849144345,5.259862827952194
pair002,SB,conf002,312.5,Re,-0.13102264405338215,0.15734317550918497,5.268928743754834
pair002,SB,conf002,312.99999999999994,Re,-0.1414731713740307,0.15005938209286418,5.277907853399197
pair002,SB,conf002,313.5,Re,-0.15191616655783835,0.14284087471643292,5.286799790884729
pair002,SB,conf002,313.99999999999994,Re,-0.16235065530416026,0.13568897649603007,5.295604194697621
pair002,SB,conf002,314.5,Re,-0.17277564061460082,0.12860501680160596,5.304320707792645
pair002,SB,conf002,315.0,Re,-0.1831901020540443,0.1215903308468389,5.312948977575269
pair002,SB,conf002,315.5,Re,-0.19359299498706073,0.11464625925689154,5.321488655884096
pair002,SB,conf002,316.0,Re,-0.2039832497890679,0.10777414761361692,5.329939398973577
pair002,SB,conf002,316.5,Re,-0.21435977103170645,0.1009753459778222,5.338300867497038
pair002,SB,conf002,317.0,Re,-0.22472143664184752,0.09425120838826784,5.3465727264899865
pair002,SB,conf002,317.5,Re,-0.23506709703374762,0.0876030923370763,5.354754645353692
pair002,SB,conf002,318.0,Re,-0.24539557421384495,0.08103235822128729,5.362846297839081
pair002,SB,conf002,318.5,Re,-0.2557056608577466,0.07454036877034653,5.370847362030885
pair002,SB,conf002,319.0,Re,-0.26599611935904743,0.06812848844932429,5.378757520332067
pair002,SB,conf002,319.5,Re,-0.2762656808495956,0.061798082837762225,5.386576459448548
pair002,SB,conf002,320.0,Re,-0.2865130441909829,0.055550517984043646,5.394303870374172
pair002,SB,conf002,320.5,Re,-0.2967368749370338,0.04938715973529351,5.4019394483759555
pair002,SB,conf002,321.0,Re,-0.3069358042672137,0.04330937304282845,5.409482892979602
pair002,SB,conf002,321.5,Re,-0.3171084278909546,0.037318521243268066,5.416933907955276
pair002,SB,conf002,321.99999999999994,Re,-0.3272533049229991,0.031415965315486405,5.424292201303636
pair002,SB,conf002,322.5,Re,-0.3373689567300453,0.025603063113628144,5.431557485242124
pair002,SB,conf002,323.0,Re,-0.34745386574905734,0.019881168576527664,5.438729476191499
pair002,SB,conf002,323.50000000000006,Re,-0.35750647427783466,0.011112162101549306,5.445807894762648
pair002,SB,conf002,324.0,Re,-0.3675251832385855,-0.0049922467874046195,5.452792465743608
pair002,SB,conf002,324.5,Re,-0.3775083509154671,-0.021088998034230366,5.4596829180868625
pair002,SB,conf002,325.0,Re,-0.38745429166729206,-0.03717662562883328,5.466478984896863
pair002,SB,conf002,325.5,Re,-0.3973612746168689,-0.05325361909394144,5.473180403417805
pair002,SB,conf002,326.0,Re,-0.40722752231870407,-0.06931842147893552,5.47978691502162
pair002,SB,conf002,326.50000000000006,Re,-0.4170512094071537,-0.08536942725199603,5.4862982651962255
pair002,SB,conf002,327.0,Re,-0.4268304612274072,-0.10140498008529453,5.492714203533978
pair002,SB,conf002,327.5,Re,-0.43656335245213795,-0.11742337052783935,5.499034483720395
pair002,SB,conf002,327.99999999999994,Re,-0.4462479056870077,-0.13342283356022033,5.505258863523062
pair002,SB,conf002,328.5,Re,-0.4558820900687215,-0.1494015460253899,5.511387104780793
pair002,SB,conf002,329.0,Re,-0.46546381985980734,-0.16535762392930664,5.51741897339299
pair002,SB,conf002,329.49999999999994,Re,-0.47499095304486594,-0.1812891196051334,5.523354239309253
pair002,SB,conf002,330.0,Re,-0.4844612899335854,-0.1971940187343546,5.52919267651917
pair002,SB,conf002,330.5,Re,-0.4938725717764916,-0.21307023721810014,5.534934063042352
pair002,SB,conf002,331.0,Re,-0.5032224794000921,-0.2289258054229999,5.54057818091866
pair002,SB,conf002,331.5,Re,-0.5125086318687859,-0.24482772646648177,5.546124816198658
pair002,SB,conf002,332.0,Re,-0.5217285851817317,-0.26078622779424565,5.551573758934264
pair002,SB,conf002,332.50000000000006,Re,-0.5308798310136873,-0.2767983448230027,5.5569248031696095
pair002,SB,conf002,333.0,Re,-0.5399597955097577,-0.29286102199606656,5.562177746932106
pair002,SB,conf002,333.49999999999994,Re,-0.548965838144913,-0.30897110790395277,5.567332392223701
pair002,SB,conf002,334.00000000000006,Re,-0.5578952506601463,-0.3251253500686917,5.572388545012364
pair002,SB,conf002,334.5,Re,-0.5667452560881822,-0.34132038936761533,5.57734601522373
pair002,SB,conf002,335.0,Re,-0.5755130078827626,-0.3575527540707495,5.582204616732968
pair002,SB,conf002,335.49999999999994,Re,-0.5841955891666093,-0.3738188534640696,5.586964167356831
pair002,SB,conf002,336.0,Re,-0.5927900121143751,-0.3901149710291385,5.5916244888459055
pair002,SB,conf002,336.5,Re,-0.6012932174880375,-0.40643725714764645,5.596185406877044
pair002,SB,conf002,336.99999999999994,Re,-0.609702074343417,-0.42278172129748026,5.600646751045993
pair002,SB,conf002,337.5,Re,-0.6180133799276399,-0.43914422370481154,5.605008354860201
pair002,SB,conf002,338.0,Re,-0.6262238597885778,-0.45552046641475763,5.609270055731816
pair002,SB,conf002,338.5,Re,-0.6343301681184362,-0.471905983741121,5.613431694970862
pair002,SB,conf002,339.0,Re,-0.6423288883546929,-0.48829613205363276,5.617493117778606
pair002,SB,conf002,339.5,Re,-0.6502165340626468,-0.5046860788593863,5.6214541732411
pair002,SB,conf002,340.0,Re,-0.6579895501246744,-0.5210707911332593,5.625314714322895
pair002,SB,conf002,340.5,Re,-0.6656443142620766,-0.537445022850743,5.629074597860946
pair002,SB,conf002,340.99999999999994,Re,-0.6731771389159538,-0.5538033016753532,5.632733684558675
pair002,SB,conf002,341.50000000000006,Re,-0.680584273513909,-0.5701399147520856,5.636291838980235
pair002,SB,conf002,342.0,Re,-0.6878619071495056,-0.5864488935582617,5.639748929544913
pair002,SB,conf002,342.49999999999994,Re,-0.6950061717012337,-0.6027239977637757,5.643104828521738
pair002,SB,conf002,343.00000000000006,Re,-0.7020131454171863,-0.6294161147334598,5.646359412024227
pair002,SB,conf002,343.5,Re,-0.7088788569907832,-0.6578056854668795,5.649512560005331
pair002,SB,conf002,344.0,Re,-0.7155992901515476,-0.6862560932713138,5.6525641562525255
pair002,SB,conf002,344.49999999999994,Re,-0.7221703887930959,-0.7147642401248685,5.655514088383075
pair002,SB,conf002,345.0,Re,-0.7433268896985286,-0.7433268896985286,5.658362247839477
pair002,SB,conf002,345.5,Re,-0.7719406467429484,-0.7719406467429484,5.661108529885036
pair002,SB,conf002,346.0,Re,-0.8006019324593643,-0.8006019324593643,5.66375283359964
pair002,SB,conf002,346.5,Re,-0.8293069549238486,-0.8293069549238486,5.666295061875669
pair002,SB,conf002,347.0,Re,-0.8580516733810702,-0.8580516733810702,5.668735121414086
pair002,SB,conf002,347.5,Re,-0.8868317548903688,-0.8868317548903688,5.671072922720674
pair002,SB,conf002,348.0,Re,-0.9156425213655702,-0.9156425213655702,5.673308380102437
pair002,SB,conf002,348.50000000000006,Re,-0.9444788844594146,-0.9444788844594146,5.675441411664158
pair002,SB,conf002,349.0,Re,-0.973335264946773,-0.973335264946773,5.677471939305118
pair002,SB,conf002,349.5,Re,-1.00220549217557,-1.00220549217557,5.679399888715972
pair002,SB,conf002,349.99999999999994,Re,-1.0310826776601951,-1.0310826776601951,5.681225189375775
pair002,SB,conf002,350.50000000000006,Re,-1.0599590548139366,-1.0599590548139366,5.682947774549165
pair002,SB,conf002,351.0,Re,-1.0888257738917537,-1.0888257738917537,5.684567581283707
pair002,SB,conf002,351.49999999999994,Re,-1.1176726370481784,-1.1176726370481784,5.686084550407385
pair002,SB,conf002,352.0,Re,-1.1464877524030137,-1.1464877524030137,5.687498626526242
pair002,SB,conf002,352.5,Re,-1.1752570772151119,-1.1752570772151119,5.688809758022188
pair002,SB,conf002,353.0,Re,-1.2039638072206862,-1.2039638072206862,5.6900178970509465
pair002,SB,conf002,353.5,Re,-1.2325875495519263,-1.2325875495519263,5.691122999540154
pair002,SB,conf002,354.0,Re,-1.2611031866178022,-1.2611031866178022,5.69212502518762
pair002,SB,conf002,354.5,Re,-1.289479291674714,-1.289479291674714,5.693023937459726
pair002,SB,conf002,355.0,Re,-1.3176758832045878,-1.3176758832045878,5.693819703589982
pair002,SB,conf002,355.5,Re,-1.345641187366867,-1.345641187366867,5.6945122945777324
pair002,SB,conf002,356.00000000000006,Re,-1.3733068867890066,-1.3733068867890066,5.695101685187005
pair002,SB,conf002,356.5,Re,-1.400581022209097,-1.400581022209097,5.6955878539455185
pair002,SB,conf002,357.0,Re,-1.427337206471237,-1.427337206471237,5.695970783143835
pair002,SB,conf002,357.50000000000006,Re,-1.453398007220009,-1.453398007220009,5.6962504588346565
pair002,SB,conf002,358.0,Re,-1.4785091812738538,-1.4785091812738538,5.696426870832283
pair002,SB,conf002,358.5,Re,-1.502300118897743,-1.502300118897743,5.696500012712203
pair002,SB,conf002,358.99999999999994,Re,-1.5242258723138538,-1.5242258723138538,5.696469881810836
pair002,SB,conf002,359.50000000000006,Re,-1.5434931258460507,-1.5434931258460507,5.696336479225446
pair003,Bz,conf002,0.0,Re,-1.4372162293739985,-1.4372162293739985,
pair003,Bz,conf002,0.5,Re,-1.4123642959987042,-1.4123642959987042,
pair003,Bz,conf002,1.0,Re,-1.386596856076308,-1.386596856076308,
pair003,Bz,conf002,1.5,Si,-1.3601286271549455,-1.3601286271549455,
pair003,Bz,conf002,2.0,Si,-1.4072267886366396,-1.4072267886366396,
pair003,Bz,conf002,2.5,Si,-1.457392101706311,-1.457392101706311,
pair003,Bz,conf002,3.0,Si,-1.5075712017775826,-1.5075712017775826,
pair003,Bz,conf002,3.5,Si,-1.5577568016390004,-1.5577568016390004,
pair003,Bz,conf002,4.0,Si,-1.6079335219229793,-1.6079335219229793,
pair003,Bz,conf002,4.5,Si,-1.658029519100542,-1.658029519100542,
pair003,Bz,conf002,5.0,Si,-1.6904660258303943,-1.6904660258303943,
pair003,Bz,conf002,5.5,Si,-1.6411371176771998,-1.6411371176771998,
pair003,Bz,conf002,6.0,Si,-1.5909936422899817,-1.5909936422899817,
pair003,Bz,conf002,6.5,Si,-1.540810999355836,-1.540810999355836,
pair003,Bz,conf002,7.0,Si,-1.4906265125665135,-1.4906265125665135,
pair003,Bz,conf002,7.499999999999999,Si,-1.4404514103541883,-1.4404514103541883,
pair003,Bz,conf002,8.0,Si,-1.3902919613826983,-1.3902919613826983,
pair003,Bz,conf002,8.5,Si,-1.3401529313035991,-1.3401529313035991,
pair003,Bz,conf002,9.0,Si,-1.2900385012715994,-1.2900385012715994,
pair003,Bz,conf002,9.499999999999998,Si,-1.239952585361088,-1.239952585361088,
pair003,Bz,conf002,10.0,Si,-1.1898989605613828,-1.1898989605613828,
pair003,Bz,conf002,10.5,Si,-1.1398813267931411,-1.1398813267931411,
pair003,Bz,conf002,11.0,Si,-1.089903337194467,-1.089903337194467,
pair003,Bz,conf002,11.499999999999998,Si,-1.0399686144782199,-1.0399686144782199,
pair003,Bz,conf002,12.0,Si,-0.9900807602413284,-0.9900807602413284,
pair003,Bz,conf002,12.5,Si,-0.9402433604783902,-0.9402433604783902,
pair003,Bz,conf002,13.0,Si,-0.8904599889428317,-0.8904599889428317,
pair003,Bz,conf002,13.5,Si,-0.8407342092332649,-0.8407342092332649,
pair003,Bz,conf002,14.0,Si,-0.7910695760962824,-0.7910695760962824,
pair003,Bz,conf002,14.500000000000002,Si,-0.7903251753074705,-0.7903251753074705,
pair003,Bz,conf002,14.999999999999998,Si,-0.7967122965883155,-0.7967122965883155,
pair003,Bz,conf002,15.5,Si,-0.7969756363211817,-0.7969756363211817,
pair003,Bz,conf002,16.0,Si,-0.7911032875795485,-0.7911032875795485,
pair003,Bz,conf002,16.5,Si,-0.7793537793867481,-0.7793537793867481,
pair003,Bz,conf002,17.0,Si,-0.7622032648910915,-0.7622032648910915,
pair003,Bz,conf002,17.5,Si,-0.7402604264825559,-0.7402604264825559,
pair003,Bz,conf002,18.0,Si,-0.7141800481759659,-0.7141800481759659,
pair003,Bz,conf002,18.5,Si,-0.6931748055208545,-0.6845967649962249,
pair003,Bz,conf002,18.999999999999996,Si,-0.6855637840264789,-0.6520854896607492,
pair003,Bz,conf002,19.5,Si,-0.6778263857359148,-0.6171445555372723,
pair003,Bz,conf002,20.0,Si,-0.6699665253967559,-0.5801939526483858,
pair003,Bz,conf002,20.499999999999996,Si,-0.6619880452949964,-0.5415817040525797,
pair003,Bz,conf002,21.0,Si,-0.6538947132182616,-0.5015935742204366,
pair003,Bz,conf002,21.5,Si,-0.645690220831641,-0.4604633301597688,
pair003,Bz,conf002,22.0,Si,-0.637378182434393,-0.4183821962979244,
pair003,Bz,conf002,22.5,Si,-0.6289621340665563,-0.3755069861275909,
pair003,Bz,conf002,22.999999999999996,Si,-0.6204455329354926,-0.33196683270754446,
pair003,Bz,conf002,23.5,Si,-0.6118317571335359,-0.28786863864780377,
pair003,Bz,conf002,24.0,Si,-0.603124105619204,-0.2626502358451994,
pair003,Bz,conf002,24.5,Si,-0.5943257984358004,-0.24719562145629514,
pair003,Bz,conf002,25.0,Si,-0.585439977142668,-0.24315960865506847,
pair003,Bz,conf002,25.499999999999996,Si,-0.5764697054358188,-0.2403698324338175,
pair003,Bz,conf002,26.0,Si,-0.5674179699361569,-0.23741943626251638,
pair003,Bz,conf002,26.5,Si,-0.5582876811249781,-0.23431010055194745,
pair003,Bz,conf002,27.0,Si,-0.5490816744078852,-0.23104358298376582,
pair003,Bz,conf002,27.5,Si,-0.5398027112896808,-0.22762171559560307,
pair003,Bz,conf002,28.0,Si,-0.5304534806441654,-0.22404640179587898,
pair003,Bz,conf002,28.5,Si,-0.5210366000640969,-0.22031961331922978,
pair003,Bz,conf002,29.000000000000004,Si,-0.511554617277824,-0.21644338713338462,
pair003,Bz,conf002,29.499999999999996,Si,-0.5020100116203072,-0.2124198223081193,
pair003,Bz,conf002,29.999999999999996,Si,-0.49240519554737205,-0.20825107685669542,
pair003,Bz,conf002,30.5,Si,-0.4827425161831089,-0.20393936455991812,
pair003,Bz,conf002,31.0,Si,-0.473024256891329,-0.19948695178260034,
pair003,Bz,conf002,31.5,Si,-0.4632526388629139,-0.19489615429184282,
pair003,Bz,conf002,32.0,Si,-0.4534298227117761,-0.19016933408615166,
pair003,Bz,conf002,32.5,Si,-0.4435579100729323,-0.18530889624393332,
pair003,Bz,conf002,33.0,Si,-0.4336389451969469,-0.18031728579946282,
pair003,Bz,conf002,33.49999999999999,Si,-0.423674916535673,-0.17519698465391098,
pair003,Bz,conf002,34.0,Si,-0.41366775831485536,-0.16995050852851334,
pair003,Bz,conf002,34.5,Si,-0.40361935208972466,-0.16458040396643292,
pair003,Bz,conf002,35.0,Si,-0.3935315282802321,-0.1590892453893391,
pair003,Bz,conf002,35.5,Si,-0.3834060676830584,-0.15347963221419536,
pair003,Bz,conf002,36.0,Si,-0.3732447029579562,-0.14775418603521207,
pair003,Bz,conf002,36.5,Si,-0.3630491200863697,-0.1419155478753924,
pair003,Bz,conf002,37.0,Si,-0.3528209598006373,-0.1359663755115803,
pair003,Bz,conf002,37.5,Si,-0.34256181898239624,-0.12990934087641337,
pair003,Bz,conf002,37.99999999999999,Si,-0.3322732520290843,-0.12374712754008876,
pair003,Bz,conf002,38.5,Si,-0.3219567721876968,-0.11748242827437338,
pair003,Bz,conf002,39.0,Si,-0.31161385285518617,-0.11111794270083197,
pair003,Bz,conf002,39.5,Si,-0.3012459288450704,-0.10465637502480485,
pair003,Bz,conf002,40.0,Si,-0.29085439762003196,-0.09810043185627015,
pair003,Bz,conf002,40.5,Si,-0.2804406204904024,-0.09145282011829714,
pair003,Bz,conf002,40.99999999999999,Si,-0.2700059237786019,-0.08471546492041004,
pair003,Bz,conf002,41.5,Si,-0.25955159994970334,-0.07787777511124117,
pair003,Bz,conf002,42.0,Si,-0.2490789087084,-0.07093700850460416,
pair003,Bz,conf002,42.5,Si,-0.238589078062744,-0.06389500210221022,
pair003,Bz,conf002,43.0,Si,-0.22808330535510857,-0.05675359026552207,
pair003,Bz,conf002,43.5,Si,-0.21756275826088145,-0.04951460361667159,
pair003,Bz,conf002,44.0,Si,-0.2070285757554542,-0.04217986799045592,
pair003,Bz,conf002,44.50000000000001,Si,-0.19648186905013665,-0.0347512034370141,
pair003,Bz,conf002,45.0,Si,-0.18592372249762978,-0.027230423274663185,
pair003,Bz,conf002,45.5,Si,-0.1753551944677516,-0.019619333192250066,
pair003,Bz,conf002,45.99999999999999,Si,-0.16477731819411634,-0.011919730400265394,
pair003,Bz,conf002,46.49999999999999,Si,-0.15419110259250135,-0.004133402829872734,
pair003,Bz,conf002,47.0,Si,-0.14359753305162015,0.00373787162108985,
pair003,Bz,conf002,47.5,Si,-0.1329975721970691,0.011692325796153868,
pair003,Bz,conf002,48.0,Si,-0.12239216062918046,0.019728203943392586,
pair003,Bz,conf002,48.5,Si,-0.11178221763553964,0.027843762334870625,
pair003,Bz,conf002,49.0,Si,-0.10116864187891395,0.0360372698435647,
pair003,Bz,conf002,49.50000000000001,Si,-0.09055231206133785,0.04430700847899338,
pair003,Bz,conf002,50.0,Si,-0.07993408756508402,0.05265127388283286,
pair003,Bz,conf002,50.5,Si,-0.06931480907125454,0.06106837578581459,
pair003,Bz,conf002,50.99999999999999,Si,-0.05869529915670313,0.06955663842723037,
pair003,Bz,conf002,51.49999999999999,Si,-0.04807636286999584,0.07811440093837252,
pair003,Bz,conf002,52.0,Si,-0.03745878828709648,0.08674001769126449,
pair003,Bz,conf002,52.50000000000001,Si,-0.026843347047454946,0.09543185861400927,
pair003,Bz,conf002,53.0,Si,-0.01623079487116086,0.10418830947411939,
pair003,Bz,conf002,53.5,Si,-0.0056218720578009584,0.11300777213115087,
pair003,Bz,conf002,54.0,Si,0.00498269603234025,0.1218886647599684,
pair003,Bz,conf002,54.49999999999999,Si,0.015582198514135337,0.13082942204595716,
pair003,Bz,conf002,55.0,Si,0.02617593852992406,0.13982849535347386,
pair003,Bz,conf002,55.5,Si,0.036763232817694114,0.14888435286879798,
pair003,Bz,conf002,56.0,Si,0.04734341129458608,0.15799547971884742,
pair003,Bz,conf002,56.5,Si,0.057915816655159436,0.16716037806686468,
pair003,Bz,conf002,57.0,Si,0.06847980398390718,0.17637756718627573,
pair003,Bz,conf002,57.5,Si,0.07903474038149838,0.18564558351388794,
pair003,Bz,conf002,58.00000000000001,Si,0.08958000460425475,0.19496298068354623,
pair003,Bz,conf002,58.5,Si,0.10011498671638774,0.20432832954136648,
pair003,Bz,conf002,58.99999999999999,Si,0.11063908775453024,0.21374021814360056,
pair003,Bz,conf002,59.5,Si,0.12115171940410963,0.22319725173816773,
pair003,Bz,conf002,59.99999999999999,Si,0.13165230368714287,0.2326980527308602,
pair003,Bz,conf002,60.5,Si,0.1421402726610237,0.24224126063717444,
pair003,Bz,conf002,61.0,Si,0.15261506812790904,0.25182553202070657,
pair003,Bz,conf002,61.50000000000001,Si,0.16307614135431447,0.26144954041900803,
pair003,Bz,conf002,62.0,Si,0.17352295280053354,0.2711119762577465,
pair003,Bz,conf002,62.49999999999999,Si,0.18395497185954168,0.2808115467540211,
pair003,Bz,conf002,63.0,Si,0.19437167660501342,0.2905469758095953,
pair003,Bz,conf002,63.50000000000001,Si,0.2047725535481344,0.3003170038948293,
pair003,Bz,conf002,64.0,Si,0.2151570974028758,0.3101203879240202,
pair003,Bz,conf002,64.5,Si,0.22552481085942588,0.3199559011228461,
pair003,Bz,conf002,65.0,Si,0.23587520436547682,0.329822332888577,
pair003,Bz,conf002,65.50000000000001,Si,0.24620779591507191,0.3397184886436715,
pair003,Bz,conf002,66.0,Si,0.2565221108447502,0.34964318968336827,
pair003,Bz,conf002,66.5,Si,0.2668176816367074,0.359595273017834,
pair003,Bz,conf002,66.99999999999999,Si,0.27709404772872004,0.3695735912094056,
pair003,Bz,conf002,67.5,Si,0.2873507553305916,0.37957701220544204,
pair003,Bz,conf002,68.0,Si,0.2975873572468677,0.38960441916727073,
pair003,Bz,conf002,68.5,Si,0.3078034127056106,0.3996547102956838,
pair003,Bz,conf002,69.0,Si,0.31799848719299373,0.40972679865341655,
pair003,Bz,conf002,69.5,Si,0.3281721522935148,0.4198196119850206,
pair003,Bz,conf002,70.0,Si,0.3383239855356224,0.4299320925345167,
pair003,Bz,conf002,70.49999999999999,Si,0.3484535702425555,0.4400631968611839,
pair003,Bz,conf002,71.0,Si,0.3585604953882098,0.4502118956538348,
pair003,Bz,conf002,71.5,Si,0.36864435545784957,0.4603771735438913,
pair003,Bz,conf002,72.0,Si,0.37870475031348594,0.4705580289175637,
pair003,Bz,conf002,72.5,Si,0.3887412850637628,0.4807534737274122,
pair003,Bz,conf002,73.0,Si,0.3987535699381737,0.4909625333035599,
pair003,Bz,conf002,73.50000000000001,Si,0.4087412201654692,0.501184246164794,
pair003,Bz,conf002,74.0,Si,0.4187038558560956,0.5114176638297916,
pair003,Bz,conf002,74.5,Si,0.4286411018885248,0.5216618506286863,
pair003,Bz,conf002,75.0,Si,0.4385525877993328,0.5319158835151614,
pair003,Bz,conf002,75.5,Si,0.4484379476768978,0.5421788518792618,
pair003,Bz,conf002,75.99999999999999,Si,0.4582968200585913,0.5524498573611056,
pair003,Bz,conf002,76.5,Si,0.4681288478313286,0.5627280136656256,
pair003,Bz,conf002,77.0,Si,0.4779336781353709,0.573012446378516,
pair003,Bz,conf002,77.5,Si,0.4877109622712601,0.5833022927834974,
pair003,Bz,conf002,78.0,Si,0.4974603556097781,0.5935967016810306,
pair003,Bz,conf002,78.49999999999999,Si,0.5071815175048184,0.6038948332085889,
pair003,Bz,conf002,79.0,Si,0.5168741112090796,0.6141958586625973,
pair003,Bz,conf002,79.5,Si,0.5265378037924704,0.6244989603221189,
pair003,Bz,conf002,80.0,Si,0.5361722660631407,0.6348033312743862,
pair003,Bz,conf002,80.49999999999999,Si,0.5457771724910458,0.6451081752422463,
pair003,Bz,conf002,81.0,Si,0.555352201133952,0.6554127064135871,
pair003,Bz,conf002,81.5,Si,0.5648970335658048,0.6657161492728079,
pair003,Bz,conf002,81.99999999999999,Si,0.5744113548073739,0.6760177384343884,
pair003,Bz,conf002,82.5,Si,0.5838948532591066,0.6863167184786032,
pair003,Bz,conf002,83.0,Si,0.5933472206360981,0.6966123437894172,
pair003,Bz,conf002,83.50000000000001,Si,0.6027681519051187,0.7069038783946084,
pair003,Bz,conf002,84.0,Si,0.6121573452236302,0.7171905958081413,
pair003,Bz,conf002,84.5,Si,0.6215145018807127,0.727471778874812,
pair003,Bz,conf002,85.0,Si,0.6308393262398433,0.7377467196171945,
pair003,Bz,conf002,85.5,Si,0.6401315256834719,0.7480147190849025,
pair003,Bz,conf002,86.0,Si,0.6493908105593171,0.7582750872061708,
pair003,Bz,conf002,86.5,Si,0.6586168941283417,0.7685271426417721,
pair003,Bz,conf002,87.0,Si,0.667809492514339,0.7787702126412743,
pair003,Bz,conf002,87.49999999999999,Si,0.6769683246550848,0.7890036329016341,
pair003,Bz,conf002,88.0,Si,0.686093112254998,0.7992267474281312,
pair003,Bz,conf002,88.5,Si,0.6942389287311739,0.8094389083976308,
pair003,Bz,conf002,89.00000000000001,Si,0.6853246676653504,0.8196394760241812,
pair003,Bz,conf002,89.5,Si,0.6763712706191287,0.8298278184269157,
pair003,Bz,conf002,90.0,Si,0.6673789792722802,0.840003311500275,
pair003,Bz,conf002,90.5,Si,0.658348037443037,0.8501653387865085,
pair003,Bz,conf002,91.0,Si,0.6492786911166066,0.8603132913504548,
pair003,Bz,conf002,91.5,Si,0.6401711884745984,0.8704465676565845,
pair003,Bz,conf002,91.99999999999999,Si,0.6310257799253931,0.8805645734482794,
pair003,Bz,conf002,92.5,Si,0.6218427181354975,0.8906667216293325,
pair003,Bz,conf002,92.99999999999999,Si,0.6126222580618992,0.9007524321476439,
pair003,Bz,conf002,93.50000000000001,Si,0.6033646569854729,0.9108211318810981,
pair003,Bz,conf002,94.0,Si,0.5940701745454662,0.9208722545255805,
pair003,Bz,conf002,94.5,Si,0.5847390727751025,0.9063443411522247,
pair003,Bz,conf002,95.0,Si,0.5753716161383371,0.8913468402740168,
pair003,Bz,conf002,95.5,Si,0.5659680715678197,0.8763086734433772,
pair003,Bz,conf002,96.0,Si,0.5565287085040855,0.861230279673274,
pair003,Bz,conf002,96.5,Si,0.5470537989360318,0.846112102773245,
pair003,Bz,conf002,97.0,Si,0.5375436174427246,0.8309545914736758,
pair003,Bz,conf002,97.49999999999999,Si,0.5279984412365704,0.8157581995552106,
pair003,Bz,conf002,98.0,Si,0.5184185502079168,0.8005233859835441,
pair003,Bz,conf002,98.49999999999999,Si,0.5088042269711257,0.7852506150498406,
pair003,Bz,conf002,99.00000000000001,Si,0.49915575691216074,0.7699403565170304,
pair003,Bz,conf002,99.5,Si,0.4894734282377693,0.7545930857722809,
pair003,Bz,conf002,100.0,Si,0.479757532026283,0.7392092839859055,
pair003,Bz,conf002,100.50000000000001,Si,0.47000836228012743,0.7237894382770322,
pair003,Bz,conf002,101.0,Si,0.46022621598007407,0.7083340418863473,
pair003,Bz,conf002,101.5,Si,0.45041139314131784,0.6928435943562457,
pair003,Bz,conf002,101.99999999999999,Si,0.4405641968714391,0.6773186017187547,
pair003,Bz,conf002,102.5,Si,0.43068493343031267,0.6617595766915942,
pair003,Bz,conf002,102.99999999999999,Si,0.4207739122920502,0.6461670388827783,
pair003,Bz,conf002,103.49999999999999,Si,0.410831446209033,0.6305415150041591,
pair003,Bz,conf002,104.0,Si,0.4008578512781209,0.6148835390943732,
pair003,Bz,conf002,104.5,Si,0.39085344700912716,0.599193652751633,
pair003,Bz,conf002,105.00000000000001,Si,0.3808185563956161,0.5834724053768598,
pair003,Bz,conf002,105.5,Si,0.3707535059881468,0.5677203544276812,
pair003,Bz,conf002,106.0,Si,0.36065862597001375,0.551938065683814,
pair003,Bz,conf002,106.5,Si,0.35053425023561524,0.5361261135244362,
pair003,Bz,conf002,107.0,Si,0.3403807164715229,0.5202850812181337,
pair003,Bz,conf002,107.49999999999999,Si,0.3301983662403638,0.5044155612260639,
pair003,Bz,conf002,108.0,Si,0.31998754506761995,0.48851815551902233,
pair003,Bz,conf002,108.5,Si,0.3097486025314582,0.47259347590912326,
pair003,Bz,conf002,108.99999999999999,Si,0.29948189235570344,0.4566421443968449,
pair003,Bz,conf002,109.50000000000001,Si,0.28918777250607186,0.4406647935342496,
pair003,Bz,conf002,110.0,Si,0.2788666052898017,0.4246620668052181,
pair003,Bz,conf002,110.50000000000001,Si,0.2685187574587906,0.4086346190235879,
pair003,Bz,conf002,111.0,Si,0.2581446003164025,0.3925831167501601,
pair003,Bz,conf002,111.5,Si,0.24774450982805907,0.37650823872955885,
pair003,Bz,conf002,112.0,Si,0.23731886673578173,0.36041067634801505,
pair003,Bz,conf002,112.5,Si,0.22686805667683063,0.3442911341131991,
pair003,Bz,conf002,113.0,Si,0.21639247030659825,0.3281503301572848,
pair003,Bz,conf002,113.49999999999999,Si,0.20589250342593268,0.3119889967645195,
pair003,Bz,conf002,114.0,Si,0.1953685571130559,0.2958078809246272,
pair003,Bz,conf002,114.49999999999999,Si,0.18482103786026283,0.2796077449134651,
pair003,Bz,conf002,115.0,Si,0.17425035771559338,0.26338936690244075,
pair003,Bz,conf002,115.50000000000001,Si,0.16365693442966522,0.2471535415982764,
pair003,Bz,conf002,116.00000000000001,Si,0.15304119160788598,0.23090108091481865,
pair003,Bz,conf002,116.5,Si,0.14240355886824374,0.21463281467867512,
pair003,Bz,conf002,117.0,Si,0.13174447200491657,0.19834959137059927,
pair003,Bz,conf002,117.5,Si,0.12106437315792151,0.18205227890462705,
pair003,Bz,conf002,117.99999999999999,Si,0.11036371098904718,0.16574176544710717,
pair003,Bz,conf002,118.50000000000001,Si,0.09964294086433534,0.14941896027791834,
pair003,Bz,conf002,119.0,Si,0.08890252504336194,0.1330847946962712,
pair003,Bz,conf002,119.5,Si,0.07814293287559648,0.11674022297365894,
pair003,Bz,conf002,119.99999999999999,Si,0.06736464100413997,0.10038622335670389,
pair003,Bz,conf002,120.50000000000001,Si,0.05656813357712154,0.0840237991227557,
pair003,Bz,conf002,121.0,Si,0.04575390246708566,0.06765397969135067,
pair003,Bz,conf002,121.5,Si,0.034922447498685116,0.05127782179476692,
pair003,Bz,conf002,122.0,Si,0.024074276685018603,0.034896410711150905,
pair003,Bz,conf002,122.49999999999999,Si,0.0132099064729847,0.01851086156390802,
pair003,Bz,conf002,123.00000000000001,Si,0.002122320691240853,0.002122320691240853,
pair003,Bz,conf002,123.5,Si,-0.014268032909981132,-0.014268032909981132,
pair003,Bz,conf002,124.0,Si,-0.030658986061645743,-0.030658986061645743,
pair003,Bz,conf002,124.49999999999999,Si,-0.04704928979840184,-0.04704928979840184,
pair003,Bz,conf002,124.99999999999999,Si,-0.06343765767329379,-0.06343765767329379,
pair003,Bz,conf002,125.5,Si,-0.07982276396974552,-0.07982276396974552,
pair003,Bz,conf002,126.0,Si,-0.09620324181428863,-0.09620324181428863,
pair003,Bz,conf002,126.5,Si,-0.11257768118412081,-0.11257768118412081,
pair003,Bz,conf002,127.00000000000001,Si,-0.12894462680316798,-0.12894462680316798,
pair003,Bz,conf002,127.50000000000001,Si,-0.14530257592000195,-0.14530257592000195,
pair003,Bz,conf002,128.0,Si,-0.16164997596054032,-0.16164997596054032,
pair003,Bz,conf002,128.5,Si,-0.177985222048042,-0.177985222048042,
pair003,Bz,conf002,129.0,Si,-0.19430665438248806,-0.19430665438248806,
pair003,Bz,conf002,129.49999999999997,Si,-0.21061255547098678,-0.21061255547098678,
pair003,Bz,conf002,130.0,Si,-0.22691241499346493,-0.22691241499346493,
pair003,Bz,conf002,130.5,Si,-0.24327785837421012,-0.24327785837421012,
pair003,Bz,conf002,131.00000000000003,Si,-0.2597199905430372,-0.2597199905430372,
pair003,Bz,conf002,131.5,Si,-0.2762365251370129,-0.2762365251370129,
pair003,Bz,conf002,132.0,Si,-0.29282511414456835,-0.29282511414456835,
pair003,Bz,conf002,132.5,Si,-0.30948334452785264,-0.30948334452785264,
pair003,Bz,conf002,133.0,Si,-0.32620873458026245,-0.32620873458026245,
pair003,Bz,conf002,133.5,Si,-0.34299872999617986,-0.34299872999617986,
pair003,Bz,conf002,133.99999999999997,Si,-0.35985069962779215,-0.35985069962779215,
pair003,Bz,conf002,134.5,Si,-0.37676193090145427,-0.37676193090145427,
pair003,Bz,conf002,135.0,Si,-0.3937296248634188,-0.3937296248634188,
pair003,Bz,conf002,135.5,Si,-0.4107508908218527,-0.4107508908218527,
pair003,Bz,conf002,136.0,Si,-0.42782274054884795,-0.42782274054884795,
pair003,Bz,conf002,136.5,Si,-0.4449420820026273,-0.4449420820026273,
pair003,Bz,conf002,137.0,Si,-0.4621057125262653,-0.4621057125262653,
pair003,Bz,conf002,137.5,Si,-0.4793103114749928,-0.4793103114749928,
pair003,Bz,conf002,138.0,Si,-0.4965524322194734,-0.4965524322194734,
pair003,Bz,conf002,138.5,Si,-0.5138284934673358,-0.5138284934673358,
pair003,Bz,conf002,139.0,Si,-0.5311347698395894,-0.5311347698395894,
pair003,Bz,conf002,139.5,Si,-0.5484673816324419,-0.5484673816324419,
pair003,Bz,conf002,140.0,Si,-0.5658222836883162,-0.5658222836883162,
pair003,Bz,conf002,140.5,Si,-0.5831952532925413,-0.5831952532925413,
pair003,Bz,conf002,140.99999999999997,Si,-0.6005818770042657,-0.6005818770042657,
pair003,Bz,conf002,141.5,Si,-0.6179775363215618,-0.6179775363215618,
pair003,Bz,conf002,142.0,Si,-0.6353773920714045,-0.6353773920714045,
pair003,Bz,conf002,142.50000000000003,Si,-0.6527763674053209,-0.6527763674053209,
pair003,Bz,conf002,143.0,Si,-0.6701691292709138,-0.6701691292709138,
pair003,Bz,conf002,143.5,Si,-0.6875500682183651,-0.6875500682183651,
pair003,Bz,conf002,144.0,Si,-0.7049132763893415,-0.7049132763893415,
pair003,Bz,conf002,144.5,Si,-0.7222525235237897,-0.7222525235237897,
pair003,Bz,conf002,145.0,Si,-0.7395612308079743,-0.7395612308079743,
pair003,Bz,conf002,145.49999999999997,Si,-0.756832442375261,-0.756832442375261,
pair003,Bz,conf002,146.0,Si,-0.7740587942597906,-0.7740587942597906,
pair003,Bz,conf002,146.5,Si,-0.7912324805932104,-0.7912324805932104,
pair003,Bz,conf002,147.00000000000003,Si,-0.8083452168265347,-0.8083452168265347,
pair003,Bz,conf002,147.5,Si,-0.8253881997542291,-0.8253881997542291,
pair003,Bz,conf002,148.0,Si,-0.8423520641171028,-0.8423520641171028,
pair003,Bz,conf002,148.5,Si,-0.8592268355661747,-0.8592268355661747,
pair003,Bz,conf002,149.0,Si,-0.8760018797838635,-0.8760018797838635,
pair003,Bz,conf002,149.5,Si,-0.8926658475842528,-0.8926658475842528,
pair003,Bz,conf002,150.0,Si,-0.9092066158546194,-0.9092066158546194,
pair003,Bz,conf002,150.5,Si,-0.9256112242601813,-0.9256112242601813,
pair003,Bz,conf002,151.0,Si,-0.9418658077188031,-0.9418658077188031,
pair003,Bz,conf002,151.5,Si,-0.9579555247685979,-0.9579555247685979,
pair003,Bz,conf002,151.99999999999997,Si,-0.9738644821071745,-0.9738644821071745,
pair003,Bz,conf002,152.5,Si,-0.9895756557857394,-0.9895756557857394,
pair003,Bz,conf002,153.0,Si,-1.0050708098049936,-1.0050708098049936,
pair003,Bz,conf002,153.5,Si,-1.0203304131944289,-1.0203304131944289,
pair003,Bz,conf002,154.0,Si,-1.0353335570743267,-1.0353335570743267,
pair003,Bz,conf002,154.5,Si,-1.0500578737125725,-1.0500578737125725,
pair003,Bz,conf002,155.0,Si,-1.0644794602065248,-1.0644794602065248,
pair003,Bz,conf002,155.5,Si,-1.0785728101501455,-1.0785728101501455,
pair003,Bz,conf002,156.0,Si,-1.092310757487991,-1.092310757487991,
pair003,Bz,conf002,156.49999999999997,Si,-1.1056644376992357,-1.1056644376992357,
pair003,Bz,conf002,156.99999999999997,Si,-1.1186032724688677,-1.1186032724688677,
pair003,Bz,conf002,157.5,Si,-1.1310949850394412,-1.1310949850394412,
pair003,Bz,conf002,158.0,Si,-1.1431056544154112,-1.1431056544154112,
pair003,Bz,conf002,158.5,Si,-1.1545998173972523,-1.1545998173972523,
pair003,Bz,conf002,159.0,Si,-1.1655406278979483,-1.1655406278979483,
pair003,Bz,conf002,159.5,Si,-1.1758900829435825,-1.1758900829435825,
pair003,Bz,conf002,160.0,Si,-1.1856093239540129,-1.1856093239540129,
pair003,Bz,conf002,160.5,Si,-1.1946590200991474,-1.1946590200991474,
pair003,Bz,conf002,160.99999999999997,Si,-1.2029998375139161,-1.2029998375139161,
pair003,Bz,conf002,161.5,Si,-1.2105929937889166,-1.2105929937889166,
pair003,Bz,conf002,162.0,Si,-1.2174008914305352,-1.2174008914305352,
pair003,Bz,conf002,162.5,Si,-1.223387817108053,-1.223387817108053,
pair003,Bz,conf002,163.0,Si,-1.2285206859406688,-1.2285206859406688,
pair003,Bz,conf002,163.5,Si,-1.2327698025685878,-1.2327698025685878,
pair003,Bz,conf002,163.99999999999997,Si,-1.23610960427987,-1.23610960427987,
pair003,Bz,conf002,164.5,Si,-1.2385193471273552,-1.2385193471273552,
pair003,Bz,conf002,165.0,Si,-1.2399836947943097,-1.2399836947943097,
pair003,Bz,conf002,165.5,Si,-1.2404931726753103,-1.2404931726753103,
pair003,Bz,conf002,166.0,Si,-1.2647566479955334,-1.2647566479955334,
pair003,Bz,conf002,166.5,Si,-1.2924061243108267,-1.2924061243108267,
pair003,Bz,conf002,167.00000000000003,Si,-1.3194623348877272,-1.3194623348877272,
pair003,Bz,conf002,167.5,Si,-1.3457806218220103,-1.3457806218220103,
pair003,Bz,conf002,168.0,Si,-1.3711752657285372,-1.3711752657285372,
pair003,Bz,conf002,168.49999999999997,Si,-1.395406939411805,-1.395406939411805,
pair003,Bz,conf002,169.0,Si,-1.4181676455332324,-1.4181676455332324,
pair003,Bz,conf002,169.5,Si,-1.4390647837514954,-1.4390647837514954,
pair003,Bz,conf002,170.0,Si,-1.4576091212277837,-1.4576091212277837,
pair003,Bz,conf002,170.49999999999997,Si,-1.4732167949130657,-1.4732167949130657,
pair003,Bz,conf002,171.0,Si,-1.4852416431368085,-1.4852416431368085,
pair003,Bz,conf002,171.50000000000003,Si,-1.4930544534570704,-1.4930544534570704,
pair003,Bz,conf002,172.0,Si,-1.496167973817438,-1.496167973817438,
pair003,Bz,conf002,172.5,Si,-1.4943677363504846,-1.4943677363504846,
pair003,Bz,conf002,173.0,Si,-1.4877792530959202,-1.4877792530959202,
pair003,Bz,conf002,173.5,Si,-1.4768279738408583,-1.4768279738408583,
pair003,Bz,conf002,174.0,Si,-1.462118568074422,-1.462118568074422,
pair003,Bz,conf002,174.5,Si,-1.4443026087675168,-1.4443026087675168,
pair003,Bz,conf002,174.99999999999997,Si,-1.423985585839543,-1.423985585839543,
pair003,Bz,conf002,175.5,Si,-1.401683286222403,-1.401683286222403,
pair003,Bz,conf002,176.0,Si,-1.3778134467358978,-1.3778134467358978,
pair003,Bz,conf002,176.5,Si,-1.3527052780084114,-1.3527052780084114,
pair003,Bz,conf002,177.0,Si,-1.3266149992172462,-1.3266149992172462,
pair003,Bz,conf002,177.5,Si,-1.2997413891705731,-1.2997413891705731,
pair003,Bz,conf002,178.00000000000003,Si,-1.2722390659731482,-1.2722390659731482,
pair003,Bz,conf002,178.5,Si,-1.24422903410659,-1.24422903410659,
pair003,Bz,conf002,179.0,Si,-1.2158067666299854,-1.2158067666299854,
pair003,Bz,conf002,179.49999999999997,Si,-1.1870482939636389,-1.1870482939636389,
pair003,Bz,conf002,180.0,Si,-1.158014761096875,-1.158014761096875,
pair003,Bz,conf002,180.5,Si,-1.128755837222183,-1.128755837222183,
pair003,Bz,conf002,181.0,Si,-1.0993122752180449,-1.0993122752180449,
pair003,Bz,conf002,181.5,Si,-1.0697178435301744,-1.0697178435301744,
pair003,Bz,conf002,182.0,Re,-1.0400007942196237,-1.0400007942196237,
pair003,Bz,conf002,182.50000000000003,Re,-1.038416981467769,-1.0101849868602066,
pair003,Bz,conf002,183.0,Re,-1.0386502726353952,-0.9802907556453814,
pair003,Bz,conf002,183.5,Re,-1.038601673310383,-0.9503355836169589,
pair003,Bz,conf002,183.99999999999997,Re,-1.0382712493003967,-0.9203346309804952,
pair003,Bz,conf002,184.5,Re,-1.0376594475232581,-0.8903011522161254,
pair003,Bz,conf002,185.0,Re,-1.0367670931594,-0.8690037238294863,
pair003,Bz,conf002,185.5,Re,-1.0355953844195738,-0.8679933317769329,
pair003,Bz,conf002,185.99999999999997,Re,-1.0341458850056402,-0.8655889538507321,
pair003,Bz,conf002,186.5,Re,-1.0324205143754983,-0.8618032372206189,
pair003,Bz,conf002,187.00000000000003,Re,-1.030421535953315,-0.8566558068102696,
pair003,Bz,conf002,187.5,Re,-1.028151543452863,-0.8501727936597464,
pair003,Bz,conf002,188.0,Re,-1.0256134455040793,-0.8423862293341622,
pair003,Bz,conf002,188.5,Re,-1.0228104487906755,-0.8333333381069339,
pair003,Bz,conf002,189.0,Re,-1.0197460399194753,-0.8230557614882928,
pair003,Bz,conf002,189.5,Re,-1.0164239662500227,-0.8115987496935306,
pair003,Bz,conf002,190.0,Re,-1.0128482159160495,-0.799010352217472,
pair003,Bz,conf002,190.49999999999997,Re,-1.0090229972688274,-0.7853406353924705,
pair003,Bz,conf002,191.0,Re,-1.0049527179665754,-0.770640949349693,
pair003,Bz,conf002,191.49999999999997,Re,-1.000641963924542,-0.754963260859581,
pair003,Bz,conf002,192.0,Re,-0.9960954783275344,-0.7383595626827397,
pair003,Bz,conf002,192.5,Re,-0.9913181408912504,-0.7208813647576345,
pair003,Bz,conf002,193.0,Re,-0.9863149475412333,-0.7025792680655935,
pair003,Bz,conf002,193.50000000000003,Re,-0.9810909906594422,-0.6835026184780701,
pair003,Bz,conf002,194.0,Re,-0.9756514400286238,-0.6636992353159383,
pair003,Bz,conf002,194.5,Re,-0.9700015245846664,-0.64321520766045,
pair003,Bz,conf002,194.99999999999997,Re,-0.9641465150672253,-0.6220947505239038,
pair003,Bz,conf002,195.5,Re,-0.9580917076396015,-0.6003801126650137,
pair003,Bz,conf002,196.0,Re,-0.9518424085305385,-0.5781115279693727,
pair003,Bz,conf002,196.5,Re,-0.9454039197333821,-0.5553272027709457,
pair003,Bz,conf002,196.99999999999997,Re,-0.9387815257823444,-0.5320633321493364,
pair003,Bz,conf002,197.5,Re,-0.9319804816113717,-0.5083541390055248,
pair003,Bz,conf002,198.00000000000003,Re,-0.9250060014885286,-0.4842319305248435,
pair003,Bz,conf002,198.5,Re,-0.9178632490078689,-0.4597271674295662,
pair003,Bz,conf002,199.0,Re,-0.9105573281114511,-0.4348685421709142,
pair003,Bz,conf002,199.49999999999997,Re,-0.903093275106412,-0.4096830628915449,
pair003,Bz,conf002,200.0,Re,-0.8954760516357612,-0.38419614059453244,
pair003,Bz,conf002,200.5,Re,-0.8877105385567252,-0.3584316774809737,
pair003,Bz,conf002,201.00000000000003,Re,-0.8798015306768353,-0.3324121548675043,
pair003,Bz,conf002,201.49999999999997,Re,-0.8717537322955781,-0.33397371687815225,
pair003,Bz,conf002,202.0,Re,-0.8635717534979126,-0.3380880767235219,
pair003,Bz,conf002,202.49999999999997,Re,-0.8552601071455019,-0.3420282819033944,
pair003,Bz,conf002,203.0,Re,-0.8468232065116096,-0.34579184041389954,
pair003,Bz,conf002,203.5,Re,-0.8382653635065518,-0.349376347206545,
pair003,Bz,conf002,203.99999999999997,Re,-0.8295907874418743,-0.3527794888434712,
pair003,Bz,conf002,204.5,Re,-0.8208035842832548,-0.3559990480740727,
pair003,Bz,conf002,205.0,Re,-0.8119077563442275,-0.35903290831286894,
pair003,Bz,conf002,205.50000000000003,Re,-0.8029072023751388,-0.3618790579982676,
pair003,Bz,conf002,205.99999999999997,Re,-0.7938057180043271,-0.36453559481180164,
pair003,Bz,conf002,206.5,Re,-0.7846069964910712,-0.367000729737496,
pair003,Bz,conf002,206.99999999999997,Re,-0.7753146297525959,-0.3692727909412563,
pair003,Bz,conf002,207.5,Re,-0.7659321096300424,-0.37135022745062907,
pair003,Bz,conf002,208.0,Re,-0.7564628293610314,-0.37323161261582527,
pair003,Bz,conf002,208.5,Re,-0.7469100852289874,-0.37491564733371097,
pair003,Bz,conf002,209.0,Re,-0.7372770783619365,-0.3764011630173738,
pair003,Bz,conf002,209.5,Re,-0.7275669166558977,-0.37768712429500173,
pair003,Bz,conf002,210.00000000000003,Re,-0.7177826168002717,-0.3787726314230455,
pair003,Bz,conf002,210.49999999999997,Re,-0.7079271063848162,-0.37965692240008186,
pair003,Bz,conf002,211.0,Re,-0.6980032260698279,-0.3803393747693091,
pair003,Bz,conf002,211.5,Re,-0.6880137318030906,-0.38081950709932477,
pair003,Bz,conf002,212.0,Re,-0.6779612970688722,-0.38109698013456494,
pair003,Bz,conf002,212.5,Re,-0.6678485151559737,-0.38117159760871844,
pair003,Bz,conf002,213.0,Re,-0.6576779014332843,-0.3810433067163197,
pair003,Bz,conf002,213.50000000000003,Re,-0.6474518956227444,-0.3807121982397623,
pair003,Bz,conf002,214.0,Re,-0.6371728640608632,-0.3801785063309764,
pair003,Bz,conf002,214.50000000000003,Re,-0.6268431019411145,-0.3794426079490556,
pair003,Bz,conf002,214.99999999999997,Re,-0.6164648355306099,-0.3785050219571491,
pair003,Bz,conf002,215.5,Re,-0.6060402243553658,-0.3773664078838985,
pair003,Bz,conf002,216.0,Re,-0.5955713633493989,-0.37602756435664997,
pair003,Bz,conf002,216.50000000000003,Re,-0.58506028496361,-0.37448942721550615,
pair003,Bz,conf002,217.0,Re,-0.5745089612311656,-0.3727530673190518,
pair003,Bz,conf002,217.5,Re,-0.5639193057866638,-0.3708196880542227,
pair003,Bz,conf002,217.99999999999997,Re,-0.5532931758369741,-0.36869062256431495,
pair003,Bz,conf002,218.5,Re,-0.5426323740820742,-0.36636733071047156,
pair003,Bz,conf002,219.00000000000003,Re,-0.5319386505847243,-0.36385139578326187,
pair003,Bz,conf002,219.49999999999997,Re,-0.5212137045881104,-0.3611445209819788,
pair003,Bz,conf002,220.0,Re,-0.5104591862810042,-0.35824852568018484,
pair003,Bz,conf002,220.5,Re,-0.49967669851024343,-0.3551653414967788,
pair003,Bz,conf002,221.00000000000003,Re,-0.4888677984405878,-0.35189700819237,
pair003,Bz,conf002,221.5,Re,-0.47803399916225486,-0.3484456694111484,
pair003,Bz,conf002,222.0,Re,-0.46717677124658863,-0.34481356828861975,
pair003,Bz,conf002,222.49999999999997,Re,-0.45629754425054125,-0.341003042945647,
pair003,Bz,conf002,223.0,Re,-0.4453977081706877,-0.3370165218890784,
pair003,Bz,conf002,223.5,Re,-0.43447861484772243,-0.33285651933901894,
pair003,Bz,conf002,224.0,Re,-0.42354157932237246,-0.3285256305023674,
pair003,Bz,conf002,224.5,Re,-0.4125878811438297,-0.3240265268117215,
pair003,Bz,conf002,225.0,Re,-0.4016187656317993,-0.3193619511481023,
pair003,Bz,conf002,225.50000000000003,Re,-0.3906354450933496,-0.314534713065187,
pair003,Bz,conf002,226.0,Re,-0.3796390999957713,-0.3095476840319167,
pair003,Bz,conf002,226.5,Re,-0.3686308800966649,-0.30440379270939966,
pair003,Bz,conf002,226.99999999999997,Re,-0.3576119055325355,-0.2991060202770901,
pair003,Bz,conf002,227.5,Re,-0.3465832678671119,-0.29365739582213646,
pair003,Bz,conf002,228.0,Re,-0.3355460311006888,-0.2880609918047885,
pair003,Bz,conf002,228.5,Re,-0.3245012326417114,-0.28231991961160063,
pair003,Bz,conf002,228.99999999999997,Re,-0.31344988424187425,-0.27643732520711883,
pair003,Bz,conf002,229.49999999999997,Re,-0.30239297289593936,-0.2704163848935892,
pair003,Bz,conf002,230.0,Re,-0.2913314617075051,-0.2642603011871605,
pair003,Bz,conf002,230.5,Re,-0.2802662907219047,-0.2579722988179516,
pair003,Bz,conf002,231.00000000000003,Re,-0.2691983777274005,-0.2515556208603149,
pair003,Bz,conf002,231.5,Re,-0.2581286190258243,-0.24501352499859674,
pair003,Bz,conf002,232.00000000000003,Re,-0.24705789017376611,-0.2383492799327196,
pair003,Bz,conf002,232.5,Re,-0.23598704669541237,-0.23156616192697266,
pair003,Bz,conf002,233.0,Re,-0.22491692476806646,-0.2246674515044904,
pair003,Bz,conf002,233.49999999999997,Re,-0.21765643028910198,-0.21765643028910198,
pair003,Bz,conf002,234.0,Re,-0.2105363779953937,-0.2105363779953937,
pair003,Bz,conf002,234.49999999999997,Re,-0.20331056956715776,-0.20331056956715776,
pair003,Bz,conf002,235.0,Re,-0.1959822724636715,-0.1959822724636715,
pair003,Bz,conf002,235.5,Re,-0.18855474409269646,-0.18855474409269646,
pair003,Bz,conf002,235.99999999999997,Re,-0.18103122938848104,-0.18103122938848104,
pair003,Bz,conf002,236.5,Re,-0.17341495853256084,-0.17341495853256084,
pair003,Bz,conf002,237.00000000000003,Re,-0.16570914481473986,-0.16570914481473986,
pair003,Bz,conf002,237.49999999999997,Re,-0.15791698263118126,-0.15791698263118126,
pair003,Bz,conf002,238.0,Re,-0.15004164561623812,-0.15004164561623812,
pair003,Bz,conf002,238.50000000000003,Re,-0.14208628490435138,-0.14208628490435138,
pair003,Bz,conf002,239.0,Re,-0.13405402751807904,-0.13405402751807904,
pair003,Bz,conf002,239.5,Re,-0.12594012475529248,-0.12594012475529248,
pair003,Bz,conf002,239.99999999999997,Re,-0.11772977323334466,-0.11772977323334466,
pair003,Bz,conf002,240.5,Re,-0.10942447277406497,-0.10942447277406497,
pair003,Bz,conf002,241.00000000000003,Re,-0.1010263304278638,-0.1010263304278638,
pair003,Bz,conf002,241.5,Re,-0.09253743584573249,-0.09253743584573249,
pair003,Bz,conf002,242.0,Re,-0.08395986049616555,-0.08395986049616555,
pair003,Bz,conf002,242.49999999999997,Re,-0.07529565694761131,-0.07529565694761131,
pair003,Bz,conf002,243.0,Re,-0.06654685821404982,-0.06654685821404982,
pair003,Bz,conf002,243.49999999999997,Re,-0.0577154771613162,-0.0577154771613162,
pair003,Bz,conf002,244.0,Re,-0.04880350597170735,-0.04880350597170735,
pair003,Bz,conf002,244.5,Re,-0.039812915664453774,-0.039812915664453774,
pair003,Bz,conf002,244.99999999999997,Re,-0.03074565566958709,-0.03074565566958709,
pair003,Bz,conf002,245.5,Re,-0.021603653452780147,-0.021603653452780147,
pair003,Bz,conf002,246.00000000000003,Re,-0.012388814188751596,-0.012388814188751596,
pair003,Bz,conf002,246.50000000000003,Re,-0.0031030204808337736,-0.0031030204808337736,
pair003,Bz,conf002,247.0,Re,0.0062518678756278145,0.0062518678756278145,
pair003,Bz,conf002,247.50000000000003,Re,0.015674014088367327,0.015674014088367327,
pair003,Bz,conf002,248.0,Re,0.025161604524017278,0.025161604524017278,
pair003,Bz,conf002,248.5,Re,0.034712848826887965,0.034712848826887965,
pair003,Bz,conf002,248.99999999999997,Re,0.04432598000282262,0.04432598000282262,
pair003,Bz,conf002,249.5,Re,0.05399925447023968,0.05399925447023968,
pair003,Bz,conf002,249.99999999999997,Re,0.06373095208036528,0.06373095208036528,
pair003,Bz,conf002,250.5,Re,0.07351937610862525,0.07351937610862525,
pair003,Bz,conf002,251.0,Re,0.08336285321907266,0.08336285321907266,
pair003,Bz,conf002,251.49999999999997,Re,0.09325973340367555,0.09325973340367555,
pair003,Bz,conf002,252.0,Re,0.10320838989822012,0.10320838989822012,
pair003,Bz,conf002,252.49999999999997,Re,0.11320721907648745,0.11320721907648745,
pair003,Bz,conf002,253.0,Re,0.1232546403243433,0.1232546403243433,
pair003,Bz,conf002,253.5,Re,0.13334909589524635,0.13334909589524635,
pair003,Bz,conf002,254.00000000000003,Re,0.14348905074867369,0.14348905074867369,
pair003,Bz,conf002,254.5,Re,0.15367299237284815,0.15367299237284815,
pair003,Bz,conf002,255.00000000000003,Re,0.16389943059311007,0.16389943059311007,
pair003,Bz,conf002,255.49999999999997,Re,0.17416689736719415,0.17416689736719415,
pair003,Bz,conf002,256.0,Re,0.18447394656863225,0.18447394656863225,
pair003,Bz,conf002,256.5,Re,0.19481915375940062,0.19481915375940062,
pair003,Bz,conf002,257.0,Re,0.2052011159529159,0.2052011159529159,
pair003,Bz,conf002,257.5,Re,0.21561845136839053,0.21561845136839053,
pair003,Bz,conf002,258.0,Re,0.22606979917750336,0.22606979917750336,
pair003,Bz,conf002,258.5,Re,0.23655381924431818,0.23655381924431818,
pair003,Bz,conf002,258.99999999999994,Re,0.24706919185927667,0.24706919185927667,
pair003,Bz,conf002,259.5,Re,0.25761461746810044,0.25761461746810044,
pair003,Bz,conf002,260.0,Re,0.2681888163963255,0.2681888163963255,
pair003,Bz,conf002,260.5,Re,0.27879052857020215,0.27879052857020215,
pair003,Bz,conf002,261.0,Re,0.28941851323461276,0.28941851323461276,
pair003,Bz,conf002,261.5,Re,0.3000715486686165,0.3000715486686165,
pair003,Bz,conf002,262.00000000000006,Re,0.31074843189921286,0.31074843189921286,
pair003,Bz,conf002,262.5,Re,0.3214479784138533,0.3214479784138533,
pair003,Bz,conf002,263.0,Re,0.33216902187220465,0.33216902187220465,
pair003,Bz,conf002,263.5,Re,0.34291041381761356,0.34291041381761356,
pair003,Bz,conf002,264.0,Re,0.3536710233887328,0.3536710233887328,
pair003,Bz,conf002,264.5,Re,0.3644497370316586,0.3644497370316586,
pair003,Bz,conf002,265.0,Re,0.37524545821300515,0.37524545821300515,
pair003,Bz,conf002,265.5,Re,0.3860571071341925,0.3860571071341925,
pair003,Bz,conf002,266.0,Re,0.39688362044730785,0.39688362044730785,
pair003,Bz,conf002,266.49999999999994,Re,0.407723950972789,0.407723950972789,
pair003,Bz,conf002,267.0,Re,0.4185770674192135,0.4185770674192135,
pair003,Bz,conf002,267.5,Re,0.4294419541054115,0.4294419541054115,
pair003,Bz,conf002,267.99999999999994,Re,0.4403176106851292,0.4403176106851292,
pair003,Bz,conf002,268.5,Re,0.45120305187443743,0.45120305187443743,
pair003,Bz,conf002,269.0,Re,0.4620973071820422,0.4620973071820422,
pair003,Bz,conf002,269.50000000000006,Re,0.4729994206426811,0.4729994206426811,
pair003,Bz,conf002,270.0,Re,0.4839084505537261,0.4839084505537261,
pair003,Bz,conf002,270.5,Re,0.49482346921512543,0.49482346921512543,
pair003,Bz,conf002,271.0,Re,0.5057435626727835,0.5057435626727835,
pair003,Bz,conf002,271.5,Re,0.5166678304654975,0.5166678304654975,
pair003,Bz,conf002,272.0,Re,0.5275953853754987,0.5275953853754987,
pair003,Bz,conf002,272.5,Re,0.538525353182705,0.538525353182705,
pair003,Bz,conf002,273.0,Re,0.5494568724227207,0.5494568724227207,
pair003,Bz,conf002,273.5,Re,0.560389094148636,0.560389094148636,
pair003,Bz,conf002,274.0,Re,0.5713211816966781,0.5713211816966781,
pair003,Bz,conf002,274.5,Re,0.5822523104557213,0.5822523104557213,
pair003,Bz,conf002,275.0,Re,0.5931816676407082,0.5931816676407082,
pair003,Bz,conf002,275.49999999999994,Re,0.6041084520699662,0.6041084520699662,
pair003,Bz,conf002,276.0,Re,0.6121573452236306,0.6150318739464498,
pair003,Bz,conf002,276.5,Re,0.6027681519051187,0.6259511546428913,
pair003,Bz,conf002,277.0,Re,0.5933472206360977,0.6368655264908727,
pair003,Bz,conf002,277.50000000000006,Re,0.5838948532591066,0.6477742325737943,
pair003,Bz,conf002,278.0,Re,0.5744113548073744,0.6586765265237238,
pair003,Bz,conf002,278.50000000000006,Re,0.5648970335658039,0.6695716723221243,
pair003,Bz,conf002,279.0,Re,0.5553522011339529,0.6804589441044031,
pair003,Bz,conf002,279.5,Re,0.5457771724910463,0.6913376259682937,
pair003,Bz,conf002,280.0,Re,0.5361722660631412,0.7022070117859964,
pair003,Bz,conf002,280.5,Re,0.5265378037924704,0.7130664050200839,
pair003,Bz,conf002,281.0,Re,0.51687411120908,0.7239151185430963,
pair003,Bz,conf002,281.5,Re,0.5071815175048189,0.7347524744608183,
pair003,Bz,conf002,281.99999999999994,Re,0.4974603556097785,0.7455778039391643,
pair003,Bz,conf002,282.5,Re,0.487710962271261,0.7563904470346616,
pair003,Bz,conf002,283.0,Re,0.4779336781353709,0.7671897525284452,
pair003,Bz,conf002,283.5,Re,0.46812884783132946,0.777975077763754,
pair003,Bz,conf002,284.0,Re,0.4582968200585922,0.7887457884868583,
pair003,Bz,conf002,284.5,Re,0.4484379476768978,0.7946079362676175,
pair003,Bz,conf002,285.00000000000006,Re,0.4385525877993319,0.7795428954690211,
pair003,Bz,conf002,285.5,Re,0.4286411018885252,0.7644443206417548,
pair003,Bz,conf002,286.0,Re,0.41870385585609515,0.749312752095409,
pair003,Bz,conf002,286.5,Re,0.40874122016546943,0.7341487376144091,
pair003,Bz,conf002,287.0,Re,0.39875356993817346,0.718952832676748,
pair003,Bz,conf002,287.5,Re,0.3887412850637635,0.7037256006816743,
pair003,Bz,conf002,288.0,Re,0.3787047503134866,0.688467613186676,
pair003,Bz,conf002,288.5,Re,0.36864435545784935,0.6731794501542498,
pair003,Bz,conf002,289.0,Re,0.35856049538821066,0.6578617002088454,
pair003,Bz,conf002,289.5,Re,0.3484535702425562,0.6425149609044796,
pair003,Bz,conf002,290.0,Re,0.33832398553562326,0.6271398390035239,
pair003,Bz,conf002,290.5,Re,0.32817215229351526,0.6117369507671444,
pair003,Bz,conf002,290.99999999999994,Re,0.31799848719299506,0.5963069222579807,
pair003,Bz,conf002,291.5,Re,0.3078034127056113,0.5808503896555905,
pair003,Bz,conf002,292.0,Re,0.2975873572468679,0.5653679995853065,
pair003,Bz,conf002,292.5,Re,0.28735075533059096,0.5498604094610864,
pair003,Bz,conf002,293.0,Re,0.2770940477287205,0.5343282878430615,
pair003,Bz,conf002,293.5,Re,0.26681768163670694,0.5187723148104444,
pair003,Bz,conf002,294.00000000000006,Re,0.25652211084474974,0.5031931823505655,
pair003,Bz,conf002,294.5,Re,0.24620779591507214,0.4875915947647742,
pair003,Bz,conf002,295.0,Re,0.23587520436547638,0.4719682690920275,
pair003,Bz,conf002,295.5,Re,0.22552481085942655,0.45632393555104245,
pair003,Bz,conf002,296.0,Re,0.21515709740287559,0.4406593380018553,
pair003,Bz,conf002,296.5,Re,0.20477255354813506,0.42497523442779594,
pair003,Bz,conf002,297.0,Re,0.19437167660501387,0.40927239743880794,
pair003,Bz,conf002,297.49999999999994,Re,0.1839549718595428,0.39355161479721557,
pair003,Bz,conf002,298.0,Re,0.1735229528005342,0.37781368996698705,
pair003,Bz,conf002,298.49999999999994,Re,0.16307614135431536,0.3620594426876924,
pair003,Bz,conf002,299.0,Re,0.15261506812791015,0.3462897095743378,
pair003,Bz,conf002,299.5,Re,0.1421402726610237,0.33050534474439464,
pair003,Bz,conf002,300.0,Re,0.1316523036871422,0.3147072204733352,
pair003,Bz,conf002,300.50000000000006,Re,0.12115171940410896,0.2988962278801184,
pair003,Bz,conf002,301.0,Re,0.11063908775453046,0.2830732776441136,
pair003,Bz,conf002,301.5,Re,0.10011498671638752,0.2672393007550202,
pair003,Bz,conf002,302.0,Re,0.08958000460425497,0.25139524929747026,
pair003,Bz,conf002,302.5,Re,0.0790347403814986,0.23554209727200304,
pair003,Bz,conf002,303.0,Re,0.0684798039839083,0.21968084145429723,
pair003,Bz,conf002,303.5,Re,0.05791581665515966,0.20381250229453207,
pair003,Bz,conf002,303.99999999999994,Re,0.047343411294586524,0.18793812485895267,
pair003,Bz,conf002,304.5,Re,0.036763232817694114,0.17205877981571294,
pair003,Bz,conf002,305.0,Re,0.026175938529923837,0.15617556446728842,
pair003,Bz,conf002,305.5,Re,0.015582198514136447,0.14028960383176226,
pair003,Bz,conf002,306.0,Re,0.004982696032340472,0.12440205177547248,
pair003,Bz,conf002,306.49999999999994,Re,-0.00562187205780007,0.10851409219962771,
pair003,Bz,conf002,307.0,Re,-0.016230794871160414,0.09262694028356666,
pair003,Bz,conf002,307.5,Re,-0.026843347047454946,0.07674184378757087,
pair003,Bz,conf002,308.0,Re,-0.03745878828709648,0.060860084418171256,
pair003,Bz,conf002,308.5,Re,-0.048076362869995615,0.04498297925911676,
pair003,Bz,conf002,309.0,Re,-0.058695299156703795,0.029111882271264156,
pair003,Bz,conf002,309.50000000000006,Re,-0.0693148090712552,0.013248185864846995,
pair003,Bz,conf002,310.0,Re,-0.07993408756508402,-0.0026066774523154645,
pair003,Bz,conf002,310.5,Re,-0.09055231206133829,-0.018451233346911566,
pair003,Bz,conf002,311.0,Re,-0.1011686418789135,-0.03428396384860499,
pair003,Bz,conf002,311.5,Re,-0.11178221763553964,-0.050103305450844626,
pair003,Bz,conf002,312.0,Re,-0.12239216062918001,-0.06590764711973596,
pair003,Bz,conf002,312.5,Re,-0.1329975721970691,-0.08169532820661862,
pair003,Bz,conf002,312.99999999999994,Re,-0.14359753305161926,-0.09746463625974222,
pair003,Bz,conf002,313.5,Re,-0.15419110259250068,-0.1132138047303648,
pair003,Bz,conf002,313.99999999999994,Re,-0.16477731819411545,-0.12894101056835372,
pair003,Bz,conf002,314.5,Re,-0.17535519446775072,-0.14464437170231714,
pair003,Bz,conf002,315.0,Re,-0.18592372249762956,-0.1603219443990611,
pair003,Bz,conf002,315.5,Re,-0.19648186905013665,-0.17597172049713938,
pair003,Bz,conf002,316.0,Re,-0.20702857575545353,-0.19159162450908895,
pair003,Bz,conf002,316.5,Re,-0.21756275826088123,-0.20717951058690942,
pair003,Bz,conf002,317.0,Re,-0.22808330535510968,-0.22273315934524884,
pair003,Bz,conf002,317.5,Re,-0.23858907806274354,-0.23825027453679093,
pair003,Bz,conf002,318.0,Re,-0.25372847957432465,-0.25372847957432465,
pair003,Bz,conf002,318.5,Re,-0.2691653138940173,-0.2691653138940173,
pair003,Bz,conf002,319.0,Re,-0.2845582799972519,-0.2845582799972519,
pair003,Bz,conf002,319.5,Re,-0.29994923457566336,-0.29994923457566336,
pair003,Bz,conf002,320.0,Re,-0.31537374672425034,-0.31537374672425034,
pair003,Bz,conf002,320.5,Re,-0.33082820231668,-0.33082820231668,
pair003,Bz,conf002,321.0,Re,-0.34630886822006657,-0.34630886822006657,
pair003,Bz,conf002,321.5,Re,-0.3618118861055195,-0.3618118861055195,
pair003,Bz,conf002,321.99999999999994,Re,-0.37733326588224103,-0.37733326588224103,
pair003,Bz,conf002,322.5,Re,-0.39286887873429244,-0.39286887873429244,
pair003,Bz,conf002,323.0,Re,-0.4084144497385058,-0.4084144497385058,
pair003,Bz,conf002,323.50000000000006,Re,-0.4239655500416535,-0.4239655500416535,
pair003,Bz,conf002,324.0,Re,-0.43951758857464274,-0.43951758857464274,
pair003,Bz,conf002,324.5,Re,-0.4550658032814905,-0.4550658032814905,
pair003,Bz,conf002,325.0,Re,-0.4706052518409758,-0.4706052518409758,
pair003,Bz,conf002,325.5,Re,-0.48613080185947144,-0.48613080185947144,
pair003,Bz,conf002,326.0,Re,-0.5016371205143042,-0.5016371205143042,
pair003,Bz,conf002,326.50000000000006,Re,-0.5171186636285248,-0.5171186636285248,
pair003,Bz,conf002,327.0,Re,-0.5325696641599118,-0.5325696641599118,
pair003,Bz,conf002,327.5,Re,-0.5479841200899143,-0.5479841200899143,
pair003,Bz,conf002,327.99999999999994,Re,-0.5633557817017478,-0.5633557817017478,
pair003,Bz,conf002,328.5,Re,-0.5786781382416579,-0.5786781382416579,
pair003,Bz,conf002,329.0,Re,-0.5939444039631554,-0.5939444039631554,
pair003,Bz,conf002,329.49999999999994,Re,-0.6091475035614824,-0.6091475035614824,
pair003,Bz,conf002,330.0,Re,-0.6242800570144524,-0.6242800570144524,
pair003,Bz,conf002,330.5,Re,-0.639334363856898,-0.639334363856898,
pair003,Bz,conf002,331.0,Re,-0.6543023869291393,-0.6543023869291393,
pair003,Bz,conf002,331.5,Re,-0.6691757356557038,-0.6691757356557038,
pair003,Bz,conf002,332.0,Re,-0.6839456489293256,-0.6839456489293256,
pair003,Bz,conf002,332.50000000000006,Re,-0.6986029776972984,-0.6986029776972984,
pair003,Bz,conf002,333.0,Re,-0.7131381673731467,-0.7131381673731467,
pair003,Bz,conf002,333.49999999999994,Re,-0.7275412402264769,-0.7275412402264769,
pair003,Bz,conf002,334.00000000000006,Re,-0.7418017779383491,-0.7418017779383491,
pair003,Bz,conf002,334.5,Re,-0.7559089045488543,-0.7559089045488543,
pair003,Bz,conf002,335.0,Re,-0.7698512700681237,-0.7698512700681237,
pair003,Bz,conf002,335.49999999999994,Re,-0.7836170350717586,-0.7836170350717586,
pair003,Bz,conf002,336.0,Re,-0.7971938566570236,-0.7971938566570236,
pair003,Bz,conf002,336.5,Re,-0.8105688761965221,-0.8105688761965221,
pair003,Bz,conf002,336.99999999999994,Re,-0.8237287093913837,-0.8237287093913837,
pair003,Bz,conf002,337.5,Re,-0.8366594391950216,-0.8366594391950216,
pair003,Bz,conf002,338.0,Re,-0.8493466122503943,-0.8493466122503943,
pair003,Bz,conf002,338.5,Re,-0.8617752395562139,-0.8617752395562139,
pair003,Bz,conf002,339.0,Re,-0.8739298021482137,-0.8739298021482137,
pair003,Bz,conf002,339.5,Re,-0.8857942626473011,-0.8857942626473011,
pair003,Bz,conf002,340.0,Re,-0.8973520835825675,-0.8973520835825675,
pair003,Bz,conf002,340.5,Re,-0.908586253438958,-0.908586253438958,
pair003,Bz,conf002,340.99999999999994,Re,-0.9194793214005228,-0.9194793214005228,
pair003,Bz,conf002,341.50000000000006,Re,-0.9300134417538315,-0.9300134417538315,
pair003,Bz,conf002,342.0,Re,-0.9401704288745907,-0.9401704288745907,
pair003,Bz,conf002,342.49999999999994,Re,-0.94993182363588,-0.94993182363588,
pair003,Bz,conf002,343.00000000000006,Re,-0.959278971940615,-0.959278971940615,
pair003,Bz,conf002,343.5,Re,-0.9681931158870156,-0.9681931158870156,
pair003,Bz,conf002,344.0,Re,-0.9766554978182339,-0.9766554978182339,
pair003,Bz,conf002,344.49999999999994,Re,-0.9846474771829123,-0.9846474771829123,
pair003,Bz,conf002,345.0,Re,-0.9927301108332617,-0.9927301108332617,
pair003,Bz,conf002,345.5,Re,-1.0216334299104233,-1.0216334299104233,
pair003,Bz,conf002,346.0,Re,-1.050514533871453,-1.050514533871453,
pair003,Bz,conf002,346.5,Re,-1.0793614367723703,-1.0793614367723703,
pair003,Bz,conf002,347.0,Re,-1.108160235433838,-1.108160235433838,
pair003,Bz,conf002,347.5,Re,-1.1368946315630806,-1.1368946315630806,
pair003,Bz,conf002,348.0,Re,-1.1655453067961121,-1.1655453067961121,
pair003,Bz,conf002,348.50000000000006,Re,-1.1940890967256284,-1.1940890967256284,
pair003,Bz,conf002,349.0,Re,-1.2224978870733478,-1.2224978870733478,
pair003,Bz,conf002,349.5,Re,-1.2507371213308327,-1.2507371213308327,
pair003,Bz,conf002,349.99999999999994,Re,-1.2787637588156997,-1.2787637588156997,
pair003,Bz,conf002,350.50000000000006,Re,-1.306523446700231,-1.306523446700231,
pair003,Bz,conf002,351.0,Re,-1.3339465567550914,-1.3339465567550914,
pair003,Bz,conf002,351.49999999999994,Re,-1.3609425703410614,-1.3609425703410614,
pair003,Bz,conf002,352.0,Re,-1.3873920541597695,-1.3873920541597695,
pair003,Bz,conf002,352.5,Re,-1.413135144506977,-1.413135144506977,
pair003,Bz,conf002,353.0,Re,-1.437955090527553,-1.437955090527553,
pair003,Bz,conf002,353.5,Re,-1.4615552124706042,-1.4615552124706042,
pair003,Bz,conf002,354.0,Re,-1.4835283129748624,-1.4835283129748624,
pair003,Bz,conf002,354.5,Re,-1.5033209837852155,-1.5033209837852155,
pair003,Bz,conf002,355.0,Re,-1.520205109050125,-1.520205109050125,
pair003,Bz,conf002,355.5,Re,-1.5332891033089155,-1.5332891033089155,
pair003,Bz,conf002,356.00000000000006,Re,-1.5416241773934676,-1.5416241773934676,
pair003,Bz,conf002,356.5,Re,-1.544442560163401,-1.544442560163401,
pair003,Bz,conf002,357.0,Re,-1.5414489815176593,-1.5414489815176593,
pair003,Bz,conf002,357.50000000000006,Re,-1.5329564259115906,-1.5329564259115906,
pair003,Bz,conf002,358.0,Re,-1.5197426514292587,-1.5197426514292587,
pair003,Bz,conf002,358.5,Re,-1.5027575787844467,-1.5027575787844467,
pair003,Bz,conf002,358.99999999999994,Re,-1.482888754055163,-1.482888754055163,
pair003,Bz,conf002,359.50000000000006,Re,-1.4608588215278986,-1.4608588215278986,
pair003,SB,conf009,0.0,Re,-1.4434553079754144,-1.4434553079754144,5.690754259603343
pair003,SB,conf009,0.5,Re,-1.4192495114342059,-1.4192495114342059,5.6916466664903815
pair003,SB,conf009,1.0,Re,-1.3940003962509637,-1.3940003962509637,5.692435666605894
pair003,SB,conf009,1.5,Si,-1.367952298549809,-1.367952298549809,5.693121231280472
pair003,SB,conf009,2.0,Si,-1.374547902948783,-1.374547902948783,5.693703335607669
pair003,SB,conf009,2.5,Si,-1.4246112405450848,-1.4246112405450848,5.694181958443009
pair003,SB,conf009,3.0,Si,-1.474682406503067,-1.474682406503067,5.6945570824031435
pair003,SB,conf009,3.5,Si,-1.52474771268197,-1.52474771268197,5.694828693865183
pair003,SB,conf009,4.0,Si,-1.5747772915803568,-1.5747772915803568,5.694996782966138
pair003,SB,conf009,4.5,Si,-1.6246714370090212,-1.6246714370090212,5.695061343602543
pair003,SB,conf009,5.0,Si,-1.6735951722559481,-1.6735951722559481,5.695022373430209
pair003,SB,conf009,5.5,Si,-1.6726026699946484,-1.6726026699946484,5.694879873864133
pair003,SB,conf009,6.0,Si,-1.6236156202913032,-1.6236156202913032,5.6946338500785565
pair003,SB,conf009,6.5,Si,-1.5737160169213753,-1.5737160169213753,5.694284311007161
pair003,SB,conf009,7.0,Si,-1.5236851044697268,-1.5236851044697268,5.693831269343432
pair003,SB,conf009,7.499999999999999,Si,-1.4736194573805228,-1.4736194573805228,5.693274741541158
pair003,SB,conf009,8.0,Si,-1.4235483441654126,-1.4235483441654126,5.692614747815073
pair003,SB,conf009,8.5,Si,-1.3734852737869045,-1.3734852737869045,5.691851312141662
pair003,SB,conf009,9.0,Si,-1.3234384679726374,-1.3234384679726374,5.690984462260111
pair003,SB,conf009,9.499999999999998,Si,-1.2734139624994107,-1.2734139624994107,5.690014229673402
pair003,SB,conf009,10.0,Si,-1.2234167540954857,-1.2234167540954857,5.688940649649565
pair003,SB,conf009,10.5,Si,-1.173451293058735,-1.173451293058735,5.687763761223065
pair003,SB,conf009,11.0,Si,-1.1235217191270008,-1.1235217191270008,5.686483607196363
pair003,SB,conf009,11.499999999999998,Si,-1.0736319841544744,-1.0736319841544744,5.685100234141604
pair003,SB,conf009,12.0,Si,-1.0237859202067117,-1.0237859202067117,5.683613692402474
pair003,SB,conf009,12.5,Si,-0.9739872793917346,-0.9739872793917346,5.682024036096196
pair003,SB,conf009,13.0,Si,-0.9242397581775916,-0.9242397581775916,5.680331323115688
pair003,SB,conf009,13.5,Si,-0.874547012771371,-0.874547012771371,5.6785356151318656
pair003,SB,conf009,14.0,Si,-0.8249126691319094,-0.8249126691319094,5.676636977596102
pair003,SB,conf009,14.500000000000002,Si,-0.7874756632039861,-0.7874756632039861,5.674635479742847
pair003,SB,conf009,14.999999999999998,Si,-0.7983747407557613,-0.7983747407557613,5.672531194592381
pair003,SB,conf009,15.5,Si,-0.8033022264266564,-0.8033022264266564,5.67032419895375
pair003,SB,conf009,16.0,Si,-0.8020348120024986,-0.8020348120024986,5.668014573427847
pair003,SB,conf009,16.5,Si,-0.7946309591092988,-0.7946309591092988,5.665602402410631
pair003,SB,conf009,17.0,Si,-0.7814182185206379,-0.7814182185206379,5.663087774096539
pair003,SB,conf009,17.5,Si,-0.7629266812367551,-0.7629266812367551,5.660470780482022
pair003,SB,conf009,18.0,Si,-0.7397972019301849,-0.7397972019301849,5.6577515173692685
pair003,SB,conf009,18.5,Si,-0.7126958952106189,-0.7126958952106189,5.654930084370065
pair003,SB,conf009,18.999999999999996,Si,-0.685332522606892,-0.6822532654445135,5.652006584909836
pair003,SB,conf009,19.5,Si,-0.6775996066106632,-0.6490309138183666,5.648981126231828
pair003,SB,conf009,20.0,Si,-0.6697442408365198,-0.6135097822335479,5.645853819401475
pair003,SB,conf009,20.499999999999996,Si,-0.6617702642574294,-0.5760917410823583,5.6426247793109265
pair003,SB,conf009,21.0,Si,-0.6536814415482556,-0.5371078142010467,5.63929412468371
pair003,SB,conf009,21.5,Si,-0.6454814614556311,-0.49682870841438254,5.635861978079612
pair003,SB,conf009,22.0,Si,-0.637173935548262,-0.45547529074858617,5.632328465899684
pair003,SB,conf009,22.5,Si,-0.6287623973167953,-0.4132279473359358,5.628693718391434
pair003,SB,conf009,22.999999999999996,Si,-0.6202503015933701,-0.3702344841499955,5.6249578696541835
pair003,SB,conf009,23.5,Si,-0.6116410242620991,-0.3266165882824499,5.621121057644611
pair003,SB,conf009,24.0,Si,-0.6029378622330169,-0.2824750178690937,5.617183424182448
pair003,SB,conf009,24.5,Si,-0.5941440336533734,-0.25353139366017574,5.613145114956353
pair003,SB,conf009,25.0,Si,-0.5852626783315967,-0.23858305863364326,5.60900627952998
pair003,SB,conf009,25.499999999999996,Si,-0.576296858350698,-0.2357427836925654,5.604767071348197
pair003,SB,conf009,26.0,Si,-0.567249558849367,-0.23274325617763547,5.600427647743505
pair003,SB,conf009,26.5,Si,-0.5581236889504868,-0.22958617242327528,5.59598816994262
pair003,SB,conf009,27.0,Si,-0.5489220828182215,-0.22627330434170734,5.591448803073256
pair003,SB,conf009,27.5,Si,-0.5396475008262758,-0.2228064965208676,5.586809716171073
pair003,SB,conf009,28.0,Si,-0.530302630821265,-0.21918766325672778,5.582071082186824
pair003,SB,conf009,28.5,Si,-0.5208900894664621,-0.21541878553070637,5.577233077993672
pair003,SB,conf009,29.000000000000004,Si,-0.5114124236524555,-0.21150190794272827,5.5722958843947215
pair003,SB,conf009,29.499999999999996,Si,-0.5018721119624285,-0.2074391356102947,5.567259686130715
pair003,SB,conf009,29.999999999999996,Si,-0.4922715661809165,-0.20323263104368872,5.5621246718879345
pair003,SB,conf009,30.5,Si,-0.4826131328359533,-0.19888461100714405,5.556891034306293
pair003,SB,conf009,31.0,Si,-0.4728990947655176,-0.19439734337546488,5.551558969987628
pair003,SB,conf009,31.5,Si,-0.46313167270012223,-0.18977314399521372,5.5461286795041875
pair003,SB,conf009,32.0,Si,-0.4533130268542427,-0.18501437355915895,5.540600367407309
pair003,SB,conf009,32.5,Si,-0.4434452585201052,-0.1801234345022389,5.534974242236325
pair003,SB,conf009,33.0,Si,-0.4335304116580645,-0.17510276792682178,5.529250516527634
pair003,SB,conf009,33.49999999999999,Si,-0.42357047447851226,-0.16995485056456028,5.52342940682402
pair003,SB,conf009,34.0,Si,-0.41356738101085155,-0.16468219178162946,5.517511133684149
pair003,SB,conf009,34.5,Si,-0.403523012655681,-0.1592873306336231,5.511495921692285
pair003,SB,conf009,35.0,Si,-0.3934391997168163,-0.15377283297586453,5.5053839994682345
pair003,SB,conf009,35.5,Si,-0.38331772291027755,-0.14814128863436626,5.499175599677473
pair003,SB,conf009,36.0,Si,-0.3731603148477949,-0.14239530864215277,5.4928709590415234
pair003,SB,conf009,36.5,Si,-0.3629686614927674,-0.1365375225451444,5.486470318348529
pair003,SB,conf009,37.0,Si,-0.3527444035869767,-0.13057057578129827,5.479973922464067
pair003,SB,conf009,37.5,Si,-0.34248913804665193,-0.12449712713621186,5.473382020342168
pair003,SB,conf009,37.99999999999999,Si,-0.3322044193267948,-0.11831984627790826,5.46669486503658
pair003,SB,conf009,38.5,Si,-0.3218917607528964,-0.11204141137306833,5.459912713712251
pair003,SB,conf009,39.0,Si,-0.3115526358194345,-0.10566450678653894,5.453035827657045
pair003,SB,conf009,39.5,Si,-0.3011884794547077,-0.09919182086549738,5.446064472293701
pair003,SB,conf009,40.0,Si,-0.29080068925178226,-0.09262604380929518,5.438998917192015
pair003,SB,conf009,40.5,Si,-0.28039062666543746,-0.08596986562557962,5.431839436081274
pair003,SB,conf009,40.99999999999999,Si,-0.26995961817517733,-0.07921775688277521,5.424586306862926
pair003,SB,conf009,41.5,Si,-0.2595089564144617,-0.07236169186402175,5.417239811623501
pair003,SB,conf009,42.0,Si,-0.2490399012664406,-0.06540347004351554,5.409800236647776
pair003,SB,conf009,42.5,Si,-0.23855368092655072,-0.058344916901686084,5.402267872432187
pair003,SB,conf009,43.0,Si,-0.22805149293241267,-0.05118785504281109,5.394643013698509
pair003,SB,conf009,43.5,Si,-0.21753450516154227,-0.04393410312162316,5.386925959407774
pair003,SB,conf009,44.0,Si,-0.20700385679743705,-0.03658547482012109,5.379117012774467
pair003,SB,conf009,44.50000000000001,Si,-0.1964606592646434,-0.02914377787417588,5.3712164812809675
pair003,SB,conf009,45.0,Si,-0.18590599713345712,-0.021610813149376407,5.363224676692273
pair003,SB,conf009,45.5,Si,-0.17534092899493503,-0.013988373765473128,5.355141915070979
pair003,SB,conf009,45.99999999999999,Si,-0.1647664883069151,-0.0062782442686450946,5.346968516792536
pair003,SB,conf009,46.49999999999999,Si,-0.1541836842117721,0.0015178001492608395,5.338704806560784
pair003,SB,conf009,47.0,Si,-0.1435935023266417,0.009397994385452524,5.330351113423751
pair003,SB,conf009,47.5,Si,-0.1329969055068485,0.01736058411590302,5.32190777078976
pair003,SB,conf009,48.0,Si,-0.12239483458329103,0.025403826441120048,5.313375116443789
pair003,SB,conf009,48.5,Si,-0.11178820907453102,0.033525990489113644,5.304753492564142
pair003,SB,conf009,49.0,Si,-0.10117792787432922,0.04172535797673982,5.296043245739396
pair003,SB,conf009,49.50000000000001,Si,-0.09056486991537005,0.050000223730656046,5.28724472698566
pair003,SB,conf009,50.0,Si,-0.07994989480990666,0.058348896169130526,5.278358291764105
pair003,SB,conf009,50.5,Si,-0.06933384346805527,0.0667696977459955,5.2693842999988245
pair003,SB,conf009,50.99999999999999,Si,-0.058717538694448734,0.07526096535803983,5.260323116094973
pair003,SB,conf009,51.49999999999999,Si,-0.048101785763950744,0.08382105071715595,5.2511751089572325
pair003,SB,conf009,52.0,Si,-0.037487372977122346,0.09244832068855535,5.24194065200858
pair003,SB,conf009,52.50000000000001,Si,-0.026875072196113736,0.10114115759638231,5.232620123209363
pair003,SB,conf009,53.0,Si,-0.0162656393616325,0.10989795949803693,5.223213905076721
pair003,SB,conf009,53.5,Si,-0.005659814991650691,0.11871714042851278,5.2137223847042815
pair003,SB,conf009,54.0,Si,0.004941675337543527,0.12759713061605926,5.204145953782234
pair003,SB,conf009,54.49999999999999,Si,0.015538120527322619,0.1365363766704477,5.194485008617692
pair003,SB,conf009,55.0,Si,0.02612882350914325,0.14553334174510124,5.184739950155404
pair003,SB,conf009,55.5,Si,0.03671310081282386,0.15458650567433585,5.174911183998804
pair003,SB,conf009,56.0,Si,0.04729028215013131,0.16369436508693913,5.164999120431386
pair003,SB,conf009,56.5,Si,0.0578597100131264,0.17285543349726962,5.1550041744384405
pair003,SB,conf009,57.0,Si,0.06842073928673398,0.18206824137505606,5.144926765729123
pair003,SB,conf009,57.5,Si,0.07897273687504058,0.19133133619502218,5.13476731875887
pair003,SB,conf009,58.00000000000001,Si,0.08951508134081565,0.20064328246745267,5.1245262627521875
pair003,SB,conf009,58.5,Si,0.10004716255778101,0.2100026617507742,5.114204031725778
pair003,SB,conf009,58.99999999999999,Si,0.11056838137517033,0.21940807264719187,5.1038010645120355
pair003,SB,conf009,59.5,Si,0.12107814929412242,0.22885813078239003,5.093317804782899
pair003,SB,conf009,59.99999999999999,Si,0.1315758881554907,0.23835146877027702,5.082754701074087
pair003,SB,conf009,60.5,Si,0.14206102983863733,0.24788673616370915,5.07211220680969
pair003,SB,conf009,61.0,Si,0.1525330159708207,0.25746259939210914,5.0613907803271445
pair003,SB,conf009,61.50000000000001,Si,0.16299129764679043,0.26707774168685017,5.050590884902583
pair003,SB,conf009,62.0,Si,0.17343533515819876,0.276730862995233,5.039712988776566
pair003,SB,conf009,62.49999999999999,Si,0.1838645977324922,0.28642067988388464,5.028757565180204
pair003,SB,conf009,63.0,Si,0.1942785632809152,0.29614592543232776,5.0177250923616565
pair003,SB,conf009,63.50000000000001,Si,0.20467671815530286,0.30590534911747436,5.006616053613042
pair003,SB,conf009,64.0,Si,0.21505855691333609,0.3156977166897448,4.995430937297728
pair003,SB,conf009,64.5,Si,0.22542358209194768,0.3255218100414903,4.984170236878022
pair003,SB,conf009,65.0,Si,0.23577130398858048,0.3353764270683548,4.972834450943276
pair003,SB,conf009,65.50000000000001,Si,0.24610124045001092,0.3452603815241997,4.961424083238379
pair003,SB,conf009,66.0,Si,0.25641291666845856,0.3551725028701702,4.949939642692675
pair003,SB,conf009,66.5,Si,0.2667058649847178,0.3651116361184561,4.938381643449286
pair003,SB,conf009,66.99999999999999,Si,0.2769796246980474,0.3750766416712763,4.926750604894847
pair003,SB,conf009,67.5,Si,0.28723374188257966,0.38506639515558594,4.915047051689665
pair003,SB,conf009,68.0,Si,0.2974677692100016,0.3950797872539751,4.903271513798291
pair003,SB,conf009,68.5,Si,0.307681265778291,0.40511572353221914,4.891424526520527
pair003,SB,conf009,69.0,Si,0.3178737969462726,0.41517312426388453,4.879506630522853
pair003,SB,conf009,69.5,Si,0.32804493417379366,0.4252509242524052,4.867518371870281
pair003,SB,conf009,70.0,Si,0.3381942548673087,0.43534807265099773,4.8554603020586455
pair003,SB,conf009,70.49999999999999,Si,0.3483213422306817,0.4454635327807741,4.843332978047327
pair003,SB,conf009,71.0,Si,0.35842578512100887,0.4555962819473802,4.831136962292412
pair003,SB,conf009,71.5,Si,0.3685071779092923,0.46574531125647645,4.818872822780293
pair003,SB,conf009,72.0,Si,0.37856512034577783,0.4759096254283548,4.80654113306171
pair003,SB,conf009,72.5,Si,0.3885992174297952,0.48608824261196504,4.794142472286225
pair003,SB,conf009,73.0,Si,0.3986090792839416,0.496280194198609,4.781677425237168
pair003,SB,conf009,73.50000000000001,Si,0.4085943210324403,0.5064845246355401,4.769146582366993
pair003,SB,conf009,74.0,Si,0.41855456268354363,0.5167002912396963,4.756550539833114
pair003,SB,conf009,74.5,Si,0.4284894290158179,0.5269265640117731,4.743889899534169
pair003,SB,conf009,75.0,Si,0.4383985494681857,0.5371624254508329,4.73116526914675
pair003,SB,conf009,75.5,Si,0.4482815580335793,0.5474069703696214,4.718377262162575
pair003,SB,conf009,75.99999999999999,Si,0.45813809315609455,0.5576593057107757,4.7055264979261135
pair003,SB,conf009,76.5,Si,0.4679677976314991,0.5679185503640551,4.692613601672672
pair003,SB,conf009,77.0,Si,0.47777031851099694,0.5781838349847599,4.6796392045669215
pair003,SB,conf009,77.5,Si,0.4875453070081235,0.58845430181345,4.666603943741885
pair003,SB,conf009,78.0,Si,0.497292418408666,0.5987291044970966,4.65350846233838
pair003,SB,conf009,78.49999999999999,Si,0.5070113119834947,0.6090074079117642,4.640353409544913
pair003,SB,conf009,79.0,Si,0.5167016509042213,0.6192883879869389,4.627139440638018
pair003,SB,conf009,79.5,Si,0.5263631021615656,0.6295712315315776,4.613867217023056
pair003,SB,conf009,80.0,Si,0.5359953364863494,0.639855136061972,4.600537406275466
pair003,SB,conf009,80.49999999999999,Si,0.5455980282730228,0.6501393096314942,4.587150682182445
pair003,SB,conf009,81.0,Si,0.5551708555056367,0.6604229706623024,4.573707724785104
pair003,SB,conf009,81.5,Si,0.5647134996861707,0.6707053477790434,4.560209220421044
pair003,SB,conf009,81.99999999999999,Si,0.5742256457651502,0.6809856796446352,4.546655861767375
pair003,SB,conf009,82.5,Si,0.5837069820744578,0.6912632147981486,4.5330483478842005
pair003,SB,conf009,83.0,Si,0.5931572002622729,0.7015372114948446,4.519387384258492
pair003,SB,conf009,83.50000000000001,Si,0.6025759952300682,0.7118069375483966,4.505673682848435
pair003,SB,conf009,84.0,Si,0.6119630650715882,0.7220716701753258,4.491907962128181
pair003,SB,conf009,84.5,Si,0.6213181110137438,0.7323306958416815,4.478090947133026
pair003,SB,conf009,85.0,Si,0.6306408373593662,0.7425833101119779,4.464223369505001
pair003,SB,conf009,85.5,Si,0.63993095143174,0.7528288175004032,4.45030596753889
pair003,SB,conf009,86.0,Si,0.6491881635208794,0.7630665313243277,4.436339486228631
pair003,SB,conf009,86.5,Si,0.6584121868314659,0.7732957735600954,4.422324677314128
pair003,SB,conf009,87.0,Si,0.6676027374324078,0.7835158747011228,4.408262299328458
pair003,SB,conf009,87.49999999999999,Si,0.6767595342079626,0.7937261736182994,4.394153117645445
pair003,SB,conf009,88.0,Si,0.685882298810369,0.8039260174226885,4.379997904527624
pair003,SB,conf009,88.5,Si,0.6904866753946572,0.8141147613305206,4.365797439174562
pair003,SB,conf009,89.00000000000001,Si,0.6815531373831554,0.8242917685304822,4.3515525077715385
pair003,SB,conf009,89.5,Si,0.6725805497580917,0.8344564100532794,4.337263903538567
pair003,SB,conf009,90.0,Si,0.6635691549981397,0.8446080646434748,4.322932426779754
pair003,SB,conf009,90.5,Si,0.6545191977300242,0.8547461186335779,4.308558884932978
pair003,SB,conf009,91.0,Si,0.6454309247573653,0.8648699658203729,4.294144092619877
pair003,SB,conf009,91.5,Si,0.6363045850904536,0.8749790073434756,4.279688871696138
pair003,SB,conf009,91.99999999999999,Si,0.6271404299769794,0.8850726515660916,4.265194051302059
pair003,SB,conf009,92.5,Si,0.617938712933747,0.8951503139579617,4.250660467913377
pair003,SB,conf009,92.99999999999999,Si,0.6086996897794259,0.9052114169804673,4.236088965392364
pair003,SB,conf009,93.50000000000001,Si,0.5994236186683464,0.9152553899738873,4.22148039503913
pair003,SB,conf009,94.0,Si,0.5901107601253981,0.9155710571531592,4.206835615643158
pair003,SB,conf009,94.5,Si,0.5807613770820612,0.9005937389425622,4.192155493535033
pair003,SB,conf009,95.0,Si,0.5713757349136059,0.8855755091227342,4.177440902638349
pair003,SB,conf009,95.5,Si,0.5619541014775093,0.8705168043535949,4.16269272452176
pair003,SB,conf009,96.0,Si,0.5524967471531246,0.8554180660296529,4.147911848451182
pair003,SB,conf009,96.5,Si,0.5430039448826511,0.8402797404016533,4.133099171442089
pair003,SB,conf009,97.0,Si,0.5334759702134495,0.8251022787032405,4.118255598311912
pair003,SB,conf009,97.49999999999999,Si,0.5239131013417448,0.8098861372828658,4.103382041732473
pair003,SB,conf009,98.0,Si,0.5143156191577762,0.7946317777411906,4.088479422282477
pair003,SB,conf009,98.49999999999999,Si,0.504683807292442,0.7793396670742341,4.073548668500003
pair003,SB,conf009,99.00000000000001,Si,0.4950179521654763,0.7640102778225202,4.058590716934953
pair003,SB,conf009,99.5,Si,0.4853183430352461,0.7486440882265375,4.043606512201478
pair003,SB,conf009,100.0,Si,0.47558527205018764,0.7332415823887659,4.02859700703028
pair003,SB,conf009,100.50000000000001,Si,0.46581903430197813,0.7178032504426171,4.013563162320818
pair003,SB,conf009,101.0,Si,0.4560199278804731,0.7023295887285952,3.998505947193357
pair003,SB,conf009,101.5,Si,0.4461882539304953,0.6868210999780329,3.9834263390407965
pair003,SB,conf009,101.99999999999999,Si,0.43632431671053795,0.671278293504763,3.9683253235803106
pair003,SB,conf009,102.5,Si,0.42642842365344236,0.655701685405109,3.953203894904673
pair003,SB,conf009,102.99999999999999,Si,0.4165008854291312,0.6400917987666024,3.938063055533291
pair003,SB,conf009,103.49999999999999,Si,0.40654201600947437,0.6244491638858436,3.922903816462887
pair003,SB,conf009,104.0,Si,0.3965521327353614,0.6087743184959702,3.9077271972177496
pair003,SB,conf009,104.5,Si,0.38653155638606074,0.5930678080041913,3.892534225899572
pair003,SB,conf009,105.00000000000001,Si,0.37648061125095356,0.5773301857398978,3.8773259392367527
pair003,SB,conf009,105.5,Si,0.36639962520373603,0.5615620132138746,3.8621033826331765
pair003,SB,conf009,106.0,Si,0.3562889297791687,0.5457638603891664,3.8468676102163744
pair003,SB,conf009,106.5,Si,0.3461488602524818,0.5299363059641957,3.8316196848850255
pair003,SB,conf009,107.0,Si,0.33597975572152916,0.5140799376687439,3.8163606783557538
pair003,SB,conf009,107.49999999999999,Si,0.325781959191797,0.49819535257345904,3.8010399865701276
pair003,SB,conf009,108.0,Si,0.3155558176643758,0.48228315741357775,3.785400832812234
pair003,SB,conf009,108.5,Si,0.3053016822270058,0.466343968927607,3.7694084915316126
pair003,SB,conf009,108.99999999999999,Si,0.2950199081483158,0.45037841421172176,3.7530634893156267
pair003,SB,conf009,109.50000000000001,Si,0.28471085497537674,0.43438713109071725,3.736366392234286
pair003,SB,conf009,110.0,Si,0.27437488663470067,0.41837076850637467,3.719317805771715
pair003,SB,conf009,110.50000000000001,Si,0.2640123715368059,0.40232998692415456,3.701918374761894
pair003,SB,conf009,111.0,Si,0.25362368268450597,0.3862654587591978,3.6841687833287975
pair003,SB,conf009,111.5,Si,0.24320919778504613,0.3701778688226598,3.666069754831137
pair003,SB,conf009,112.0,Si,0.23276929936625446,0.35406791478946276,3.6476220518118336
pair003,SB,conf009,112.5,Si,0.22230437489685162,0.33793630768862415,3.628826475952478
pair003,SB,conf009,113.0,Si,0.21181481691108894,0.3217837724173809,3.6096838680329113
pair003,SB,conf009,113.49999999999999,Si,0.2013010231378849,0.3056110482804051,3.5901951078962058
pair003,SB,conf009,114.0,Si,0.19076339663463115,0.2894188895554821,3.5703611144192435
pair003,SB,conf009,114.49999999999999,Si,0.1802023459258646,0.273208066087111,3.5501828454891586
pair003,SB,conf009,115.0,Si,0.16961828514698252,0.25697936390955567,3.529661297985895
pair003,SB,conf009,115.50000000000001,Si,0.1590116341932164,0.2407335859010027,3.5087975077711673
pair003,SB,conf009,116.00000000000001,Si,0.14838281887406657,0.22447155247054296,3.487592549684139
pair003,SB,conf009,116.5,Si,0.1377322710734108,0.20819410227982282,3.466047537544101
pair003,SB,conf009,117.0,Si,0.12706042891553282,0.19190209300132777,3.4441636241605402
pair003,SB,conf009,117.5,Si,0.11636773693728686,0.17559640211535643,3.421942001350907
pair003,SB,conf009,117.99999999999999,Si,0.10565464626665921,0.15927792774789018,3.3986447364387065
pair003,SB,conf009,118.50000000000001,Si,0.09492161480798345,0.14294758955170006,3.35656670413407
pair003,SB,conf009,119.0,Si,0.0841691074340778,0.12660632963316454,3.3141887192085395
pair003,SB,conf009,119.5,Si,0.07339759618558128,0.11025511352742656,3.271513919872411
pair003,SB,conf009,119.99999999999999,Si,0.06260756047779203,0.09389493122469328,3.228545486413978
pair003,SB,conf009,120.50000000000001,Si,0.05179948731530404,0.07752679825064845,3.1852866418797063
pair003,SB,conf009,121.0,Si,0.04097387151477094,0.06115175680412599,3.1417406528202934
pair003,SB,conf009,121.5,Si,0.030131215936116895,0.04477087695538651,3.097910830108207
pair003,SB,conf009,122.0,Si,0.019272031722559202,0.02838525790857771,3.0538005298328903
pair003,SB,conf009,122.49999999999999,Si,0.008396838549785013,0.011996029332129732,3.0094131542803835
pair003,SB,conf009,123.00000000000001,Si,-0.00439564723889041,-0.00439564723889041,2.9647521530047936
pair003,SB,conf009,123.5,Si,-0.02078857692419578,-0.02078857692419578,2.919821023999787
pair003,SB,conf009,124.0,Si,-0.03718152993896395,-0.03718152993896395,2.8746233149790923
pair003,SB,conf009,124.49999999999999,Si,-0.053573239948971896,-0.053573239948971896,2.8291626247759245
pair003,SB,conf009,124.99999999999999,Si,-0.06996240233508111,-0.06996240233508111,2.7834426048722936
pair003,SB,conf009,125.5,Si,-0.08634767236168117,-0.08634767236168117,2.737466961070246
pair003,SB,conf009,126.0,Si,-0.10272766324332361,-0.10272766324332361,2.6912394553184384
pair003,SB,conf009,126.5,Si,-0.11910094410349448,-0.11910094410349448,2.6447639077088008
pair003,SB,conf009,127.00000000000001,Si,-0.13546603781904465,-0.13546603781904465,2.5980441986597445
pair003,SB,conf009,127.50000000000001,Si,-0.15182141874345612,-0.15182141874345612,2.5510842713041066
pair003,SB,conf009,128.0,Si,-0.16816551030171367,-0.16816551030171367,2.50388813410206
pair003,SB,conf009,128.5,Si,-0.18449668244909923,-0.18449668244909923,2.4564598637015704
pair003,SB,conf009,129.0,Si,-0.20081324898584008,-0.20081324898584008,2.4088036080714783
pair003,SB,conf009,129.49999999999997,Si,-0.21711347312608287,-0.21711347312608287,2.360923589935286
pair003,SB,conf009,130.0,Si,-0.23344596611272017,-0.23344596611272017,2.3128241105369334
pair003,SB,conf009,130.5,Si,-0.2498565133955668,-0.2498565133955668,2.264509553773709
pair003,SB,conf009,131.00000000000003,Si,-0.2663428632041891,-0.2663428632041891,2.2159843907355645
pair003,SB,conf009,131.5,Si,-0.2829027039886971,-0.2829027039886971,2.16725318469505
pair003,SB,conf009,132.0,Si,-0.299533661185712,-0.299533661185712,2.118320596597461
pair003,SB,conf009,132.5,Si,-0.3162332937316643,-0.3162332937316643,2.0691913911072044
pair003,SB,conf009,133.0,Si,-0.3329990903016371,-0.3329990903016371,2.0198704432734447
pair003,SB,conf009,133.5,Si,-0.34982846524986244,-0.34982846524986244,1.9703627458863668
pair003,SB,conf009,133.99999999999997,Si,-0.3667187542256998,-0.3667187542256998,1.920673417604801
pair003,SB,conf009,134.5,Si,-0.38366720943644106,-0.38366720943644106,1.8708077119467938
pair003,SB,conf009,135.0,Si,-0.40067099452548605,-0.40067099452548605,1.820771027247171
pair003,SB,conf009,135.5,Si,-0.4177271790314683,-0.4177271790314683,1.7705689177005042
pair003,SB,conf009,136.0,Si,-0.43483273239046727,-0.43483273239046727,1.7202071056246184
pair003,SB,conf009,136.5,Si,-0.45198451743986334,-0.45198451743986334,1.6696914950989463
pair003,SB,conf009,137.0,Si,-0.46917928337828707,-0.46917928337828707,1.6190281871544723
pair003,SB,conf009,137.5,Si,-0.4864136581316747,-0.4864136581316747,1.5682234967180915
pair003,SB,conf009,138.0,Si,-0.5036841400706082,-0.5036841400706082,1.5172839715444721
pair003,SB,conf009,138.5,Si,-0.5209870890186947,-0.5209870890186947,1.4662164134041273
pair003,SB,conf009,139.0,Si,-0.5383187164859431,-0.5383187164859431,1.4150279018378493
pair003,SB,conf009,139.5,Si,-0.5556750750546495,-0.5556750750546495,1.36372582083658
pair003,SB,conf009,140.0,Si,-0.573052046838308,-0.573052046838308,1.3123178888631661
pair003,SB,conf009,140.5,Si,-0.5904453309264777,-0.5904453309264777,1.2608121927002232
pair003,SB,conf009,140.99999999999997,Si,-0.6078504297202507,-0.6078504297202507,1.2092172256884528
pair003,SB,conf009,141.5,Si,-0.6252626340540584,-0.6252626340540584,1.1575419310147546
pair003,SB,conf009,142.0,Si,-0.6426770069899312,-0.6426770069899312,1.1057957508222607
pair003,SB,conf009,142.50000000000003,Si,-0.6600883661601094,-0.6600883661601094,1.053988682048877
pair003,SB,conf009,143.0,Si,-0.6774912645229245,-0.6774912645229245,1.002131340061412
pair003,SB,conf009,143.5,Si,-0.6948799693855183,-0.6948799693855183,0.9502350313443422
pair003,SB,conf009,144.0,Si,-0.712248439534951,-0.712248439534951,0.8983118367328344
pair003,SB,conf009,144.5,Si,-0.7295903003071461,-0.7295903003071461,0.8463747069565632
pair003,SB,conf009,145.0,Si,-0.7468988164108838,-0.7468988164108838,0.7944375725947774
pair003,SB,conf009,145.49999999999997,Si,-0.7641668623122059,-0.7641668623122059,0.7425154709461204
pair003,SB,conf009,146.0,Si,-0.7813868899735564,-0.7813868899735564,0.6906246928043875
pair003,SB,conf009,146.5,Si,-0.7985508937325073,-0.7985508937325073,0.6387829527220366
pair003,SB,conf009,147.00000000000003,Si,-0.8156503720977568,-0.8156503720977568,0.5870095870599679
pair003,SB,conf009,147.5,Si,-0.8326762862365983,-0.8326762862365983,0.5353257849919519
pair003,SB,conf009,148.0,Si,-0.849619014929623,-0.849619014929623,0.4837548586882183
pair003,SB,conf009,148.5,Si,-0.8664683057770628,-0.8664683057770628,0.43232256018439097
pair003,SB,conf009,149.0,Si,-0.8832132224594705,-0.8832132224594705,0.38105745399402924
pair003,SB,conf009,149.5,Si,-0.8998420878864473,-0.8998420878864473,0.3299913563974852
pair003,SB,conf009,150.0,Si,-0.9163424231149244,-0.9163424231149244,0.2791598545909799
pair003,SB,conf009,150.5,Si,-0.9327008819879479,-0.9327008819879479,0.22860292156261908
pair003,SB,conf009,151.0,Si,-0.948903181542076,-0.948903181542076,0.17836564572014257
pair003,SB,conf009,151.5,Si,-0.9649340283634698,-0.9649340283634698,0.1284990979457037
pair003,SB,conf009,151.99999999999997,Si,-0.9807770412482749,-0.9807770412482749,0.07906136285360721
pair003,SB,conf009,152.5,Si,-0.9964146707517012,-0.9964146707517012,0.03011876542559433
pair003,SB,conf009,153.0,Si,-1.0118281165035237,-1.0118281165035237,-0.01825267145643461
pair003,SB,conf009,153.5,Si,-1.0269972435376933,-1.0269972435376933,-0.06596549946050567
pair003,SB,conf009,154.0,Si,-1.0419004993426189,-1.0419004993426189,-0.11291880652010255
pair003,SB,conf009,154.5,Si,-1.0565148338983312,-1.0565148338983312,-0.1589958296668592
pair003,SB,conf009,155.0,Si,-1.0708156256361818,-1.0708156256361818,-0.20406119113538557
pair003,SB,conf009,155.5,Si,-1.0847766170402608,-1.0847766170402608,-0.24795775357353578
pair003,SB,conf009,156.0,Si,-1.0983698645031361,-1.0983698645031361,-0.2905031357493114
pair003,SB,conf009,156.49999999999997,Si,-1.1115657080342731,-1.1115657080342731,-0.33148600962203956
pair003,SB,conf009,156.99999999999997,Si,-1.1243327674612087,-1.1243327674612087,-0.3706624285292217
pair003,SB,conf009,157.5,Si,-1.1366379727989668,-1.1366379727989668,-0.40775263124389083
pair003,SB,conf009,158.0,Si,-1.1484466373973001,-1.1484466373973001,-0.4424390388641143
pair003,SB,conf009,158.5,Si,-1.1597225831741982,-1.1597225831741982,-0.47436650134178526
pair003,SB,conf009,159.0,Si,-1.1704283275322114,-1.1704283275322114,-0.5031462016611137
pair003,SB,conf009,159.5,Si,-1.1805253412173329,-1.1805253412173329,-0.5283648513309543
pair003,SB,conf009,160.0,Si,-1.189974385178683,-1.189974385178683,-0.5496006715064944
pair003,SB,conf009,160.5,Si,-1.1987359321822,-1.1987359321822,-0.5664468444305923
pair003,SB,conf009,160.99999999999997,Si,-1.2067706753273075,-1.2067706753273075,-0.5785414256513106
pair003,SB,conf009,161.5,Si,-1.2140401206185363,-1.2140401206185363,-0.5856002899516243
pair003,SB,conf009,162.0,Si,-1.220507254430696,-1.220507254430696,-0.5874473323190444
pair003,SB,conf009,162.5,Si,-1.2261372693891985,-1.2261372693891985,-0.5840351521601845
pair003,SB,conf009,163.0,Si,-1.2308983244575906,-1.2308983244575906,-0.5754508812733362
pair003,SB,conf009,163.5,Si,-1.23476230774756,-1.23476230774756,-0.5619055563310772
pair003,SB,conf009,163.99999999999997,Si,-1.2377055648063404,-1.2377055648063404,-0.5437099215250469
pair003,SB,conf009,164.5,Si,-1.2397095520025707,-1.2397095520025707,-0.5212427051084032
pair003,SB,conf009,165.0,Si,-1.240761375062077,-1.240761375062077,-0.4949180661582554
pair003,SB,conf009,165.5,Si,-1.2502329651196857,-1.2502329651196857,-0.46515736820542497
pair003,SB,conf009,166.0,Si,-1.278225501542225,-1.278225501542225,-0.4323679439683158
pair003,SB,conf009,166.5,Si,-1.3056997226515679,-1.3056997226515679,-0.39692926193523714
pair003,SB,conf009,167.00000000000003,Si,-1.3325305511692473,-1.3325305511692473,-0.3591854814829961
pair003,SB,conf009,167.5,Si,-1.3585576416155822,-1.3585576416155822,-0.3194428045799832
pair003,SB,conf009,168.0,Si,-1.3835741863023578,-1.3835741863023578,-0.27797003230671113
pair003,SB,conf009,168.49999999999997,Si,-1.4073128334119218,-1.4073128334119218,-0.23500101787129235
pair003,SB,conf009,169.0,Si,-1.429429305269186,-1.429429305269186,-0.21352224537820108
pair003,SB,conf009,169.5,Si,-1.4494864091514643,-1.4494864091514643,-0.2398479208263662
pair003,SB,conf009,170.0,Si,-1.466945355055364,-1.466945355055364,-0.27812165720301985
pair003,SB,conf009,170.49999999999997,Si,-1.4811777859400177,-1.4811777859400177,-0.31598601041837027
pair003,SB,conf009,171.0,Si,-1.491517396302729,-1.491517396302729,-0.35340370251238107
pair003,SB,conf009,171.50000000000003,Si,-1.4973642525261854,-1.4973642525261854,-0.39033487405203715
pair003,SB,conf009,172.0,Si,-1.4983254970151303,-1.4983254970151303,-0.4267369101330407
pair003,SB,conf009,172.5,Si,-1.4943323429325481,-1.4943323429325481,-0.46256426530673544
pair003,SB,conf009,173.0,Si,-1.48566260958639,-1.48566260958639,-0.4977682910787573
pair003,SB,conf009,173.5,Si,-1.4728534614695745,-1.4728534614695745,-0.532297070747709
pair003,SB,conf009,174.0,Si,-1.4565607819730464,-1.4565607819730464,-0.566095267679837
pair003,SB,conf009,174.5,Si,-1.4374364575505354,-1.4374364575505354,-0.599103994654758
pair003,SB,conf009,174.99999999999997,Si,-1.4160569753855314,-1.4160569753855314,-0.6312607136553694
pair003,SB,conf009,175.5,Si,-1.3928984458331406,-1.3928984458331406,-0.6624991773764595
pair003,SB,conf009,176.0,Si,-1.3683392766194675,-1.3683392766194675,-0.6927494257196165
pair003,SB,conf009,176.5,Si,-1.3426744780133468,-1.3426744780133468,-0.7219378525098517
pair003,SB,conf009,177.0,Si,-1.316132387735243,-1.316132387735243,-0.7499873594355941
pair003,SB,conf009,177.5,Si,-1.2888897880951165,-1.2888897880951165,-0.7768176155350812
pair003,SB,conf009,178.00000000000003,Si,-1.2610842108744293,-1.2610842108744293,-0.8023454411116995
pair003,SB,conf009,178.5,Si,-1.2328234617979545,-1.2328234617979545,-0.8264853343749268
pair003,SB,conf009,179.0,Si,-1.2041928145933103,-1.2041928145933103,-0.8491501569427915
pair003,SB,conf009,179.49999999999997,Si,-1.1752603876410594,-1.1752603876410594,-0.8702519901742369
pair003,SB,conf009,180.0,Si,-1.146081151836987,-1.146081151836987,-0.8897031677619187
pair003,SB,conf009,180.5,Si,-1.116699924359113,-1.116699924359113,-0.9074174809070241
pair003,SB,conf009,181.0,Si,-1.0871536158509885,-1.0871536158509885,-0.9233115407966275
pair003,SB,conf009,181.5,Si,-1.0574729281973205,-1.0574729281973205,-0.9373062694812735
pair003,SB,conf009,182.0,Re,-1.0390196758324124,-1.0276836467365993,-0.9493284755534512
pair003,SB,conf009,182.50000000000003,Re,-1.039413592646749,-0.9978076315271267,-0.9593124566929427
pair003,SB,conf009,183.0,Re,-1.039525299675712,-0.9678635838468396,-0.9672015590062335
pair003,SB,conf009,183.5,Re,-1.0393546452591989,-0.9729496151519765,-0.9729496151519765
pair003,SB,conf009,183.99999999999997,Re,-1.0389018610470657,-0.9765221813555636,-0.9765221813555636
pair003,SB,conf009,184.5,Re,-1.038167560516742,-0.9778974988485263,-0.9778974988485263
pair003,SB,conf009,185.0,Re,-1.0371527350599283,-1.011067290656054,-1.011067290656054
pair003,SB,conf009,185.5,Re,-1.0528507774818279,-1.0528507774818279,-1.0528507774818279
pair003,SB,conf009,185.99999999999997,Re,-1.0917778904696305,-1.0917778904696305,-1.0917778904696305
pair003,SB,conf009,186.5,Re,-1.1272535703598232,-1.1272535703598232,-1.1272535703598232
pair003,SB,conf009,187.00000000000003,Re,-1.158587723412026,-1.158587723412026,-1.158587723412026
pair003,SB,conf009,187.5,Re,-1.1850140020432534,-1.1850140020432534,-1.1850140020432534
pair003,SB,conf009,188.0,Re,-1.20573638079165,-1.20573638079165,-1.20573638079165
pair003,SB,conf009,188.5,Re,-1.2200092223627104,-1.2200092223627104,-1.2200092223627104
pair003,SB,conf009,189.0,Re,-1.2272437563442793,-1.2272437563442793,-1.2272437563442793
pair003,SB,conf009,189.5,Re,-1.2271147309216497,-1.2271147309216497,-1.2271147309216497
pair003,SB,conf009,190.0,Re,-1.2196281162499092,-1.2196281162499092,-1.2196281162499092
pair003,SB,conf009,190.49999999999997,Re,-1.205119804670883,-1.205119804670883,-1.205119804670883
pair003,SB,conf009,191.0,Re,-1.184185918724436,-1.184185918724436,-1.184185918724436
pair003,SB,conf009,191.49999999999997,Re,-1.1575755347638395,-1.1575755347638395,-1.1575755347638395
pair003,SB,conf009,192.0,Re,-1.1260847960145994,-1.1260847960145994,-1.1260847960145994
pair003,SB,conf009,192.5,Re,-1.0904779931091015,-1.0904779931091015,-1.0904779931091015
pair003,SB,conf009,193.0,Re,-1.0514420964873068,-1.0514420964873068,-1.0514420964873068
pair003,SB,conf009,193.50000000000003,Re,-1.009568769876072,-1.009568769876072,-1.009568769876072
pair003,SB,conf009,194.0,Re,-0.9740010894768152,-0.9653540700871316,-0.9653540700871316
pair003,SB,conf009,194.5,Re,-0.9682542007990674,-0.9192073256673611,-0.9192073256673611
pair003,SB,conf009,194.99999999999997,Re,-0.9623043434960781,-0.8714635043000649,-0.8714635043000649
pair003,SB,conf009,195.5,Re,-0.9561568356167487,-0.8223958827397256,-0.8223958827397256
pair003,SB,conf009,196.0,Re,-0.9498169984724046,-0.7722275238329915,-0.7722275238329915
pair003,SB,conf009,196.5,Re,-0.9432901427574674,-0.7211410384686163,-0.7211410384686163
pair003,SB,conf009,196.99999999999997,Re,-0.9365815557593518,-0.6692866021653321,-0.6692866021653321
pair003,SB,conf009,197.5,Re,-0.929696489656972,-0.6167884084715998,-0.6167884084715998
pair003,SB,conf009,198.00000000000003,Re,-0.922640150895323,-0.5637498078865459,-0.5637498078865459
pair003,SB,conf009,198.5,Re,-0.9154176906133054,-0.5102573789838942,-0.5102573789838942
pair003,SB,conf009,199.0,Re,-0.9080341960933275,-0.4563841488743079,-0.4563841488743079
pair003,SB,conf009,199.49999999999997,Re,-0.9004946831941336,-0.4021921431913824,-0.4021921431913824
pair003,SB,conf009,200.0,Re,-0.8928040897226425,-0.371784923179324,-0.371784923179324
pair003,SB,conf009,200.5,Re,-0.8849672696963493,-0.3534972281232749,-0.3534972281232749
pair003,SB,conf009,201.00000000000003,Re,-0.8769889884447466,-0.3388060108583013,-0.3316638392109075
pair003,SB,conf009,201.49999999999997,Re,-0.8688739184962913,-0.34298271503716626,-0.30655078469637287
pair003,SB,conf009,202.0,Re,-0.8606266361964059,-0.34698383113749287,-0.27843315980064864
pair003,SB,conf009,202.49999999999997,Re,-0.8522516190018818,-0.3508068089870826,-0.24758486664368162
pair003,SB,conf009,203.0,Re,-0.8437532433975182,-0.35444918609596643,-0.21427081225569655
pair003,SB,conf009,203.5,Re,-0.8351357833820158,-0.35790859246666185,-0.17874151335703137
pair003,SB,conf009,203.99999999999997,Re,-0.8264034094716854,-0.36118275532784927,-0.14122980269790775
pair003,SB,conf009,204.5,Re,-0.8175601881725271,-0.364269503770549,-0.10194921802656043
pair003,SB,conf009,205.0,Re,-0.8086100818734898,-0.36716677326554836,-0.06109364182920296
pair003,SB,conf009,205.50000000000003,Re,-0.799556949116178,-0.3698726100407632,-0.0188378058996439
pair003,SB,conf009,205.99999999999997,Re,-0.7904045451988854,-0.37238517529722426,0.024661653716989473
pair003,SB,conf009,206.5,Re,-0.7811565230755032,-0.37470274924264,0.06926483048070464
pair003,SB,conf009,206.99999999999997,Re,-0.7718164345125954,-0.3768237349218657,0.11484704127597345
pair003,SB,conf009,207.5,Re,-0.7623877314705825,-0.3787466618242097,0.16129729680205962
pair003,SB,conf009,208.0,Re,-0.7528737676776969,-0.38047018924828,0.2085168226042251
pair003,SB,conf009,208.5,Re,-0.7432778003678949,-0.3819931094060256,0.2564176743200075
pair003,SB,conf009,209.0,Re,-0.7336029921564328,-0.38331435024875526,0.30492146945599363
pair003,SB,conf009,209.5,Re,-0.7238524130291907,-0.3844329779992177,0.35395824385971064
pair003,SB,conf009,210.00000000000003,Re,-0.7140290424240797,-0.3853481993753052,0.40346543207377494
pair003,SB,conf009,210.49999999999997,Re,-0.7041357713849888,-0.3860593634925187,0.45338696541046586
pair003,SB,conf009,211.0,Re,-0.6941754047707411,-0.3865659634341243,0.5036724786988886
pair003,SB,conf009,211.5,Re,-0.6841506635033927,-0.3868676374797433,0.5542766153864402
pair003,SB,conf009,212.0,Re,-0.6740641868419037,-0.3869641699851212,0.6051584204263278
pair003,SB,conf009,212.5,Re,-0.6639185346688627,-0.38685549190783286,0.6562808107445401
pair003,SB,conf009,213.0,Re,-0.6537161897793622,-0.38654168097579156,0.7076101137812596
pair003,SB,conf009,213.50000000000003,Re,-0.6434595601625115,-0.3860229614975481,0.7591156654655471
pair003,SB,conf009,214.0,Re,-0.633150981267284,-0.3852997038155215,0.8107694598973028
pair003,SB,conf009,214.50000000000003,Re,-0.622792718245512,-0.38437242340541733,0.8625458439095504
pair003,SB,conf009,214.99999999999997,Re,-0.6123869681658978,-0.38324177962719697,0.9144212505291673
pair003,SB,conf009,215.5,Re,-0.6019358621937554,-0.38190857413497836,0.966373966126443
pair003,SB,conf009,216.0,Re,-0.5914414677321151,-0.38037374895522813,1.0183839267355654
pair003,SB,conf009,216.50000000000003,Re,-0.5809057905204844,-0.3786383842444325,1.0704325396400118
pair003,SB,conf009,217.0,Re,-0.5703307766882852,-0.37670369573920137,1.1225025268521633
pair003,SB,conf009,217.5,Re,-0.5597183147605354,-0.37457103191333596,1.1745777875822296
pair003,SB,conf009,217.99999999999997,Re,-0.5490702376139152,-0.37224187085786165,1.2266432771940872
pair003,SB,conf009,218.5,Re,-0.5383883243817729,-0.369717816901308,1.2786849004930676
pair003,SB,conf009,219.00000000000003,Re,-0.5276743023070973,-0.3670005969886476,1.3183472553593722
pair003,SB,conf009,219.49999999999997,Re,-0.5169298485427856,-0.364092056838238,1.3445280102113484
pair003,SB,conf009,220.0,Re,-0.5061565918988995,-0.3609941568968871,1.3714483106389987
pair003,SB,conf009,220.5,Re,-0.4953561145368641,-0.35770896811371933,1.3990781983010556
pair003,SB,conf009,221.00000000000003,Re,-0.48452995361078344,-0.3542386675539364,1.4273881279027159
pair003,SB,conf009,221.5,Re,-0.4736796028562851,-0.35058553387376046,1.4563490250905253
pair003,SB,conf009,222.0,Re,-0.4628065141274551,-0.34675194267790155,1.4859323358199024
pair003,SB,conf009,222.49999999999997,Re,-0.45191209888260375,-0.34274036178076805,1.516110067746909
pair003,SB,conf009,223.0,Re,-0.4409977296196774,-0.3385533463923265,1.5468548242263103
pair003,SB,conf009,223.5,Re,-0.43006474126231375,-0.33419353424912956,1.578139831512771
pair003,SB,conf009,224.0,Re,-0.41911443249753555,-0.3296636407104221,1.6099389597643723
pair003,SB,conf009,224.5,Re,-0.4081480670662214,-0.3249664538385715,1.6422267384389204
pair003,SB,conf009,225.0,Re,-0.3971668750074999,-0.3201048294822679,1.6749783666567228
pair003,SB,conf009,225.50000000000003,Re,-0.386172053858276,-0.3150816863800341,1.708169719079834
pair003,SB,conf009,226.0,Re,-0.37516476980912494,-0.30990000130063344,1.741777347829441
pair003,SB,conf009,226.5,Re,-0.3641461588178003,-0.3045628042359123,1.775778480931305
pair003,SB,conf009,226.99999999999997,Re,-0.3531173276816375,-0.2990731736605323,1.8101510177452005
pair003,SB,conf009,227.5,Re,-0.34207935507009624,-0.29343423187191786,1.8448735217995196
pair003,SB,conf009,228.0,Re,-0.3310332925187429,-0.28764914042259604,1.8799252114168767
pair003,SB,conf009,228.5,Re,-0.31998016538590046,-0.2817210956559435,1.9152859484821285
pair003,SB,conf009,228.99999999999997,Re,-0.30892097377323724,-0.27565332435519485,1.9509362256704101
pair003,SB,conf009,229.49999999999997,Re,-0.29785669341150656,-0.26944907951439423,1.9868571524207674
pair003,SB,conf009,230.0,Re,-0.2867882765126617,-0.26311163623887923,2.0230304399103316
pair003,SB,conf009,230.5,Re,-0.27571665258953026,-0.25664428778173765,2.0594383852555165
pair003,SB,conf009,231.00000000000003,Re,-0.2646427292441984,-0.25005034172162843,2.096063855140061
pair003,SB,conf009,231.5,Re,-0.2535673929262652,-0.24333311628633725,2.1328902690452196
pair003,SB,conf009,232.00000000000003,Re,-0.24249150966204502,-0.23649593682544023,2.169901582234944
pair003,SB,conf009,232.5,Re,-0.23141592575583037,-0.22954213243453991,2.2070822686283416
pair003,SB,conf009,233.0,Re,-0.2224750327326419,-0.2224750327326419,2.2444173036732833
pair003,SB,conf009,233.49999999999997,Re,-0.21529796479345786,-0.21529796479345786,2.28189214731814
pair003,SB,conf009,234.0,Re,-0.20801425023062659,-0.20801425023062659,2.3194927271638424
pair003,SB,conf009,234.49999999999997,Re,-0.20062720243619214,-0.20062720243619214,2.3572054218649114
pair003,SB,conf009,235.0,Re,-0.19314012397100067,-0.19314012397100067,2.3950170448364476
pair003,SB,conf009,235.5,Re,-0.18555630410514334,-0.18555630410514334,2.432914828313372
pair003,SB,conf009,235.99999999999997,Re,-0.17787901650603,-0.17787901650603,2.470886407799192
pair003,SB,conf009,236.5,Re,-0.17011151707121996,-0.17011151707121996,2.5089198069333767
pair003,SB,conf009,237.00000000000003,Re,-0.16225704190276868,-0.16225704190276868,2.547003422799377
pair003,SB,conf009,237.49999999999997,Re,-0.1543188054194462,-0.1543188054194462,2.5851260116893355
pair003,SB,conf009,238.0,Re,-0.14629999860292808,-0.14629999860292808,2.623276675336175
pair003,SB,conf009,238.50000000000003,Re,-0.13820378737379735,-0.13820378737379735,2.6614448476192134
pair003,SB,conf009,239.0,Re,-0.130033311092979,-0.130033311092979,2.6996202817457267
pair003,SB,conf009,239.5,Re,-0.1217809651676327,-0.1217809651676327,2.737793037907518
pair003,SB,conf009,239.99999999999997,Re,-0.11343336223452094,-0.11343336223452094,2.775953471408779
pair003,SB,conf009,240.5,Re,-0.10499248404876815,-0.10499248404876815,2.8140922212594237
pair003,SB,conf009,241.00000000000003,Re,-0.09646044127840203,-0.09646044127840203,2.852200199225928
pair003,SB,conf009,241.5,Re,-0.08783932588807564,-0.08783932588807564,2.8902685793304546
pair003,SB,conf009,242.0,Re,-0.07913121041927118,-0.07913121041927118,2.928288787787613
pair003,SB,conf009,242.49999999999997,Re,-0.07033814733500021,-0.07033814733500021,2.958816752517492
pair003,SB,conf009,243.0,Re,-0.06146216842646046,-0.06146216842646046,2.986944724280671
pair003,SB,conf009,243.49999999999997,Re,-0.0525052842791669,-0.0525052842791669,3.0147636665729514
pair003,SB,conf009,244.0,Re,-0.04346948379597859,-0.04346948379597859,3.0422716604699747
pair003,SB,conf009,244.5,Re,-0.0343567337745283,-0.0343567337745283,3.069466828344597
pair003,SB,conf009,244.99999999999997,Re,-0.02516897853650857,-0.02516897853650857,3.0963473336086786
pair003,SB,conf009,245.5,Re,-0.015908139606332083,-0.015908139606332083,3.1229113804751027
pair003,SB,conf009,246.00000000000003,Re,-0.0065761154367123265,-0.0065761154367123265,3.1491572137388792
pair003,SB,conf009,246.50000000000003,Re,0.0028252188212771756,0.0028252188212771756,3.175083118576372
pair003,SB,conf009,247.0,Re,0.012294011506023272,0.012294011506023272,3.200687420361573
pair003,SB,conf009,247.50000000000003,Re,0.021828434593406998,0.021828434593406998,3.2259684844986123
pair003,SB,conf009,248.0,Re,0.031426683807311395,0.031426683807311395,3.25092471626952
pair003,SB,conf009,248.5,Re,0.04108697869481581,0.04108697869481581,3.2755545606965577
pair003,SB,conf009,248.99999999999997,Re,0.050807562668209405,0.050807562668209405,3.2998565024182365
pair003,SB,conf009,249.5,Re,0.060586703015910626,0.060586703015910626,3.323829065578406
pair003,SB,conf009,249.99999999999997,Re,0.07042269088427666,0.07042269088427666,3.3474708137276523
pair003,SB,conf009,250.5,Re,0.0803138412322637,0.0803138412322637,3.370780349736443
pair003,SB,conf009,251.0,Re,0.09025849276076592,0.09025849276076592,3.393756315719368
pair003,SB,conf009,251.49999999999997,Re,0.10025500781845609,0.10025500781845609,3.416397392969951
pair003,SB,conf009,252.0,Re,0.11030177228581728,0.11030177228581728,3.4387023019054825
pair003,SB,conf009,252.49999999999997,Re,0.1203971954390155,0.1203971954390155,3.4606698020213735
pair003,SB,conf009,253.0,Re,0.13053970979519458,0.13053970979519458,3.482298691854598
pair003,SB,conf009,253.5,Re,0.14072777094066646,0.14072777094066646,3.5035878089557184
pair003,SB,conf009,254.00000000000003,Re,0.15095985734345407,0.15095985734345407,3.5245360298691533
pair003,SB,conf009,254.5,Re,0.1612344701515216,0.1612344701515216,3.545142270121238
pair003,SB,conf009,255.00000000000003,Re,0.1715501329779976,0.1715501329779976,3.565405484215758
pair003,SB,conf009,255.49999999999997,Re,0.18190539167459852,0.18190539167459852,3.585324665636556
pair003,SB,conf009,256.0,Re,0.1922988140944344,0.1922988140944344,3.6048988468569596
pair003,SB,conf009,256.5,Re,0.202728989845268,0.202728989845268,3.6241270993556474
pair003,SB,conf009,257.0,Re,0.21319453003427924,0.21319453003427924,3.643008533638732
pair003,SB,conf009,257.5,Re,0.22369406700531425,0.22369406700531425,3.6615422992677584
pair003,SB,conf009,258.0,Re,0.23422625406951347,0.23422625406951347,3.6797275848933535
pair003,SB,conf009,258.5,Re,0.24478976523021823,0.24478976523021823,3.6975636182943368
pair003,SB,conf009,258.99999999999994,Re,0.25538329490293576,0.25538329490293576,3.7150496664220083
pair003,SB,conf009,259.5,Re,0.2660055576311504,0.2660055576311504,3.7321850354494734
pair003,SB,conf009,260.0,Re,0.27665528779866877,0.27665528779866877,3.748969070825732
pair003,SB,conf009,260.5,Re,0.28733123933918425,0.28733123933918425,3.76540115733443
pair003,SB,conf009,261.0,Re,0.2980321854436778,0.2980321854436778,3.7814807191570483
pair003,SB,conf009,261.5,Re,0.3087569182662222,0.3087569182662222,3.797207219940375
pair003,SB,conf009,262.00000000000006,Re,0.3195042486287456,0.3195042486287456,3.8125874043973664
pair003,SB,conf009,262.5,Re,0.3302730057252472,0.3302730057252472,3.827848983740702
pair003,SB,conf009,263.0,Re,0.34106203682592695,0.34106203682592695,3.8430997481553786
pair003,SB,conf009,263.5,Re,0.3518702069816555,0.3518702069816555,3.8583386237380446
pair003,SB,conf009,264.0,Re,0.36269639872919845,0.36269639872919845,3.873564545414745
pair003,SB,conf009,264.5,Re,0.37353951179753,0.37353951179753,3.888776456894305
pair003,SB,conf009,265.0,Re,0.38439846281560697,0.38439846281560697,3.903973310621009
pair003,SB,conf009,265.5,Re,0.3952721850218721,0.3952721850218721,3.9191540677265757
pair003,SB,conf009,266.0,Re,0.4061596279758104,0.4061596279758104,3.9343176979815566
pair003,SB,conf009,266.49999999999994,Re,0.41705975727177225,0.41705975727177225,3.9494631797461275
pair003,SB,conf009,267.0,Re,0.4279715542553324,0.4279715542553324,3.964589499920406
pair003,SB,conf009,267.5,Re,0.4388940157423733,0.4388940157423733,3.9796956538942756
pair003,SB,conf009,267.99999999999994,Re,0.4498261537410946,0.4498261537410946,3.994780645496817
pair003,SB,conf009,268.5,Re,0.46076699517711783,0.46076699517711783,4.009843486945362
pair003,SB,conf009,269.0,Re,0.47171558162183147,0.47171558162183147,4.024883198794223
pair003,SB,conf009,269.50000000000006,Re,0.48267096902412887,0.48267096902412887,4.039898809883141
pair003,SB,conf009,270.0,Re,0.4936322274456433,0.4936322274456433,4.054889357285484
pair003,SB,conf009,270.5,Re,0.5045984407995989,0.5045984407995989,4.0698538862562685
pair003,SB,conf009,271.0,Re,0.5155687065933507,0.5155687065933507,4.084791450179974
pair003,SB,conf009,271.5,Re,0.5265421356747162,0.5265421356747162,4.099701110518268
pair003,SB,conf009,272.0,Re,0.5375178519821444,0.5375178519821444,4.114581936757604
pair003,SB,conf009,272.5,Re,0.5484949922987881,0.5484949922987881,4.129433006356777
pair003,SB,conf009,273.0,Re,0.5594727060105245,0.5594727060105245,4.144253404694441
pair003,SB,conf009,273.5,Re,0.5704501548679517,0.5704501548679517,4.159042225016613
pair003,SB,conf009,274.0,Re,0.5814265127523999,0.5814265127523999,4.173798568384228
pair003,SB,conf009,274.5,Re,0.5924009654459554,0.5924009654459554,4.188521543620716
pair003,SB,conf009,275.0,Re,0.6033727104055389,0.6033727104055389,4.203210267259694
pair003,SB,conf009,275.49999999999994,Re,0.6143409565410012,0.6143409565410012,4.217863863492724
pair003,SB,conf009,276.0,Re,0.6119630650715886,0.625304923997277,4.232481464117232
pair003,SB,conf009,276.5,Re,0.6025759952300691,0.6362638439405452,4.247062208484561
pair003,SB,conf009,277.0,Re,0.5931572002622734,0.647216958348418,4.261605243448194
pair003,SB,conf009,277.50000000000006,Re,0.5837069820744578,0.6581635198041138,4.276109723312176
pair003,SB,conf009,278.0,Re,0.5742256457651507,0.6691027912946013,4.290574809779738
pair003,SB,conf009,278.50000000000006,Re,0.5647134996861702,0.6800340460126881,4.304999671902166
pair003,SB,conf009,279.0,Re,0.5551708555056367,0.6909565671630109,4.31938348602789
pair003,SB,conf009,279.5,Re,0.5455980282730233,0.7018696477719104,4.333725435751868
pair003,SB,conf009,280.0,Re,0.5359953364863499,0.7127725905011271,4.348024711865213
pair003,SB,conf009,280.5,Re,0.526363102161566,0.7236647074653091,4.362280512305146
pair003,SB,conf009,281.0,Re,0.5167016509042222,0.7345453200532506,4.376492042105221
pair003,SB,conf009,281.5,Re,0.5070113119834951,0.7454137587528595,4.390658513345905
pair003,SB,conf009,281.99999999999994,Re,0.49729241840866645,0.7562693629797581,4.404779145105458
pair003,SB,conf009,282.5,Re,0.4875453070081244,0.7671114809095136,4.418853163411175
pair003,SB,conf009,283.0,Re,0.47777031851099694,0.7779394693134087,4.432879801190969
pair003,SB,conf009,283.5,Re,0.4679677976315,0.7887526933977294,4.446858298225324
pair003,SB,conf009,284.0,Re,0.45813809315609544,0.7995505266465053,4.460787901099618
pair003,SB,conf009,284.5,Re,0.4482815580335795,0.8020523254781005,4.4746678631568315
pair003,SB,conf009,285.00000000000006,Re,0.43839854946818524,0.7870100740467894,4.48849744445063
pair003,SB,conf009,285.5,Re,0.4284894290158183,0.7719341024347404,4.5022759116988595
pair003,SB,conf009,286.0,Re,0.4185545626835434,0.7568249485609153,4.516002538237451
pair003,SB,conf009,286.5,Re,0.40859432103244075,0.741683157745135,4.5296766039746945
pair003,SB,conf009,287.0,Re,0.39860907928394185,0.7265092829234392,4.543297395345991
pair003,SB,conf009,287.5,Re,0.38859921742979653,0.71130388487223,4.556864205268958
pair003,SB,conf009,288.0,Re,0.37856512034577783,0.6960675324415464,4.570376333099022
pair003,SB,conf009,288.5,Re,0.36850717790929255,0.6808008027979315,4.583833084585395
pair003,SB,conf009,289.0,Re,0.3584257851210091,0.665504281677282,4.597233771827504
pair003,SB,conf009,289.5,Re,0.3483213422306819,0.6501785636481727,4.610577713231871
pair003,SB,conf009,290.0,Re,0.3381942548673096,0.6348242523861256,4.623864233469401
pair003,SB,conf009,290.5,Re,0.3280449341737939,0.6194419609593116,4.637092663433146
pair003,SB,conf009,290.99999999999994,Re,0.3178737969462737,0.604032312126251,4.650262340196491
pair003,SB,conf009,291.5,Re,0.3076812657782917,0.5885959386460284,4.663372606971805
pair003,SB,conf009,292.0,Re,0.29746776921000184,0.5731334836016468,4.676422813069523
pair003,SB,conf009,292.5,Re,0.2872337418825792,0.5576456007371016,4.689412313857707
pair003,SB,conf009,293.0,Re,0.27697962469804804,0.5421329548088487,4.702340470722019
pair003,SB,conf009,293.5,Re,0.26670586498471804,0.5265962219523248,4.715206651026193
pair003,SB,conf009,294.00000000000006,Re,0.25641291666845833,0.5110360900642592,4.728010228072915
pair003,SB,conf009,294.5,Re,0.2461012404500107,0.49545325920150707,4.740750581065191
pair003,SB,conf009,295.0,Re,0.23577130398858026,0.4798484419971947,4.753427095068151
pair003,SB,conf009,295.5,Re,0.22542358209194857,0.4642223640950427,4.766039160971307
pair003,SB,conf009,296.0,Re,0.21505855691333653,0.44857576460268134,4.778586175451272
pair003,SB,conf009,296.5,Re,0.20467671815530397,0.4329093965649482,4.79106754093492
pair003,SB,conf009,297.0,Re,0.19427856328091542,0.4172240274580703,4.803482665563006
pair003,SB,conf009,297.49999999999994,Re,0.18386459773249308,0.40152043970580675,4.815830963154228
pair003,SB,conf009,298.0,Re,0.17343533515819964,0.38579943121856997,4.828111853169748
pair003,SB,conf009,298.49999999999994,Re,0.16299129764679154,0.3700618159567093,4.840324760678145
pair003,SB,conf009,299.0,Re,0.15253301597082203,0.3543084245190846,4.852469116320826
pair003,SB,conf009,299.5,Re,0.14206102983863733,0.33854010475823215,4.864544356277879
pair003,SB,conf009,300.0,Re,0.13157588815549048,0.32275772242339706,4.876549922234359
pair003,SB,conf009,300.50000000000006,Re,0.12107814929412197,0.30696216183283576,4.888485261347025
pair003,SB,conf009,301.0,Re,0.11056838137517033,0.2911543265768357,4.900349826211508
pair003,SB,conf009,301.5,Re,0.10004716255778101,0.275335140252978,4.912143074829908
pair003,SB,conf009,302.0,Re,0.08951508134081587,0.25950554723527053,4.923864470578842
pair003,SB,conf009,302.5,Re,0.07897273687504058,0.24366651347881585,4.935513482177901
pair003,SB,conf009,303.0,Re,0.06842073928673464,0.22781902736183035,4.947089583658546
pair003,SB,conf009,303.5,Re,0.0578597100131264,0.21196410056684623,4.958592254333428
pair003,SB,conf009,303.99999999999994,Re,0.04729028215013198,0.1961027690031132,4.970020978766131
pair003,SB,conf009,304.5,Re,0.03671310081282342,0.1802360937722174,4.981375246741324
pair003,SB,conf009,305.0,Re,0.026128823509142807,0.1643651621791502,4.992654553235337
pair003,SB,conf009,305.5,Re,0.015538120527323285,0.1484910887910582,5.00385839838715
pair003,SB,conf009,306.0,Re,0.004941675337543527,0.13261501654610885,5.014986287469796
pair003,SB,conf009,306.49999999999994,Re,-0.005659814991649803,0.11673811791499245,5.02603773086215
pair003,SB,conf009,307.0,Re,-0.016265639361632056,0.10086159611768086,5.037012244021152
pair003,SB,conf009,307.5,Re,-0.026875072196113514,0.08498668639824469,5.0479093474544054
pair003,SB,conf009,308.0,Re,-0.037487372977123234,0.06911465736062539,5.058728566693171
pair003,SB,conf009,308.5,Re,-0.0481017857639503,0.05324681236840667,5.069469432265782
pair003,SB,conf009,309.0,Re,-0.058717538694448734,0.03738449101178154,5.0801314796714205
pair003,SB,conf009,309.50000000000006,Re,-0.06933384346805571,0.021529070645060155,5.090714249354281
pair003,SB,conf009,310.0,Re,-0.07994989480990644,0.005681967998194981,5.1012172866781444
pair003,SB,conf009,310.5,Re,-0.0905648699153705,-0.010155359134029762,5.111640141901297
pair003,SB,conf009,311.0,Re,-0.10117792787432922,-0.02598141012132338,5.121982370151848
pair003,SB,conf009,311.5,Re,-0.11178820907453102,-0.041794639641803855,5.132243531403406
pair003,SB,conf009,312.0,Re,-0.12239483458329015,-0.0575934557363349,5.142423190451138
pair003,SB,conf009,312.5,Re,-0.13299690550684784,-0.07337621776905423,5.1525209168881805
pair003,SB,conf009,312.99999999999994,Re,-0.14359350232664103,-0.08914123428959209,5.1625362850824175
pair003,SB,conf009,313.5,Re,-0.15418368421177164,-0.10488676079244641,5.172468874153619
pair003,SB,conf009,313.99999999999994,Re,-0.16476648830691376,-0.12061099736870329,5.182318267950926
pair003,SB,conf009,314.5,Re,-0.1753409289949346,-0.13631208624525826,5.192084055030698
pair003,SB,conf009,315.0,Re,-0.18590599713345712,-0.15198810920647543,5.201765828634697
pair003,SB,conf009,315.5,Re,-0.19646065926464362,-0.16763708489315232,5.2113631866686205
pair003,SB,conf009,316.0,Re,-0.20700385679743638,-0.18325696597352525,5.220875731680973
pair003,SB,conf009,316.5,Re,-0.2175345051615425,-0.19884563618098716,5.2303030708422735
pair003,SB,conf009,317.0,Re,-0.2280514929324129,-0.21440090721309102,5.239644815924601
pair003,SB,conf009,317.5,Re,-0.23855368092655094,-0.22992051548643277,5.248900583281456
pair003,SB,conf009,318.0,Re,-0.2490399012664415,-0.2454021187419997,5.258069993827974
pair003,SB,conf009,318.5,Re,-0.26084329249558014,-0.26084329249558014,5.267152673021423
pair003,SB,conf009,319.0,Re,-0.2762415263280349,-0.2762415263280349,5.276148250842059
pair003,SB,conf009,319.5,Re,-0.2916007228315338,-0.2916007228315338,5.285056361774272
pair003,SB,conf009,320.0,Re,-0.30697942336388273,-0.30697942336388273,5.29387664478805
pair003,SB,conf009,320.5,Re,-0.3223893100592714,-0.3223893100592714,5.302608743320757
pair003,SB,conf009,321.0,Re,-0.33782669511966623,-0.33782669511966623,5.311252305259208
pair003,SB,conf009,321.5,Re,-0.35328776833433007,-0.35328776833433007,5.319806982922053
pair003,SB,conf009,321.99999999999994,Re,-0.3687685907147664,-0.3687685907147664,5.328272433042454
pair003,SB,conf009,322.5,Re,-0.3842650877464242,-0.3842650877464242,5.336648316751059
pair003,SB,conf009,323.0,Re,-0.39977304223645604,-0.39977304223645604,5.344934299559272
pair003,SB,conf009,323.50000000000006,Re,-0.41528808673643836,-0.41528808673643836,5.3531300513428
pair003,SB,conf009,324.0,Re,-0.4308056955186472,-0.4308056955186472,5.361235246325496
pair003,SB,conf009,324.5,Re,-0.4463211760843835,-0.4463211760843835,5.369249563063487
pair003,SB,conf009,325.0,Re,-0.461829660182991,-0.461829660182991,5.37717268442956
pair003,SB,conf009,325.5,Re,-0.4773260943207127,-0.4773260943207127,5.385004297597858
pair003,SB,conf009,326.0,Re,-0.4928052297392702,-0.4928052297392702,5.392744094028803
pair003,SB,conf009,326.50000000000006,Re,-0.5082616118454737,-0.5082616118454737,5.400391769454341
pair003,SB,conf009,327.0,Re,-0.5236895690748751,-0.5236895690748751,5.4079470238634055
pair003,SB,conf009,327.5,Re,-0.5390832011751723,-0.5390832011751723,5.415409561487682
pair003,SB,conf009,327.99999999999994,Re,-0.5544363668982324,-0.5544363668982324,5.4227790907876
pair003,SB,conf009,328.5,Re,-0.5697426710940314,-0.5697426710940314,5.430055324438618
pair003,SB,conf009,329.0,Re,-0.5849954512051423,-0.5849954512051423,5.437237979317718
pair003,SB,conf009,329.49999999999994,Re,-0.6001877631672219,-0.6001877631672219,5.444326776490209
pair003,SB,conf009,330.0,Re,-0.6153123667291869,-0.6153123667291869,5.4513214411967255
pair003,SB,conf009,330.5,Re,-0.6303617102169494,-0.6303617102169494,5.4582217028405005
pair003,SB,conf009,331.0,Re,-0.6453279147767774,-0.6453279147767774,5.465027294974881
pair003,SB,conf009,331.5,Re,-0.6602027581489294,-0.6602027581489294,5.47173795529107
pair003,SB,conf009,332.0,Re,-0.6749776580396005,-0.6749776580396005,5.478353425606128
pair003,SB,conf009,332.50000000000006,Re,-0.689643655179595,-0.689643655179595,5.484873451851183
pair003,SB,conf009,333.0,Re,-0.7041913961821143,-0.7041913961821143,5.491297784059903
pair003,SB,conf009,333.49999999999994,Re,-0.718611116339735,-0.718611116339735,5.497626176357169
pair003,SB,conf009,334.00000000000006,Re,-0.7328926225326529,-0.7328926225326529,5.503858386948
pair003,SB,conf009,334.5,Re,-0.7470252764567962,-0.7470252764567962,5.509994178106689
pair003,SB,conf009,335.0,Re,-0.760997978421853,-0.760997978421853,5.516033316166164
pair003,SB,conf009,335.49999999999994,Re,-0.7747991520156607,-0.7747991520156607,5.521975571507573
pair003,SB,conf009,336.0,Re,-0.7884167299831127,-0.7884167299831127,5.527820718550087
pair003,SB,conf009,336.5,Re,-0.8018381417243632,-0.8018381417243632,5.533568535740912
pair003,SB,conf009,336.99999999999994,Re,-0.815050302878544,-0.815050302878544,5.53921880554552
pair003,SB,conf009,337.5,Re,-0.8280396075245167,-0.8280396075245167,5.544771314438096
pair003,SB,conf009,338.0,Re,-0.8407919235985704,-0.8407919235985704,5.550225852892172
pair003,SB,conf009,338.5,Re,-0.8532925921986224,-0.8532925921986224,5.555582215371505
pair003,SB,conf009,339.0,Re,-0.8655264315131387,-0.8655264315131387,5.560840200321113
pair003,SB,conf009,339.5,Re,-0.877477746178041,-0.877477746178041,5.565999610158567
pair003,SB,conf009,340.0,Re,-0.8891303429221197,-0.8891303429221197,5.5710602512654255
pair003,SB,conf009,340.5,Re,-0.9004675534067842,-0.9004675534067842,5.576021933978916
pair003,SB,conf009,340.99999999999994,Re,-0.9114722651934964,-0.9114722651934964,5.580884472583792
pair003,SB,conf009,341.50000000000006,Re,-0.9221269617758456,-0.9221269617758456,5.585647685304377
pair003,SB,conf009,342.0,Re,-0.932413772585795,-0.932413772585795,5.590311394296814
pair003,SB,conf009,342.49999999999994,Re,-0.9423145338176843,-0.9423145338176843,5.594875425641508
pair003,SB,conf009,343.00000000000006,Re,-0.9518108608014175,-0.9518108608014175,5.599339609335747
pair003,SB,conf009,343.5,Re,-0.9608842324909915,-0.9608842324909915,5.603703779286514
pair003,SB,conf009,344.0,Re,-0.9695160884100589,-0.9695160884100589,5.607967773303486
pair003,SB,conf009,344.49999999999994,Re,-0.9776879381087087,-0.9776879381087087,5.61213143309222
pair003,SB,conf009,345.0,Re,-0.9853814828345341,-0.9853814828345341,5.616194604247514
pair003,SB,conf009,345.5,Re,-1.0100421794622343,-1.0100421794622343,5.620157136246949
pair003,SB,conf009,346.0,Re,-1.038885071908377,-1.038885071908377,5.624018882444625
pair003,SB,conf009,346.5,Re,-1.0676944797599794,-1.0676944797599794,5.62777970006505
pair003,SB,conf009,347.0,Re,-1.096456727698928,-1.096456727698928,5.63143945019722
pair003,SB,conf009,347.5,Re,-1.1251558419419605,-1.1251558419419605,5.634997997788885
pair003,SB,conf009,348.0,Re,-1.1537729643705368,-1.1537729643705368,5.638455211640952
pair003,SB,conf009,348.50000000000006,Re,-1.1822855828525811,-1.1822855828525811,5.641810964402104
pair003,SB,conf009,349.0,Re,-1.2106665093451037,-1.2106665093451037,5.645065132563554
pair003,SB,conf009,349.5,Re,-1.2388825080983992,-1.2388825080983992,5.648217596453989
pair003,SB,conf009,349.99999999999994,Re,-1.2668924331439264,-1.2668924331439264,5.651268240234671
pair003,SB,conf009,350.50000000000006,Re,-1.294644670377666,-1.294644670377666,5.654216951894718
pair003,SB,conf009,351.0,Re,-1.3220735850215475,-1.3220735850215475,5.657063623246527
pair003,SB,conf009,351.49999999999994,Re,-1.349094536637142,-1.349094536637142,5.659808149921393
pair003,SB,conf009,352.0,Re,-1.3755968258808697,-1.3755968258808697,5.6624504313652615
pair003,SB,conf009,352.5,Re,-1.4014336713582107,-1.4014336713582107,5.664990370834666
pair003,SB,conf009,353.0,Re,-1.42640800925298,-1.42640800925298,5.667427875392807
pair003,SB,conf009,353.5,Re,-1.4502527128036595,-1.4502527128036595,5.669762855905812
pair003,SB,conf009,354.0,Re,-1.47260423184003,-1.47260423184003,5.671995227039144
pair003,SB,conf009,354.5,Re,-1.4929709402472773,-1.4929709402472773,5.674124907254159
pair003,SB,conf009,355.0,Re,-1.5107043491479484,-1.5107043491479484,5.676151818804847
pair003,SB,conf009,355.5,Re,-1.5249963016569554,-1.5249963016569554,5.6780758877347
pair003,SB,conf009,356.00000000000006,Re,-1.534945816036582,-1.534945816036582,5.67989704387376
pair003,SB,conf009,356.5,Re,-1.5397390090717258,-1.5397390090717258,5.681615220835811
pair003,SB,conf009,357.0,Re,-1.5389135384402395,-1.5389135384402395,5.683230356015724
pair003,SB,conf009,357.50000000000006,Re,-1.5325527070317104,-1.5325527070317104,5.684742390586965
pair003,SB,conf009,358.0,Re,-1.5212481412565368,-1.5212481412565368,5.68615126949925
pair003,SB,conf009,358.5,Re,-1.5058644428924266,-1.5058644428924266,5.6874569414763485
pair003,SB,conf009,358.99999999999994,Re,-1.4872886770495213,-1.4872886770495213,5.688659359014048
pair003,SB,conf009,359.50000000000006,Re,-1.4662853700641025,-1.4662853700641025,5.689758478378275
pair004,Bz,conf006,0.0,Si,-1.4365488286962074,-1.4365488286962074,
pair004,Bz,conf006,0.5,Si,-1.4609558399009663,-1.4609558399009663,
pair004,Bz,conf006,1.0,Si,-1.4839185394602432,-1.4839185394602432,
pair004,Bz,conf006,1.5,Si,-1.5049185106803178,-1.5049185106803178,
pair004,Bz,conf006,2.0,Si,-1.5232477323918594,-1.5232477323918594,
pair004,Bz,conf006,2.5,Si,-1.5379910860793233,-1.5379910860793233,
pair004,Bz,conf006,3.0,Si,-1.54809609419619,-1.54809609419619,
pair004,Bz,conf006,3.5,Si,-1.5526025715193508,-1.5526025715193508,
pair004,Bz,conf006,4.0,Si,-1.5510003617293864,-1.5510003617293864,
pair004,Bz,conf006,4.5,Si,-1.5434773792045238,-1.5434773792045238,
pair004,Bz,conf006,5.0,Si,-1.5308235934851881,-1.5308235934851881,
pair004,Bz,conf006,5.5,Si,-1.5140868922571848,-1.5140868922571848,
pair004,Bz,conf006,6.0,Si,-1.4942654564691373,-1.4942654564691373,
pair004,Bz,conf006,6.5,Si,-1.5098953823887848,-1.5098953823887848,
pair004,Bz,conf006,7.0,Si,-1.5265491752369782,-1.5265491752369782,
pair004,Bz,conf006,7.499999999999999,Si,-1.465862509699519,-1.465862509699519,
pair004,Bz,conf006,8.0,Si,-1.4044182438763497,-1.4044182438763497,
pair004,Bz,conf006,8.5,Si,-1.3708416445925702,-1.3708416445925702,
pair004,Bz,conf006,9.0,Si,-1.3436812894877643,-1.3436812894877643,
pair004,Bz,conf006,9.499999999999998,Si,-1.316106477899709,-1.316106477899709,
pair004,Bz,conf006,10.0,Si,-1.288207587721854,-1.288207587721854,
pair004,Bz,conf006,10.5,Si,-1.2600535231791765,-1.2600535231791765,
pair004,Bz,conf006,11.0,Si,-1.2316976672197317,-1.2316976672197317,
pair004,Bz,conf006,11.499999999999998,Si,-1.2031820234300115,-1.2031820234300115,
pair004,Bz,conf006,12.0,Si,-1.1745401352191405,-1.1745401352191405,
pair004,Bz,conf006,12.5,Si,-1.1457991710846143,-1.1457991710846143,
pair004,Bz,conf006,13.0,Si,-1.1169814343568478,-1.1169814343568478,
pair004,Bz,conf006,13.5,Si,-1.0881054706712907,-1.0881054706712907,
pair004,Bz,conf006,14.0,Si,-1.0591868906117807,-1.0591868906117807,
pair004,Bz,conf006,14.500000000000002,Si,-1.0302389881007084,-1.0302389881007084,
pair004,Bz,conf006,14.999999999999998,Si,-1.0012732105035607,-1.0012732105035607,
pair004,Bz,conf006,15.5,Si,-0.9902858406616694,-0.9902858406616694,
pair004,Bz,conf006,16.0,Si,-0.9823448632988707,-0.9823448632988707,
pair004,Bz,conf006,16.5,Si,-0.9739277969017686,-0.9739277969017686,
pair004,Bz,conf006,17.0,Si,-0.9650535023536506,-0.9650535023536506,
pair004,Bz,conf006,17.5,Si,-0.9557409728137506,-0.9557409728137506,
pair004,Bz,conf006,18.0,Si,-0.9460092123732464,-0.9460092123732464,
pair004,Bz,conf006,18.5,Si,-0.9358771279322927,-0.9358771279322927,
pair004,Bz,conf006,18.999999999999996,Si,-0.925363434410089,-0.925363434410089,
pair004,Bz,conf006,19.5,Si,-0.914486573053558,-0.914486573053558,
pair004,Bz,conf006,20.0,Si,-0.9032646423342592,-0.9032646423342592,
pair004,Bz,conf006,20.499999999999996,Si,-0.8917153407148162,-0.8917153407148162,
pair004,Bz,conf006,21.0,Si,-0.8798559204197544,-0.8798559204197544,
pair004,Bz,conf006,21.5,Si,-0.8931735658060748,-0.8931735658060748,
pair004,Bz,conf006,22.0,Si,-0.9252149311647518,-0.9252149311647518,
pair004,Bz,conf006,22.5,Si,-0.9434368591147817,-0.9434368591147817,
pair004,Bz,conf006,22.999999999999996,Si,-0.944855581696487,-0.944855581696487,
pair004,Bz,conf006,23.5,Si,-0.9292064822036961,-0.9292064822036961,
pair004,Bz,conf006,24.0,Si,-0.8991451388448882,-0.8991451388448882,
pair004,Bz,conf006,24.5,Si,-0.8584633329027318,-0.8584633329027318,
pair004,Bz,conf006,25.0,Si,-0.8104841869171606,-0.8104841869171606,
pair004,Bz,conf006,25.499999999999996,Si,-0.7617587858237757,-0.7617587858237757,
pair004,Bz,conf006,26.0,Si,-0.7476329731270357,-0.7476329731270357,
pair004,Bz,conf006,26.5,Si,-0.7333522476775653,-0.7333522476775653,
pair004,Bz,conf006,27.0,Si,-0.7189276031357872,-0.7189276031357872,
pair004,Bz,conf006,27.5,Si,-0.7043695666547201,-0.7043695666547201,
pair004,Bz,conf006,28.0,Si,-0.6896882164303637,-0.6896882164303637,
pair004,Bz,conf006,28.5,Si,-0.674893199647538,-0.674893199647538,
pair004,Bz,conf006,29.000000000000004,Si,-0.6599937505869242,-0.6599937505869242,
pair004,Bz,conf006,29.499999999999996,Si,-0.6449987087000499,-0.6449987087000499,
pair004,Bz,conf006,29.999999999999996,Si,-0.6299165364948665,-0.6299165364948665,
pair004,Bz,conf006,30.5,Si,-0.6147553371056935,-0.6147553371056935,
pair004,Bz,conf006,31.0,Si,-0.5995228714481204,-0.5995228714481204,
pair004,Bz,conf006,31.5,Si,-0.5842265748823516,-0.5842265748823516,
pair004,Bz,conf006,32.0,Si,-0.5688735733279122,-0.5688735733279122,
pair004,Bz,conf006,32.5,Si,-0.5534706987889648,-0.5534706987889648,
pair004,Bz,conf006,33.0,Si,-0.5380245042631309,-0.5380245042631309,
pair004,Bz,conf006,33.49999999999999,Si,-0.5225412780180023,-0.5225412780180023,
pair004,Bz,conf006,34.0,Si,-0.507027057228786,-0.507027057228786,
pair004,Bz,conf006,34.5,Si,-0.4914876409780302,-0.4914876409780302,
pair004,Bz,conf006,35.0,Si,-0.47592860262441117,-0.47592860262441117,
pair004,Bz,conf006,35.5,Si,-0.4603553015523061,-0.4603553015523061,
pair004,Bz,conf006,36.0,Si,-0.4447728943175553,-0.4447728943175553,
pair004,Bz,conf006,36.5,Si,-0.4291863452076199,-0.4291863452076199,
pair004,Bz,conf006,37.0,Si,-0.41360043623636744,-0.41360043623636744,
pair004,Bz,conf006,37.5,Si,-0.3980197765951363,-0.3980197765951363,
pair004,Bz,conf006,37.99999999999999,Si,-0.38244881158264854,-0.38244881158264854,
pair004,Bz,conf006,38.5,Si,-0.36689183103681544,-0.36689183103681544,
pair004,Bz,conf006,39.0,Si,-0.3513529772916604,-0.3513529772916604,
pair004,Bz,conf006,39.5,Si,-0.33583625268243233,-0.33583625268243233,
pair004,Bz,conf006,40.0,Si,-0.32034552662170324,-0.32034552662170324,
pair004,Bz,conf006,40.5,Si,-0.30488454226869455,-0.30488454226869455,
pair004,Bz,conf006,40.99999999999999,Si,-0.28945692281351376,-0.28945692281351376,
pair004,Bz,conf006,41.5,Si,-0.27404934964568994,-0.27404934964568994,
pair004,Bz,conf006,42.0,Si,-0.2586033134748371,-0.2586033134748371,
pair004,Bz,conf006,42.5,Si,-0.24311571954948685,-0.24311571954948685,
pair004,Bz,conf006,43.0,Si,-0.22780386583785073,-0.2275890400465812,
pair004,Bz,conf006,43.5,Si,-0.21729787824618318,-0.21202566239220455,
pair004,Bz,conf006,44.0,Si,-0.20677814310811948,-0.19642789294745144,
pair004,Bz,conf006,44.50000000000001,Si,-0.19624577268404808,-0.18079796053257113,
pair004,Bz,conf006,45.0,Si,-0.1857018523923586,-0.16513801979500164,
pair004,Bz,conf006,45.5,Si,-0.17514744168209995,-0.149450154426932,
pair004,Bz,conf006,45.99999999999999,Si,-0.16458357487684516,-0.13373638023808132,
pair004,Bz,conf006,46.49999999999999,Si,-0.1540112619904599,-0.11799864808933935,
pair004,Bz,conf006,47.0,Si,-0.14343148951550466,-0.1022388466928672,
pair004,Bz,conf006,47.5,Si,-0.13284522118499598,-0.08645880528415928,
pair004,Bz,conf006,48.0,Si,-0.12225339870826679,-0.07066029617146508,
pair004,Bz,conf006,48.5,Si,-0.11165694248165625,-0.05484503716785194,
pair004,Bz,conf006,49.0,Si,-0.1010567522747794,-0.03901469391103185,
pair004,Bz,conf006,49.50000000000001,Si,-0.09045370789309115,-0.023170882075936206,
pair004,Bz,conf006,50.0,Si,-0.07984866981748406,-0.007315169484864548,
pair004,Bz,conf006,50.5,Si,-0.06924247982162735,0.008550921880143614,
pair004,Bz,conf006,50.99999999999999,Si,-0.05863596156775963,0.024425913958211032,
pair004,Bz,conf006,51.49999999999999,Si,-0.04802992118162863,0.04030837077949201,
pair004,Bz,conf006,52.0,Si,-0.037425147807258696,0.05619689671983852,
pair004,Bz,conf006,52.50000000000001,Si,-0.026822414142215978,0.07209013483629789,
pair004,Bz,conf006,53.0,Si,-0.01622247695402379,0.08798676527960847,
pair004,Bz,conf006,53.5,Si,-0.005626077578368527,0.10388550378004546,
pair004,Bz,conf006,54.0,Si,0.00496605760028257,0.11978510020311628,
pair004,Bz,conf006,54.49999999999999,Si,0.015553216685044946,0.13568433717176798,
pair004,Bz,conf006,55.0,Si,0.02613470181937516,0.15158202875192028,
pair004,Bz,conf006,55.5,Si,0.03670982875563866,0.16747701919826619,
pair004,Bz,conf006,56.0,Si,0.04727792643894713,0.18336818175746172,
pair004,Bz,conf006,56.5,Si,0.05783833660571114,0.19925441752591566,
pair004,Bz,conf006,57.0,Si,0.0683904133963884,0.21513465435956247,
pair004,Bz,conf006,57.5,Si,0.0789335229819228,0.2310078458330984,
pair004,Bz,conf006,58.00000000000001,Si,0.08946704320337884,0.24687297024630372,
pair004,Bz,conf006,58.5,Si,0.09999036322429511,0.2627290296751661,
pair004,Bz,conf006,58.99999999999999,Si,0.11050288319530743,0.2785750490656671,
pair004,Bz,conf006,59.5,Si,0.12100401393057769,0.29441007536814867,
pair004,Bz,conf006,59.99999999999999,Si,0.1314931765956191,0.31023317671033124,
pair004,Bz,conf006,60.5,Si,0.1419698024060898,0.32604344160711185,
pair004,Bz,conf006,61.0,Si,0.1524333323371625,0.3418399782053869,
pair004,Bz,conf006,61.50000000000001,Si,0.16288321684307738,0.35762191356221806,
pair004,Bz,conf006,62.0,Si,0.1733189155865109,0.373388392954743,
pair004,Bz,conf006,62.49999999999999,Si,0.18373989717740047,0.38913857922033457,
pair004,Bz,conf006,63.0,Si,0.1941456389208751,0.4048716521255489,
pair004,Bz,conf006,63.50000000000001,Si,0.20453562657396307,0.420586807762511,
pair004,Bz,conf006,64.0,Si,0.2149093541107503,0.43628325797143286,
pair004,Bz,conf006,64.5,Si,0.22526632349568598,0.45196022978803785,
pair004,Bz,conf006,65.0,Si,0.235606044464729,0.4676169649147106,
pair004,Bz,conf006,65.50000000000001,Si,0.24592803431405508,0.4832527192142646,
pair004,Bz,conf006,66.0,Si,0.256231817696041,0.49886676222527115,
pair004,Bz,conf006,66.5,Si,0.266516926422268,0.5144583766979485,
pair004,Bz,conf006,66.99999999999999,Si,0.27678289927328037,0.5300268581496408,
pair004,Bz,conf006,67.5,Si,0.287029281814855,0.5455715144390039,
pair004,Bz,conf006,68.0,Si,0.29725562622054413,0.5610916653580096,
pair004,Bz,conf006,68.5,Si,0.3074614911002642,0.576586642240972,
pair004,Bz,conf006,69.0,Si,0.317646441334712,0.5920557875898058,
pair004,Bz,conf006,69.5,Si,0.3278100479153876,0.6074984547147728,
pair004,Bz,conf006,70.0,Si,0.3379518877900325,0.6229140073900188,
pair004,Bz,conf006,70.49999999999999,Si,0.3480715437132784,0.6383018195232382,
pair004,Bz,conf006,71.0,Si,0.3581686041023253,0.653661274838808,
pair004,Bz,conf006,71.5,Si,0.3682426628974538,0.668991766573811,
pair004,Bz,conf006,72.0,Si,0.3782933194272178,0.6842926971863525,
pair004,Bz,conf006,72.5,Si,0.3883201782781307,0.6995634780756366,
pair004,Bz,conf006,73.0,Si,0.3983228491686954,0.7148035293132724,
pair004,Bz,conf006,73.50000000000001,Si,0.4083009468276142,0.7300122793853114,
pair004,Bz,conf006,74.0,Si,0.41825409087603904,0.7451891649445586,
pair004,Bz,conf006,74.5,Si,0.4281819057137064,0.7603336305726833,
pair004,Bz,conf006,75.0,Si,0.43808402040883077,0.7754451285517325,
pair004,Bz,conf006,75.5,Si,0.44796006859161275,0.7905231186446058,
pair004,Bz,conf006,75.99999999999999,Si,0.4578096883512408,0.7906126241731333,
pair004,Bz,conf006,76.5,Si,0.4676325221362567,0.7798487230316693,
pair004,Bz,conf006,77.0,Si,0.47742821665818025,0.7690701179483816,
pair004,Bz,conf006,77.5,Si,0.4871964227982548,0.7582774417456524,
pair004,Bz,conf006,78.0,Si,0.4969367955172299,0.7474713356193978,
pair004,Bz,conf006,78.49999999999999,Si,0.5066489937680572,0.7366524492974007,
pair004,Bz,conf006,79.0,Si,0.516332680411405,0.7258214412010611,
pair004,Bz,conf006,79.5,Si,0.525987522133893,0.7149789786106198,
pair004,Bz,conf006,80.0,Si,0.5356131893689506,0.7041257378338945,
pair004,Bz,conf006,80.49999999999999,Si,0.5452093562202156,0.69326240437858,
pair004,Bz,conf006,81.0,Si,0.5547757003873712,0.6823896731281562,
pair004,Bz,conf006,81.5,Si,0.5643119030943498,0.671508248521455,
pair004,Bz,conf006,81.99999999999999,Si,0.5738176490198208,0.6606188447358996,
pair004,Bz,conf006,82.5,Si,0.5832926262298825,0.6497221858744926,
pair004,Bz,conf006,83.0,Si,0.5927365261128761,0.6388190061565571,
pair004,Bz,conf006,83.50000000000001,Si,0.6021490433162604,0.6279100501122785,
pair004,Bz,conf006,84.0,Si,0.6115298756854772,0.6169960727810688,
pair004,Bz,conf006,84.5,Si,0.6060778399137841,0.6060778399137841,
pair004,Bz,conf006,85.0,Si,0.5951561281788094,0.5951561281788094,
pair004,Bz,conf006,85.5,Si,0.5842317253720333,0.5842317253720333,
pair004,Bz,conf006,86.0,Si,0.5733054306307197,0.5733054306307197,
pair004,Bz,conf006,86.5,Si,0.5623780546512849,0.5623780546512849,
pair004,Bz,conf006,87.0,Si,0.5514504199109764,0.5514504199109764,
pair004,Bz,conf006,87.49999999999999,Si,0.5405233608934517,0.5405233608934517,
pair004,Bz,conf006,88.0,Si,0.5295977243182375,0.5295977243182375,
pair004,Bz,conf006,88.5,Si,0.5186743693740545,0.5186743693740545,
pair004,Bz,conf006,89.00000000000001,Si,0.5077541679559776,0.5077541679559776,
pair004,Bz,conf006,89.5,Si,0.49683800490638297,0.49683800490638297,
pair004,Bz,conf006,90.0,Si,0.4859267782596517,0.4859267782596517,
pair004,Bz,conf006,90.5,Si,0.4750213994905572,0.4750213994905572,
pair004,Bz,conf006,91.0,Si,0.4641227937662735,0.4641227937662735,
pair004,Bz,conf006,91.5,Si,0.4532319002019263,0.4532319002019263,
pair004,Bz,conf006,91.99999999999999,Si,0.4423496721195843,0.4423496721195843,
pair004,Bz,conf006,92.5,Si,0.4314770773105925,0.4314770773105925,
pair004,Bz,conf006,92.99999999999999,Si,0.42061509830111876,0.42061509830111876,
pair004,Bz,conf006,93.50000000000001,Si,0.40976473262077984,0.40976473262077984,
pair004,Bz,conf006,94.0,Si,0.39892699307419544,0.39892699307419544,
pair004,Bz,conf006,94.5,Si,0.3881029080152827,0.3881029080152827,
pair004,Bz,conf006,95.0,Si,0.37729352162412355,0.37729352162412355,
pair004,Bz,conf006,95.5,Si,0.36649989418617523,0.36649989418617523,
pair004,Bz,conf006,96.0,Si,0.3557231023735976,0.3557231023735976,
pair004,Bz,conf006,96.5,Si,0.3449642395284396,0.3449642395284396,
pair004,Bz,conf006,97.0,Si,0.3342244159474117,0.3342244159474117,
pair004,Bz,conf006,97.49999999999999,Si,0.3235047591679232,0.3235047591679232,
pair004,Bz,conf006,98.0,Si,0.3128064142550737,0.3128064142550737,
pair004,Bz,conf006,98.49999999999999,Si,0.3021305440892166,0.3021305440892166,
pair004,Bz,conf006,99.00000000000001,Si,0.291478329653712,0.291478329653712,
pair004,Bz,conf006,99.5,Si,0.28085097032245243,0.28085097032245243,
pair004,Bz,conf006,100.0,Si,0.27024968414668127,0.27024968414668127,
pair004,Bz,conf006,100.50000000000001,Si,0.25967570814063956,0.25967570814063956,
pair004,Bz,conf006,101.0,Si,0.24913029856548663,0.24913029856548663,
pair004,Bz,conf006,101.5,Si,0.23861473121093946,0.23861473121093946,
pair004,Bz,conf006,101.99999999999999,Si,0.2281303016740106,0.2281303016740106,
pair004,Bz,conf006,102.5,Si,0.21767832563419875,0.21767832563419875,
pair004,Bz,conf006,102.99999999999999,Si,0.20726013912442576,0.20726013912442576,
pair004,Bz,conf006,103.49999999999999,Si,0.19687709879697968,0.19687709879697968,
pair004,Bz,conf006,104.0,Si,0.18653058218366492,0.18653058218366492,
pair004,Bz,conf006,104.5,Si,0.17622198794931854,0.17622198794931854,
pair004,Bz,conf006,105.00000000000001,Si,0.16595273613778572,0.16595273613778572,
pair004,Bz,conf006,105.5,Si,0.15572426840940934,0.15572426840940934,
pair004,Bz,conf006,106.0,Si,0.1455380482690194,0.1455380482690194,
pair004,Bz,conf006,106.5,Si,0.1353955612833473,0.1353955612833473,
pair004,Bz,conf006,107.0,Si,0.12529831528675017,0.12529831528675017,
pair004,Bz,conf006,107.49999999999999,Si,0.11524784057403359,0.11524784057403359,
pair004,Bz,conf006,108.0,Si,0.10524569007913365,0.10524569007913365,
pair004,Bz,conf006,108.5,Si,0.09529343953832603,0.09529343953832603,
pair004,Bz,conf006,108.99999999999999,Si,0.08539268763658092,0.08539268763658092,
pair004,Bz,conf006,109.50000000000001,Si,0.07554505613560392,0.07554505613560392,
pair004,Bz,conf006,110.0,Si,0.06575218998204413,0.06575218998204413,
pair004,Bz,conf006,110.50000000000001,Si,0.05601575739426301,0.05601575739426301,
pair004,Bz,conf006,111.0,Si,0.04633744992602251,0.04633744992602251,
pair004,Bz,conf006,111.5,Si,0.03671898250533556,0.03671898250533556,
pair004,Bz,conf006,112.0,Si,0.02716209344669318,0.02716209344669318,
pair004,Bz,conf006,112.5,Si,0.017668544434789712,0.017668544434789712,
pair004,Bz,conf006,113.0,Si,0.008240120477810198,0.008240120477810198,
pair004,Bz,conf006,113.49999999999999,Si,-0.0011213701717343039,-0.0011213701717343039,
pair004,Bz,conf006,114.0,Si,-0.010414096130674011,-0.010414096130674011,
pair004,Bz,conf006,114.49999999999999,Si,-0.0196362030355004,-0.0196362030355004,
pair004,Bz,conf006,115.0,Si,-0.028785813731517118,-0.028785813731517118,
pair004,Bz,conf006,115.50000000000001,Si,-0.03786102850306294,-0.03786102850306294,
pair004,Bz,conf006,116.00000000000001,Si,-0.046859925347099374,-0.046859925347099374,
pair004,Bz,conf006,116.5,Si,-0.055780560292504555,-0.055780560292504555,
pair004,Bz,conf006,117.0,Si,-0.0646209677674301,-0.0646209677674301,
pair004,Bz,conf006,117.5,Si,-0.0733791610171366,-0.0733791610171366,
pair004,Bz,conf006,117.99999999999999,Si,-0.08205313257471891,-0.08205313257471891,
pair004,Bz,conf006,118.50000000000001,Si,-0.09064085478716954,-0.09064085478716954,
pair004,Bz,conf006,119.0,Si,-0.09914028039920053,-0.09914028039920053,
pair004,Bz,conf006,119.5,Si,-0.10754934319726761,-0.10754934319726761,
pair004,Bz,conf006,119.99999999999999,Si,-0.11586595871619187,-0.11586595871619187,
pair004,Bz,conf006,120.50000000000001,Si,-0.12408802501075633,-0.12408802501075633,
pair004,Bz,conf006,121.0,Si,-0.13221342349459198,-0.13221342349459198,
pair004,Bz,conf006,121.5,Si,-0.14025194263980878,-0.14025194263980878,
pair004,Bz,conf006,122.0,Si,-0.14821412617181662,-0.14821412617181662,
pair004,Bz,conf006,122.49999999999999,Si,-0.1560968651658865,-0.1560968651658865,
pair004,Bz,conf006,123.00000000000001,Si,-0.16389701640244692,-0.16389701640244692,
pair004,Bz,conf006,123.5,Si,-0.17161141397823854,-0.17161141397823854,
pair004,Bz,conf006,124.0,Si,-0.17923687102146757,-0.17923687102146757,
pair004,Bz,conf006,124.49999999999999,Si,-0.18677018153598457,-0.18677018153598457,
pair004,Bz,conf006,124.99999999999999,Si,-0.19420812237819418,-0.19420812237819418,
pair004,Bz,conf006,125.5,Si,-0.2015474553700971,-0.2015474553700971,
pair004,Bz,conf006,126.0,Si,-0.2087849295515547,-0.2087849295515547,
pair004,Bz,conf006,126.5,Si,-0.21591728357446538,-0.21591728357446538,
pair004,Bz,conf006,127.00000000000001,Si,-0.22345194590139483,-0.22294124824110417,
pair004,Bz,conf006,127.50000000000001,Si,-0.23452621645918437,-0.22985354918839884,
pair004,Bz,conf006,128.0,Si,-0.2456013538118449,-0.23665090971936253,
pair004,Bz,conf006,128.5,Si,-0.25667652479047565,-0.24333005378229378,
pair004,Bz,conf006,129.0,Si,-0.26775087697536204,-0.24988770909770808,
pair004,Bz,conf006,129.49999999999997,Si,-0.278823538013764,-0.25632061043224086,
pair004,Bz,conf006,130.0,Si,-0.2898936149105016,-0.2626255030179996,
pair004,Bz,conf006,130.5,Si,-0.30096019329027746,-0.2687991461149928,
pair004,Bz,conf006,131.00000000000003,Si,-0.3120223366306618,-0.2748383167134316,
pair004,Bz,conf006,131.5,Si,-0.32307908546460773,-0.2807398133717156,
pair004,Bz,conf006,132.0,Si,-0.3341294565513728,-0.2865004601849992,
pair004,Bz,conf006,132.5,Si,-0.3451724420146658,-0.29211711087818304,
pair004,Bz,conf006,133.0,Si,-0.3562070084468316,-0.2975866530161555,
pair004,Bz,conf006,133.5,Si,-0.36723209597785833,-0.3029060123230245,
pair004,Bz,conf006,133.99999999999997,Si,-0.37824661730797615,-0.3080721571010059,
pair004,Bz,conf006,134.5,Si,-0.3892494567025957,-0.3130821027385142,
pair004,Bz,conf006,135.0,Si,-0.4002394689483253,-0.31793291629592146,
pair004,Bz,conf006,135.5,Si,-0.4112154782688122,-0.32262172115635623,
pair004,Bz,conf006,136.0,Si,-0.42217627719912776,-0.3271457017278383,
pair004,Bz,conf006,136.5,Si,-0.43312062541744334,-0.33150210818202885,
pair004,Bz,conf006,137.0,Si,-0.444047248532758,-0.33568826121388096,
pair004,Bz,conf006,137.5,Si,-0.45495483682744586,-0.33970155680555214,
pair004,Bz,conf006,138.0,Si,-0.4658420439534421,-0.3435394709770949,
pair004,Bz,conf006,138.5,Si,-0.4767074855809208,-0.34719956450566736,
pair004,Bz,conf006,139.0,Si,-0.48754973799838575,-0.3506794875943551,
pair004,Bz,conf006,139.5,Si,-0.4983673366631616,-0.35397698447113934,
pair004,Bz,conf006,140.0,Si,-0.5091587747013695,-0.35708989789811696,
pair004,Bz,conf006,140.5,Si,-0.5199225013565756,-0.3600161735707914,
pair004,Bz,conf006,140.99999999999997,Si,-0.5306569203864455,-0.362753864387122,
pair004,Bz,conf006,141.5,Si,-0.5413603884068863,-0.3653011345660184,
pair004,Bz,conf006,142.0,Si,-0.5520312131833385,-0.36765626359514636,
pair004,Bz,conf006,142.50000000000003,Si,-0.5626676518691147,-0.3698176499882617,
pair004,Bz,conf006,143.0,Si,-0.5732679091909068,-0.3717838148327983,
pair004,Bz,conf006,143.5,Si,-0.5838301355818971,-0.3735534051091196,
pair004,Bz,conf006,144.0,Si,-0.5943524252632166,-0.37512519676371836,
pair004,Bz,conf006,144.5,Si,-0.6048328142748898,-0.376498097519651,
pair004,Bz,conf006,145.0,Si,-0.6152692784578153,-0.3776711494086995,
pair004,Bz,conf006,145.49999999999997,Si,-0.6256597313888426,-0.3786435310110936,
pair004,Bz,conf006,146.0,Si,-0.6360020222715146,-0.3794145593900986,
pair004,Bz,conf006,146.5,Si,-0.6462939337856992,-0.37998369171039936,
pair004,Bz,conf006,147.00000000000003,Si,-0.6565331798999987,-0.38035052653093837,
pair004,Bz,conf006,147.5,Si,-0.6667174036515888,-0.3805148047646847,
pair004,Bz,conf006,148.0,Si,-0.6768441748990228,-0.38047641029973045,
pair004,Bz,conf006,148.5,Si,-0.6869109880544371,-0.38023537027805965,
pair004,Bz,conf006,149.0,Si,-0.6969152598026949,-0.37979185503036317,
pair004,Bz,conf006,149.5,Si,-0.7068543268161055,-0.37914617766727,
pair004,Bz,conf006,150.0,Si,-0.7167254434746636,-0.3782987933294055,
pair004,Bz,conf006,150.5,Si,-0.7265257796031053,-0.377250298100678,
pair004,Bz,conf006,151.0,Si,-0.7362524182376026,-0.376001427591111,
pair004,Bz,conf006,151.5,Si,-0.7459023534365498,-0.3745530551974725,
pair004,Bz,conf006,151.99999999999997,Si,-0.7554724881516471,-0.3729061900516881,
pair004,Bz,conf006,152.5,Si,-0.7649596321774139,-0.3710619746687538,
pair004,Bz,conf006,153.0,Si,-0.7743605001992646,-0.36902168230739907,
pair004,Bz,conf006,153.5,Si,-0.7836717099624805,-0.3667867140582126,
pair004,Bz,conf006,154.0,Si,-0.7928897805866646,-0.3643585956751998,
pair004,Bz,conf006,154.5,Si,-0.8020111310526977,-0.3617389741678847,
pair004,Bz,conf006,155.0,Si,-0.811032078891731,-0.35892961417203195,
pair004,Bz,conf006,155.5,Si,-0.81994883910833,-0.35593239411785293,
pair004,Bz,conf006,156.0,Si,-0.828757523372562,-0.3527493022151795,
pair004,Bz,conf006,156.49999999999997,Si,-0.8374541395185267,-0.3493824322755523,
pair004,Bz,conf006,156.99999999999997,Si,-0.8460345913895142,-0.3458339793914307,
pair004,Bz,conf006,157.5,Si,-0.8544946790726482,-0.342106235492869,
pair004,Bz,conf006,158.0,Si,-0.8628300995684101,-0.3382015848019333,
pair004,Bz,conf006,158.5,Si,-0.8710364479428618,-0.3341224992049503,
pair004,Bz,conf006,159.0,Si,-0.8791092190125283,-0.32987153356232723,
pair004,Bz,conf006,159.5,Si,-0.8870438096137907,-0.35464469763362994,
pair004,Bz,conf006,160.0,Si,-0.8948355215100485,-0.3804348419938741,
pair004,Bz,conf006,160.5,Si,-0.902479564990889,-0.4059501490947117,
pair004,Bz,conf006,160.99999999999997,Si,-0.9099710632178096,-0.43116690307164385,
pair004,Bz,conf006,161.5,Si,-0.9173050573706204,-0.45605989215172515,
pair004,Bz,conf006,162.0,Si,-0.9244765126473656,-0.48060232059327035,
pair004,Bz,conf006,162.5,Si,-0.9314803251683512,-0.5047657216052919,
pair004,Bz,conf006,163.0,Si,-0.938311329831399,-0.5285198732240519,
pair004,Bz,conf006,163.5,Si,-0.94496430916083,-0.5518327196389103,
pair004,Bz,conf006,163.99999999999997,Si,-0.9514340031865889,-0.5746703010527869,
pair004,Bz,conf006,164.5,Si,-0.957715120382392,-0.5969966958320214,
pair004,Bz,conf006,165.0,Si,-0.9638023496826598,-0.6187739794370912,
pair004,Bz,conf006,165.5,Si,-0.9696903735872411,-0.6399622054110172,
pair004,Bz,conf006,166.0,Si,-0.9753738823505146,-0.6605194145042919,
pair004,Bz,conf006,166.5,Si,-0.9808475892373922,-0.6804016787859304,
pair004,Bz,conf006,167.00000000000003,Si,-0.9861062468131307,-0.6995631882612783,
pair004,Bz,conf006,167.5,Si,-0.9911446642167759,-0.7179563879981703,
pair004,Bz,conf006,168.0,Si,-0.9959577253497427,-0.7355321739398938,
pair004,Bz,conf006,168.49999999999997,Si,-1.0005404078917357,-0.7522401553214697,
pair004,Bz,conf006,169.0,Si,-1.0048878030362753,-0.7680289907565346,
pair004,Bz,conf006,169.5,Si,-1.0089951358178608,-0.7828468034758014,
pair004,Bz,conf006,170.0,Si,-1.0128577858828947,-0.7966416787453928,
pair004,Bz,conf006,170.49999999999997,Si,-1.0164713085372519,-0.8093622430914301,
pair004,Bz,conf006,171.0,Si,-1.0198314558855426,-0.8209583206049942,
pair004,Bz,conf006,171.50000000000003,Si,-1.0229341978612114,-0.8313816564127714,
pair004,Bz,conf006,172.0,Si,-1.0257757429332721,-0.8405866916326697,
pair004,Bz,conf006,172.5,Si,-1.0283525582653121,-0.8485313682081652,
pair004,Bz,conf006,173.0,Si,-1.0306613890959504,-0.8551779364961917,
pair004,Bz,conf006,173.5,Si,-1.032699277107708,-0.8604937340399804,
pair004,Bz,conf006,174.0,Si,-1.03446357755361,-0.8644519012823665,
pair004,Bz,conf006,174.5,Si,-1.0359519749180772,-0.8670319996718712,
pair004,Bz,conf006,174.99999999999997,Si,-1.0371624969008872,-0.8682205000811393,
pair004,Bz,conf006,175.5,Si,-1.0380935265301332,-0.8872820871286728,
pair004,Bz,conf006,176.0,Si,-1.0387438122319765,-0.9173206581400978,
pair004,Bz,conf006,176.5,Si,-1.0391124757111987,-0.9473276855618397,
pair004,Bz,conf006,177.0,Si,-1.0391990175264998,-0.9772900535852136,
pair004,Bz,conf006,177.5,Si,-1.0390033202774998,-1.0071927718280411,
pair004,Bz,conf006,178.00000000000003,Si,-1.0385256493556465,-1.037018566633037,
pair004,Bz,conf006,178.5,Re,-1.0667473638082987,-1.0667473638082987,
pair004,Bz,conf006,179.0,Re,-1.0963556290453742,-1.0963556290453742,
pair004,Bz,conf006,179.49999999999997,Re,-1.1258155203633868,-1.1258155203633868,
pair004,Bz,conf006,180.0,Re,-1.15509379049904,-1.15509379049904,
pair004,Bz,conf006,180.5,Re,-1.184150354438769,-1.184150354438769,
pair004,Bz,conf006,181.0,Re,-1.2129364059623355,-1.2129364059623355,
pair004,Bz,conf006,181.5,Re,-1.2413919243048985,-1.2413919243048985,
pair004,Bz,conf006,182.0,Re,-1.269442354913134,-1.269442354913134,
pair004,Bz,conf006,182.50000000000003,Re,-1.2969941751682303,-1.2969941751682303,
pair004,Bz,conf006,183.0,Re,-1.3239289705091262,-1.3239289705091262,
pair004,Bz,conf006,183.5,Re,-1.3500955669914014,-1.3500955669914014,
pair004,Bz,conf006,183.99999999999997,Re,-1.3752997474341067,-1.3752997474341067,
pair004,Bz,conf006,184.5,Re,-1.399291254251844,-1.399291254251844,
pair004,Bz,conf006,185.0,Re,-1.4217484441414605,-1.4217484441414605,
pair004,Bz,conf006,185.5,Re,-1.4422626513589503,-1.4422626513589503,
pair004,Bz,conf006,185.99999999999997,Re,-1.4603278076820325,-1.4603278076820325,
pair004,Bz,conf006,186.5,Re,-1.4753465388634073,-1.4753465388634073,
pair004,Bz,conf006,187.00000000000003,Re,-1.4866697244982634,-1.4866697244982634,
pair004,Bz,conf006,187.5,Re,-1.4936845201215316,-1.4936845201215316,
pair004,Bz,conf006,188.0,Re,-1.4959440289046555,-1.4959440289046555,
pair004,Bz,conf006,188.5,Re,-1.4932916056564476,-1.4932916056564476,
pair004,Bz,conf006,189.0,Re,-1.4859104726272445,-1.4859104726272445,
pair004,Bz,conf006,189.5,Re,-1.4742659983922393,-1.4742659983922393,
pair004,Bz,conf006,190.0,Re,-1.458978374763586,-1.458978374763586,
pair004,Bz,conf006,190.49999999999997,Re,-1.4406951215857,-1.4406951215857,
pair004,Bz,conf006,191.0,Re,-1.4200071632937468,-1.4200071632937468,
pair004,Bz,conf006,191.49999999999997,Re,-1.3974126394415713,-1.3974126394415713,
pair004,Bz,conf006,192.0,Re,-1.37331270492153,-1.37331270492153,
pair004,Bz,conf006,192.5,Re,-1.3480226607799597,-1.3480226607799597,
pair004,Bz,conf006,193.0,Re,-1.3217877118443762,-1.3217877118443762,
pair004,Bz,conf006,193.50000000000003,Re,-1.2947981673070734,-1.2947981673070734,
pair004,Bz,conf006,194.0,Re,-1.267202219489631,-1.267202219489631,
pair004,Bz,conf006,194.5,Re,-1.239762999752603,-1.239762999752603,
pair004,Bz,conf006,194.99999999999997,Re,-1.2393225186736794,-1.2393225186736794,
pair004,Bz,conf006,195.5,Re,-1.237927731185583,-1.237927731185583,
pair004,Bz,conf006,196.0,Re,-1.2355876471937894,-1.2355876471937894,
pair004,Bz,conf006,196.5,Re,-1.232317144663072,-1.232317144663072,
pair004,Bz,conf006,196.99999999999997,Re,-1.2281365291215929,-1.2281365291215929,
pair004,Bz,conf006,197.5,Re,-1.2230709566247375,-1.2230709566247375,
pair004,Bz,conf006,198.00000000000003,Re,-1.2171497570606598,-1.2171497570606598,
pair004,Bz,conf006,198.5,Re,-1.2104056976747777,-1.2104056976747777,
pair004,Bz,conf006,199.0,Re,-1.2028742258046883,-1.2028742258046883,
pair004,Bz,conf006,199.49999999999997,Re,-1.1945927257310724,-1.1945927257310724,
pair004,Bz,conf006,200.0,Re,-1.185599818263789,-1.185599818263789,
pair004,Bz,conf006,200.5,Re,-1.1759347242841287,-1.1759347242841287,
pair004,Bz,conf006,201.00000000000003,Re,-1.1656367059384967,-1.1656367059384967,
pair004,Bz,conf006,201.49999999999997,Re,-1.1547445922833521,-1.1547445922833521,
pair004,Bz,conf006,202.0,Re,-1.1432963903989244,-1.1432963903989244,
pair004,Bz,conf006,202.49999999999997,Re,-1.1313289785419012,-1.1313289785419012,
pair004,Bz,conf006,203.0,Re,-1.1188778748069876,-1.1188778748069876,
pair004,Bz,conf006,203.5,Re,-1.1059770728829572,-1.1059770728829572,
pair004,Bz,conf006,203.99999999999997,Re,-1.092658935610347,-1.092658935610347,
pair004,Bz,conf006,204.5,Re,-1.0789541369383968,-1.0789541369383968,
pair004,Bz,conf006,205.0,Re,-1.0648916433101343,-1.0648916433101343,
pair004,Bz,conf006,205.50000000000003,Re,-1.0504987262788963,-1.0504987262788963,
pair004,Bz,conf006,205.99999999999997,Re,-1.0358009991187689,-1.0358009991187689,
pair004,Bz,conf006,206.5,Re,-1.0208224712169365,-1.0208224712169365,
pair004,Bz,conf006,206.99999999999997,Re,-1.0055856150459195,-1.0055856150459195,
pair004,Bz,conf006,207.5,Re,-0.9901114414555707,-0.9901114414555707,
pair004,Bz,conf006,208.0,Re,-0.9744195798696497,-0.9744195798696497,
pair004,Bz,conf006,208.5,Re,-0.9585283607067262,-0.9585283607067262,
pair004,Bz,conf006,209.0,Re,-0.9424548979692138,-0.9424548979692138,
pair004,Bz,conf006,209.5,Re,-0.9262151704632183,-0.9262151704632183,
pair004,Bz,conf006,210.00000000000003,Re,-0.9098241005353374,-0.9098241005353374,
pair004,Bz,conf006,210.49999999999997,Re,-0.8932956295526427,-0.8932956295526427,
pair004,Bz,conf006,211.0,Re,-0.8766427896204992,-0.8766427896204992,
pair004,Bz,conf006,211.5,Re,-0.8598777712416127,-0.8598777712416127,
pair004,Bz,conf006,212.0,Re,-0.8430119867789081,-0.8430119867789081,
pair004,Bz,conf006,212.5,Re,-0.8260561297041715,-0.8260561297041715,
pair004,Bz,conf006,213.0,Re,-0.8090202297015372,-0.8090202297015372,
pair004,Bz,conf006,213.50000000000003,Re,-0.7919137037568037,-0.7919137037568037,
pair004,Bz,conf006,214.0,Re,-0.7747454034055355,-0.7747454034055355,
pair004,Bz,conf006,214.50000000000003,Re,-0.7575236583397568,-0.7575236583397568,
pair004,Bz,conf006,214.99999999999997,Re,-0.7402563165881938,-0.7402563165881938,
pair004,Bz,conf006,215.5,Re,-0.7229507814914831,-0.7229507814914831,
pair004,Bz,conf006,216.0,Re,-0.7056140456939263,-0.7056140456939263,
pair004,Bz,conf006,216.50000000000003,Re,-0.6882527223688142,-0.6882527223688142,
pair004,Bz,conf006,217.0,Re,-0.6708730738867941,-0.6708730738867941,
pair004,Bz,conf006,217.5,Re,-0.653481038126857,-0.653481038126857,
pair004,Bz,conf006,217.99999999999997,Re,-0.636082252618619,-0.636082252618619,
pair004,Bz,conf006,218.5,Re,-0.6186820766926491,-0.6186820766926491,
pair004,Bz,conf006,219.00000000000003,Re,-0.6012856118037744,-0.6012856118037744,
pair004,Bz,conf006,219.49999999999997,Re,-0.5838977201802791,-0.5838977201802791,
pair004,Bz,conf006,220.0,Re,-0.5665230419403695,-0.5665230419403695,
pair004,Bz,conf006,220.5,Re,-0.5491660108061969,-0.5491660108061969,
pair004,Bz,conf006,221.00000000000003,Re,-0.531830868535087,-0.531830868535087,
pair004,Bz,conf006,221.5,Re,-0.5145216781778332,-0.5145216781778332,
pair004,Bz,conf006,222.0,Re,-0.4972423362645144,-0.4972423362645144,
pair004,Bz,conf006,222.49999999999997,Re,-0.47999658400980416,-0.47999658400980416,
pair004,Bz,conf006,223.0,Re,-0.46278801762169275,-0.46278801762169275,
pair004,Bz,conf006,223.5,Re,-0.4456200977902849,-0.4456200977902849,
pair004,Bz,conf006,224.0,Re,-0.4284961584265332,-0.4284961584265332,
pair004,Bz,conf006,224.5,Re,-0.41141941471466126,-0.41141941471466126,
pair004,Bz,conf006,225.0,Re,-0.3943929705363336,-0.3943929705363336,
pair004,Bz,conf006,225.50000000000003,Re,-0.37741982531953155,-0.37741982531953155,
pair004,Bz,conf006,226.0,Re,-0.3605028803603527,-0.3605028803603527,
pair004,Bz,conf006,226.5,Re,-0.3436449446616816,-0.3436449446616816,
pair004,Bz,conf006,226.99999999999997,Re,-0.3268487403288398,-0.3268487403288398,
pair004,Bz,conf006,227.5,Re,-0.3101169075586825,-0.3101169075586825,
pair004,Bz,conf006,228.0,Re,-0.2934520092555031,-0.2934520092555031,
pair004,Bz,conf006,228.5,Re,-0.2768565353040797,-0.2768565353040797,
pair004,Bz,conf006,228.99999999999997,Re,-0.26033290652762076,-0.26033290652762076,
pair004,Bz,conf006,229.49999999999997,Re,-0.24388347835589186,-0.24388347835589186,
pair004,Bz,conf006,230.0,Re,-0.2275105442266574,-0.2275105442266574,
pair004,Bz,conf006,230.5,Re,-0.21120787548483522,-0.21120787548483522,
pair004,Bz,conf006,231.00000000000003,Re,-0.19490449970766588,-0.19490449970766588,
pair004,Bz,conf006,231.5,Re,-0.1785853876740784,-0.1785853876740784,
pair004,Bz,conf006,232.00000000000003,Re,-0.16225226334821063,-0.16225226334821063,
pair004,Bz,conf006,232.5,Re,-0.14590679273831264,-0.14590679273831264,
pair004,Bz,conf006,233.0,Re,-0.129550586678147,-0.129550586678147,
pair004,Bz,conf006,233.49999999999997,Re,-0.11318520345892358,-0.11318520345892358,
pair004,Bz,conf006,234.0,Re,-0.09681215132009702,-0.09681215132009702,
pair004,Bz,conf006,234.49999999999997,Re,-0.08043289080700511,-0.08043289080700511,
pair004,Bz,conf006,235.0,Re,-0.06404883700279917,-0.06404883700279917,
pair004,Bz,conf006,235.5,Re,-0.04766136164179802,-0.04766136164179802,
pair004,Bz,conf006,235.99999999999997,Re,-0.03127179511091316,-0.03127179511091316,
pair004,Bz,conf006,236.5,Re,-0.014881428345471903,-0.014881428345471903,
pair004,Bz,conf006,237.00000000000003,Re,0.000928555688383792,0.0015084853745901405,
pair004,Bz,conf006,237.49999999999997,Re,0.011814332894349189,0.01789672872258241,
pair004,Bz,conf006,238.0,Re,0.022684481095527786,0.034282118711658205,
pair004,Bz,conf006,238.50000000000003,Re,0.03353847427141976,0.05066350516514739,
pair004,Bz,conf006,239.0,Re,0.0443757951185868,0.06703976926596944,
pair004,Bz,conf006,239.5,Re,0.05519593479474083,0.08340982218067472,
pair004,Bz,conf006,239.99999999999997,Re,0.06599839267224783,0.09977260375393748,
pair004,Bz,conf006,240.5,Re,0.07678267610070555,0.11612708126961735,
pair004,Bz,conf006,241.00000000000003,Re,0.08754830017820248,0.13247224827464454,
pair004,Bz,conf006,241.5,Re,0.09829478753093879,0.14880712346229008,
pair004,Bz,conf006,242.0,Re,0.10902166810087777,0.1651307496115315,
pair004,Bz,conf006,242.49999999999997,Re,0.1197284789410955,0.18144219257941097,
pair004,Bz,conf006,243.0,Re,0.13041476401855467,0.19774054034352284,
pair004,Bz,conf006,243.49999999999997,Re,0.14108007402398304,0.21402490209185188,
pair004,Bz,conf006,244.0,Re,0.15172396618860584,0.23029440735742668,
pair004,Bz,conf006,244.5,Re,0.16234600410744338,0.2465482051953214,
pair004,Bz,conf006,244.99999999999997,Re,0.17294575756893305,0.2627854633997633,
pair004,Bz,conf006,245.5,Re,0.18352280239063146,0.2790053677591675,
pair004,Bz,conf006,246.00000000000003,Re,0.19407672026074407,0.29520712134706595,
pair004,Bz,conf006,246.50000000000003,Re,0.20460709858528014,0.31138994384704444,
pair004,Bz,conf006,247.0,Re,0.2151135303406082,0.3275530709098684,
pair004,Bz,conf006,247.50000000000003,Re,0.22559561393120098,0.34369575354110515,
pair004,Bz,conf006,248.0,Re,0.23605295305236673,0.35981725751762705,
pair004,Bz,conf006,248.5,Re,0.24648515655780479,0.37591686283152437,
pair004,Bz,conf006,248.99999999999997,Re,0.2568918383317602,0.39199386315995244,
pair004,Bz,conf006,249.5,Re,0.2672726171656423,0.4080475653596156,
pair004,Bz,conf006,249.99999999999997,Re,0.2776271166389088,0.4240772889845832,
pair004,Bz,conf006,250.5,Re,0.2879549650040809,0.44008236582627913,
pair004,Bz,conf006,251.0,Re,0.29825579507570477,0.4560621394744697,
pair004,Bz,conf006,251.49999999999997,Re,0.30852924412314287,0.47201596489822895,
pair004,Bz,conf006,252.0,Re,0.31877495376702947,0.48794320804584523,
pair004,Bz,conf006,252.49999999999997,Re,0.32899256987926395,0.50384324546272,
pair004,Bz,conf006,253.0,Re,0.3391817424864103,0.5197154639263786,
pair004,Bz,conf006,253.5,Re,0.34934212567637,0.5355592600977104,
pair004,Bz,conf006,254.00000000000003,Re,0.3594733775082186,0.5513740401876694,
pair004,Bz,conf006,254.5,Re,0.36957515992508516,0.5671592196386526,
pair004,Bz,conf006,255.00000000000003,Re,0.3796471386699578,0.5829142228198474,
pair004,Bz,conf006,255.49999999999997,Re,0.38968898320431733,0.5986384827358588,
pair004,Bz,conf006,256.0,Re,0.39970036662949116,0.6143314407479876,
pair004,Bz,conf006,256.5,Re,0.40968096561062395,0.6299925463075258,
pair004,Bz,conf006,257.0,Re,0.4196304603031875,0.6456212567005293,
pair004,Bz,conf006,257.5,Re,0.42954853428192297,0.6612170368034864,
pair004,Bz,conf006,258.0,Re,0.4394348744721255,0.6767793588493756,
pair004,Bz,conf006,258.5,Re,0.44928917108320854,0.6923077022036381,
pair004,Bz,conf006,258.99999999999994,Re,0.4591111175444367,0.7078015531495712,
pair004,Bz,conf006,259.5,Re,0.46890041044278274,0.7232604046827336,
pair004,Bz,conf006,260.0,Re,0.47865674946280223,0.7386837563139095,
pair004,Bz,conf006,260.5,Re,0.48837983732847934,0.7540711138802723,
pair004,Bz,conf006,261.0,Re,0.49806937974696486,0.7694219893643497,
pair004,Bz,conf006,261.5,Re,0.5077250853541295,0.7847359007204198,
pair004,Bz,conf006,262.00000000000006,Re,0.5173466656618906,0.8000123717080398,
pair004,Bz,conf006,262.5,Re,0.526933835007233,0.8152509317323442,
pair004,Bz,conf006,263.0,Re,0.5364863105028823,0.8304511156908434,
pair004,Bz,conf006,263.5,Re,0.5460038119895401,0.8456124638263851,
pair004,Bz,conf006,264.0,Re,0.5554860619896786,0.8607345215860611,
pair004,Bz,conf006,264.5,Re,0.5649327856627877,0.8758168394857433,
pair004,Bz,conf006,265.0,Re,0.5743437107620715,0.8908589729800418,
pair004,Bz,conf006,265.5,Re,0.583718567592501,0.905860482337409,
pair004,Bz,conf006,266.0,Re,0.5930570889702171,0.9208209325202057,
pair004,Bz,conf006,266.49999999999994,Re,0.6023590101832121,0.9156684856426975,
pair004,Bz,conf006,267.0,Re,0.6116240689532522,0.9056517847278431,
pair004,Bz,conf006,267.5,Re,0.6208520053990065,0.8956180233641449,
pair004,Bz,conf006,267.99999999999994,Re,0.6300425620003327,0.8855677714957808,
pair004,Bz,conf006,268.5,Re,0.6391954835636915,0.875501605922876,
pair004,Bz,conf006,269.0,Re,0.6483105171886339,0.8654201104133656,
pair004,Bz,conf006,269.50000000000006,Re,0.6573874122353505,0.8553238758169586,
pair004,Bz,conf006,270.0,Re,0.6664259202932239,0.8452135001812373,
pair004,Bz,conf006,270.5,Re,0.675425795150373,0.835089588869909,
pair004,Bz,conf006,271.0,Re,0.6843867927641283,0.8249527546832318,
pair004,Bz,conf006,271.5,Re,0.6933086712324459,0.814803617980618,
pair004,Bz,conf006,272.0,Re,0.6854006321591453,0.8046428068054563,
pair004,Bz,conf006,272.5,Re,0.6762837909834307,0.7944709570121453,
pair004,Bz,conf006,273.0,Re,0.6671329561322497,0.7842887123953461,
pair004,Bz,conf006,273.5,Re,0.6579484061600127,0.7740967248214996,
pair004,Bz,conf006,274.0,Re,0.6487304223939423,0.7638956543625681,
pair004,Bz,conf006,274.5,Re,0.6394792889815497,0.7536861694320509,
pair004,Bz,conf006,275.0,Re,0.6301952929396124,0.7434689469232436,
pair004,Bz,conf006,275.49999999999994,Re,0.6208787242047296,0.7332446723497659,
pair004,Bz,conf006,276.0,Re,0.6115298756854781,0.7230140399883351,
pair004,Bz,conf006,276.5,Re,0.6021490433162608,0.7127777530237969,
pair004,Bz,conf006,277.0,Re,0.5927365261128761,0.7025365236963921,
pair004,Bz,conf006,277.50000000000006,Re,0.5832926262298821,0.6922910734512551,
pair004,Bz,conf006,278.0,Re,0.5738176490198217,0.6820421330901174,
pair004,Bz,conf006,278.50000000000006,Re,0.5643119030943498,0.6717904429251986,
pair004,Bz,conf006,279.0,Re,0.5547757003873712,0.6615367529352734,
pair004,Bz,conf006,279.5,Re,0.545209356220216,0.6512818229238533,
pair004,Bz,conf006,280.0,Re,0.5356131893689511,0.6410264226794788,
pair004,Bz,conf006,280.5,Re,0.5259875221338925,0.6307713321380584,
pair004,Bz,conf006,281.0,Re,0.5163326804114059,0.6205173415472192,
pair004,Bz,conf006,281.5,Re,0.506648993768058,0.6102652516326075,
pair004,Bz,conf006,281.99999999999994,Re,0.49693679551723124,0.6000158737660877,
pair004,Bz,conf006,282.5,Re,0.48719642279825615,0.58977003013576,
pair004,Bz,conf006,283.0,Re,0.47742821665818025,0.5795285539177331,
pair004,Bz,conf006,283.5,Re,0.4676325221362576,0.5692922894495671,
pair004,Bz,conf006,284.0,Re,0.4578096883512408,0.5590620924052747,
pair004,Bz,conf006,284.5,Re,0.44796006859161297,0.5488388299718212,
pair004,Bz,conf006,285.00000000000006,Re,0.43808402040883077,0.5386233810269683,
pair004,Bz,conf006,285.5,Re,0.4281819057137066,0.5284166363183693,
pair004,Bz,conf006,286.0,Re,0.41825409087603904,0.5182194986437751,
pair004,Bz,conf006,286.5,Re,0.4083009468276151,0.5080328830322112,
pair004,Bz,conf006,287.0,Re,0.39832284916869587,0.49785771692596303,
pair004,Bz,conf006,287.5,Re,0.3883201782781316,0.48769494036322336,
pair004,Bz,conf006,288.0,Re,0.378293319427218,0.47754550616118974,
pair004,Bz,conf006,288.5,Re,0.3682426628974538,0.4674103800994531,
pair004,Bz,conf006,289.0,Re,0.3581686041023264,0.45729054110344447,
pair004,Bz,conf006,289.5,Re,0.34807154371327953,0.4471869814277192,
pair004,Bz,conf006,290.0,Re,0.33795188779003293,0.4371007068388584,
pair004,Bz,conf006,290.5,Re,0.3278100479153876,0.42703273679770226,
pair004,Bz,conf006,290.99999999999994,Re,0.3176464413347131,0.4169841046406695,
pair004,Bz,conf006,291.5,Re,0.30746149110026466,0.4069558577598411,
pair004,Bz,conf006,292.0,Re,0.29725562622054413,0.39694905778153156,
pair004,Bz,conf006,292.5,Re,0.28702928181485476,0.3869647807429859,
pair004,Bz,conf006,293.0,Re,0.27678289927328126,0.37700411726686656,
pair004,Bz,conf006,293.5,Re,0.26651692642226843,0.36706817273314907,
pair004,Bz,conf006,294.00000000000006,Re,0.25623181769604053,0.3571580674480421,
pair004,Bz,conf006,294.5,Re,0.24592803431405508,0.3472749368094996,
pair004,Bz,conf006,295.0,Re,0.23560604446472877,0.33741993146887617,
pair004,Bz,conf006,295.5,Re,0.22526632349568665,0.32759421748829154,
pair004,Bz,conf006,296.0,Re,0.21490935411075074,0.3177989764931517,
pair004,Bz,conf006,296.5,Re,0.20453562657396396,0.3080354058193697,
pair004,Bz,conf006,297.0,Re,0.194145638920876,0.2983047186546819,
pair004,Bz,conf006,297.49999999999994,Re,0.18373989717740158,0.2886081441735229,
pair004,Bz,conf006,298.0,Re,0.17331891558651158,0.2789469276648213,
pair004,Bz,conf006,298.49999999999994,Re,0.16288321684307872,0.26932233065211153,
pair004,Bz,conf006,299.0,Re,0.1524333323371636,0.25973563100525787,
pair004,Bz,conf006,299.5,Re,0.14196980240609025,0.2501881230431351,
pair004,Bz,conf006,300.0,Re,0.1314931765956191,0.24068111762649713,
pair004,Bz,conf006,300.50000000000006,Re,0.12100401393057703,0.2312159422402955,
pair004,Bz,conf006,301.0,Re,0.11050288319530788,0.22179394106464967,
pair004,Bz,conf006,301.5,Re,0.09999036322429511,0.2124164750336277,
pair004,Bz,conf006,302.0,Re,0.08946704320337862,0.20308492188100558,
pair004,Bz,conf006,302.5,Re,0.07893352298192302,0.19380067617207053,
pair004,Bz,conf006,303.0,Re,0.0683904133963893,0.18456514932058687,
pair004,Bz,conf006,303.5,Re,0.05783833660571136,0.1753797695899173,
pair004,Bz,conf006,303.99999999999994,Re,0.04727792643894824,0.16624598207735586,
pair004,Bz,conf006,304.5,Re,0.03670982875563911,0.15716524868059278,
pair004,Bz,conf006,305.0,Re,0.026134701819375383,0.14813904804530797,
pair004,Bz,conf006,305.5,Re,0.0155532166850465,0.13916887549276313,
pair004,Bz,conf006,306.0,Re,0.004966057600283014,0.13025624292629367,
pair004,Bz,conf006,306.49999999999994,Re,-0.005626077578367417,0.12140267871556198,
pair004,Bz,conf006,307.0,Re,-0.016222476954022902,0.11260972755737475,
pair004,Bz,conf006,307.5,Re,-0.0268224141422162,0.10387895031189442,
pair004,Bz,conf006,308.0,Re,-0.03742514780725936,0.0952119238130047,
pair004,Bz,conf006,308.5,Re,-0.04802992118162863,0.08661024065159739,
pair004,Bz,conf006,309.0,Re,-0.05863596156775941,0.07807550893052295,
pair004,Bz,conf006,309.50000000000006,Re,-0.06924247982162779,0.06960935198993745,
pair004,Bz,conf006,310.0,Re,-0.07984866981748384,0.06121340810174858,
pair004,Bz,conf006,310.5,Re,-0.09045370789309115,0.05288933013188468,
pair004,Bz,conf006,311.0,Re,-0.1010567522747785,0.044638785169096584,
pair004,Bz,conf006,311.5,Re,-0.11165694248165625,0.036463454118984995,
pair004,Bz,conf006,312.0,Re,-0.1222533987082659,0.028365031261997853,
pair004,Bz,conf006,312.5,Re,-0.13284522118499598,0.0203452237740942,
pair004,Bz,conf006,312.99999999999994,Re,-0.14343148951550355,0.01240575120886489,
pair004,Bz,conf006,313.5,Re,-0.15401126199045923,0.0045483449398422415,
pair004,Bz,conf006,313.99999999999994,Re,-0.16458357487684383,-0.0032252524381548575,
pair004,Bz,conf006,314.5,Re,-0.1751474416820995,-0.010913287749826805,
pair004,Bz,conf006,315.0,Re,-0.18570185239235815,-0.01851399792342967,
pair004,Bz,conf006,315.5,Re,-0.1962457726840483,-0.026025610719110137,
pair004,Bz,conf006,316.0,Re,-0.2067781431081186,-0.03344634550251402,
pair004,Bz,conf006,316.5,Re,-0.21729787824618296,-0.040774414064588704,
pair004,Bz,conf006,317.0,Re,-0.22780386583785117,-0.048008021488398445,
pair004,Bz,conf006,317.5,Re,-0.23829496587858134,-0.05514536706369655,
pair004,Bz,conf006,318.0,Re,-0.24877000968738416,-0.062184645249899084,
pair004,Bz,conf006,318.5,Re,-0.2592277989437217,-0.06912404668794747,
pair004,Bz,conf006,319.0,Re,-0.2696671046930559,-0.07596175926150406,
pair004,Bz,conf006,319.5,Re,-0.28008666632044354,-0.0826959692076994,
pair004,Bz,conf006,320.0,Re,-0.2904851904917405,-0.08932591263506029,
pair004,Bz,conf006,320.5,Re,-0.3008613500619519,-0.09586225353294675,
pair004,Bz,conf006,321.0,Re,-0.31121378295040936,-0.1023061340990099,
pair004,Bz,conf006,321.5,Re,-0.3215410909825156,-0.10865488758888575,
pair004,Bz,conf006,321.99999999999994,Re,-0.3318418386979003,-0.11490584925042069,
pair004,Bz,conf006,322.5,Re,-0.34211455212498354,-0.12105635842458584,
pair004,Bz,conf006,323.0,Re,-0.35235771752203227,-0.12710376073010465,
pair004,Bz,conf006,323.50000000000006,Re,-0.36256978008500895,-0.13304541033081407,
pair004,Bz,conf006,324.0,Re,-0.3727491426226428,-0.13887867228435247,
pair004,Bz,conf006,324.5,Re,-0.38289416419939193,-0.1446009249703808,
pair004,Bz,conf006,325.0,Re,-0.3930031587471523,-0.15020956259609664,
pair004,Bz,conf006,325.5,Re,-0.40307439364688546,-0.15570199777637272,
pair004,Bz,conf006,326.0,Re,-0.41310608828153494,-0.16107566418535613,
pair004,Bz,conf006,326.50000000000006,Re,-0.42309641256201935,-0.16632801927592622,
pair004,Bz,conf006,327.0,Re,-0.43304348542833715,-0.17145654706287994,
pair004,Bz,conf006,327.5,Re,-0.4429453733283093,-0.1764587609652426,
pair004,Bz,conf006,327.99999999999994,Re,-0.4528000886768271,-0.1813322067025802,
pair004,Bz,conf006,328.5,Re,-0.46260558829900855,-0.18607446523969862,
pair004,Bz,conf006,329.0,Re,-0.47235977186115385,-0.19068315577358663,
pair004,Bz,conf006,329.49999999999994,Re,-0.4820604802939923,-0.19515593875600512,
pair004,Bz,conf006,330.0,Re,-0.4917054942132859,-0.19949051894457082,
pair004,Bz,conf006,330.5,Re,-0.5012925323435835,-0.2036846484747732,
pair004,Bz,conf006,331.0,Re,-0.510819249951634,-0.20773612994487123,
pair004,Bz,conf006,331.5,Re,-0.5202832372967567,-0.21164281950519048,
pair004,Bz,conf006,332.0,Re,-0.5296820181063451,-0.21540262994295523,
pair004,Bz,conf006,332.50000000000006,Re,-0.5390130480855817,-0.21901353375339894,
pair004,Bz,conf006,333.0,Re,-0.5482737134714564,-0.22247356618759007,
pair004,Bz,conf006,333.49999999999994,Re,-0.5574613296422198,-0.225780828267113,
pair004,Bz,conf006,334.00000000000006,Re,-0.5665731397945195,-0.22893348975550554,
pair004,Bz,conf006,334.5,Re,-0.5756063137016622,-0.2319297920761778,
pair004,Bz,conf006,335.0,Re,-0.5845579465677059,-0.23476805116641097,
pair004,Bz,conf006,335.49999999999994,Re,-0.5934250579933389,-0.24562856011658152,
pair004,Bz,conf006,336.0,Re,-0.6022045910709133,-0.2611095887978425,
pair004,Bz,conf006,336.5,Re,-0.6108934116273498,-0.2765486508110946,
pair004,Bz,conf006,336.99999999999994,Re,-0.6194883076351103,-0.29195491224730086,
pair004,Bz,conf006,337.5,Re,-0.6279859888128181,-0.3073881804661984,
pair004,Bz,conf006,338.0,Re,-0.636383086438605,-0.32285423425691095,
pair004,Bz,conf006,338.5,Re,-0.64467615340071,-0.3383494313968869,
pair004,Bz,conf006,339.0,Re,-0.6528616645111854,-0.3538700087012161,
pair004,Bz,conf006,339.5,Re,-0.6609360171099952,-0.36941207567743795,
pair004,Bz,conf006,340.0,Re,-0.668895531987943,-0.3849716077917622,
pair004,Bz,conf006,340.5,Re,-0.6767364546580458,-0.4005444393249744,
pair004,Bz,conf006,340.99999999999994,Re,-0.684454957005875,-0.4161262557956531,
pair004,Bz,conf006,341.50000000000006,Re,-0.6920471393501344,-0.4317125859278572,
pair004,Bz,conf006,342.0,Re,-0.699509032945219,-0.4472987931401522,
pair004,Bz,conf006,342.49999999999994,Re,-0.7068366029576855,-0.4628800665328101,
pair004,Bz,conf006,343.00000000000006,Re,-0.7140257519483278,-0.4784514113501259,
pair004,Bz,conf006,343.5,Re,-0.7210723238909825,-0.49925036917641563,
pair004,Bz,conf006,344.0,Re,-0.7279721087580816,-0.5275302961588928,
pair004,Bz,conf006,344.49999999999994,Re,-0.7347208477013093,-0.5558820808147744,
pair004,Bz,conf006,345.0,Re,-0.7413142388535334,-0.5843027606482272,
pair004,Bz,conf006,345.5,Re,-0.7477479437752473,-0.6127892671466308,
pair004,Bz,conf006,346.0,Re,-0.7540175945652172,-0.64133841220811,
pair004,Bz,conf006,346.5,Re,-0.7601188016506167,-0.6699468722393729,
pair004,Bz,conf006,347.0,Re,-0.7660471622668535,-0.6986111694522308,
pair004,Bz,conf006,347.5,Re,-0.7717982696313086,-0.727327649775208,
pair004,Bz,conf006,348.0,Re,-0.7773677228084549,-0.7560924566546643,
pair004,Bz,conf006,348.50000000000006,Re,-0.7849014998376471,-0.7849014998376471,
pair004,Bz,conf006,349.0,Re,-0.8137504179939382,-0.8137504179939382,
pair004,Bz,conf006,349.5,Re,-0.8426345337301905,-0.8426345337301905,
pair004,Bz,conf006,349.99999999999994,Re,-0.8715487991503789,-0.8715487991503789,
pair004,Bz,conf006,350.50000000000006,Re,-0.9004877295920465,-0.9004877295920465,
pair004,Bz,conf006,351.0,Re,-0.9294453224704117,-0.9294453224704117,
pair004,Bz,conf006,351.49999999999994,Re,-0.9584149572286931,-0.9584149572286931,
pair004,Bz,conf006,352.0,Re,-0.9873892711307949,-0.9873892711307949,
pair004,Bz,conf006,352.5,Re,-1.0163600039114018,-1.0163600039114018,
pair004,Bz,conf006,353.0,Re,-1.0453178019276435,-1.0453178019276435,
pair004,Bz,conf006,353.5,Re,-1.074251969157523,-1.074251969157523,
pair004,Bz,conf006,354.0,Re,-1.1031501477504155,-1.1031501477504155,
pair004,Bz,conf006,354.5,Re,-1.1319979042362927,-1.1319979042362927,
pair004,Bz,conf006,355.0,Re,-1.1607781880071193,-1.1607781880071193,
pair004,Bz,conf006,355.5,Re,-1.1894706148651704,-1.1894706148651704,
pair004,Bz,conf006,356.00000000000006,Re,-1.218050508078159,-1.218050508078159,
pair004,Bz,conf006,356.5,Re,-1.246487599047471,-1.246487599047471,
pair004,Bz,conf006,357.0,Re,-1.2747442439980614,-1.2747442439980614,
pair004,Bz,conf006,357.50000000000006,Re,-1.3027729436124207,-1.3027729436124207,
pair004,Bz,conf006,358.0,Re,-1.3305128462236904,-1.3305128462236904,
pair004,Bz,conf006,358.5,Re,-1.3578847524907327,-1.3578847524907327,
pair004,Bz,conf006,358.99999999999994,Si,-1.3847838931528065,-1.3847838931528065,
pair004,Bz,conf006,359.50000000000006,Si,-1.4110693905915492,-1.4110693905915492,
pair004,SB,conf010,0.0,Si,-1.4517514304356096,-1.4517514304356096,5.680613218406224
pair004,SB,conf010,0.5,Si,-1.4740395770678698,-1.4740395770678698,5.679515923341489
pair004,SB,conf010,1.0,Si,-1.4943152866216642,-1.4943152866216642,5.678315656844992
pair004,SB,conf010,1.5,Si,-1.5119198635446462,-1.5119198635446462,5.677012462667701
pair004,SB,conf010,2.0,Si,-1.526034722582764,-1.526034722582764,5.675606388327026
pair004,SB,conf010,2.5,Si,-1.535753195914714,-1.535753195914714,5.674097485108691
pair004,SB,conf010,3.0,Si,-1.5402678216964494,-1.5402678216964494,5.672485808068775
pair004,SB,conf010,3.5,Si,-1.539138546374958,-1.539138546374958,5.670771416035905
pair004,SB,conf010,4.0,Si,-1.5324797807830108,-1.5324797807830108,5.668954371613591
pair004,SB,conf010,4.5,Si,-1.5209089924594397,-1.5209089924594397,5.6670347411827215
pair004,SB,conf010,5.0,Si,-1.5053029327872873,-1.5053029327872873,5.665012594904212
pair004,SB,conf010,5.5,Si,-1.4865487845602012,-1.4865487845602012,5.662888006721811
pair004,SB,conf010,6.0,Si,-1.5093939868382107,-1.5093939868382107,5.660661054365049
pair004,SB,conf010,6.5,Si,-1.4774538326809827,-1.4774538326809827,5.6583318193523535
pair004,SB,conf010,7.0,Si,-1.4216091008057492,-1.4216091008057492,5.655900386994325
pair004,SB,conf010,7.499999999999999,Si,-1.3928542127837553,-1.3928542127837553,5.653366846397157
pair004,SB,conf010,8.0,Si,-1.3667507471561307,-1.3667507471561307,5.650731290466219
pair004,SB,conf010,8.5,Si,-1.3400393760960818,-1.3400393760960818,5.647993815909809
pair004,SB,conf010,9.0,Si,-1.3128527886249495,-1.3128527886249495,5.645154523243045
pair004,SB,conf010,9.499999999999998,Si,-1.2852914810926261,-1.2852914810926261,5.642213516791944
pair004,SB,conf010,10.0,Si,-1.2574326414153751,-1.2574326414153751,5.6391709046976395
pair004,SB,conf010,10.5,Si,-1.2293364011759027,-1.2293364011759027,5.636026798920765
pair004,SB,conf010,11.0,Si,-1.2010502626164006,-1.2010502626164006,5.632781315246026
pair004,SB,conf010,11.499999999999998,Si,-1.1726122625039017,-1.1726122625039017,5.629434573286902
pair004,SB,conf010,12.0,Si,-1.144053257824381,-1.144053257824381,5.625986696490541
pair004,SB,conf010,12.5,Si,-1.1153985960222683,-1.1153985960222683,5.622437812142806
pair004,SB,conf010,13.0,Si,-1.0866693496379074,-1.0866693496379074,5.618788051373505
pair004,SB,conf010,13.5,Si,-1.0578832393181272,-1.0578832393181272,5.6150375491617694
pair004,SB,conf010,14.0,Si,-1.029055331425245,-1.029055331425245,5.611186444341632
pair004,SB,conf010,14.500000000000002,Si,-1.0001985708169114,-1.0001985708169114,5.60723487960775
pair004,SB,conf010,14.999999999999998,Si,-0.9837144922329774,-0.9837144922329774,5.603183001521327
pair004,SB,conf010,15.5,Si,-0.9758913501671322,-0.9758913501671322,5.599030960516179
pair004,SB,conf010,16.0,Si,-0.9675942726792786,-0.9675942726792786,5.5947789109050206
pair004,SB,conf010,16.5,Si,-0.9588416471918639,-0.9588416471918639,5.590427010885884
pair004,SB,conf010,17.0,Si,-0.9496520198015653,-0.9496520198015653,5.585975422548751
pair004,SB,conf010,17.5,Si,-0.9400439764690504,-0.9400439764690504,5.58142431188236
pair004,SB,conf010,18.0,Si,-0.9300360365806537,-0.9300360365806537,5.576773848781174
pair004,SB,conf010,18.5,Si,-0.9196465590804965,-0.9196465590804965,5.572024207052568
pair004,SB,conf010,18.999999999999996,Si,-0.9088936610356153,-0.9088936610356153,5.567175564424176
pair004,SB,conf010,19.5,Si,-0.8977951482249495,-0.8977951482249495,5.562228102551442
pair004,SB,conf010,20.0,Si,-0.8863684571338727,-0.8863684571338727,5.55718200702535
pair004,SB,conf010,20.499999999999996,Si,-0.8746306075847908,-0.8746306075847908,5.552037467380353
pair004,SB,conf010,21.0,Si,-0.8625981651348809,-0.8625981651348809,5.5467946771025005
pair004,SB,conf010,21.5,Si,-0.8724852100592005,-0.8724852100592005,5.541453833637748
pair004,SB,conf010,22.0,Si,-0.8754832020356363,-0.8754832020356363,5.536015138400467
pair004,SB,conf010,22.5,Si,-0.8647667268486354,-0.8647667268486354,5.530478796782177
pair004,SB,conf010,22.999999999999996,Si,-0.8415664561385143,-0.8415664561385143,5.524845018160438
pair004,SB,conf010,23.5,Si,-0.8080991760884293,-0.8080991760884293,5.51911401590799
pair004,SB,conf010,24.0,Si,-0.785081794956487,-0.785081794956487,5.5132860074020655
pair004,SB,conf010,24.5,Si,-0.7714086400359749,-0.7714086400359749,5.507361214033933
pair004,SB,conf010,25.0,Si,-0.7575550450192933,-0.7575550450192933,5.501339861218629
pair004,SB,conf010,25.499999999999996,Si,-0.7435329564661597,-0.7435329564661597,5.495222178404919
pair004,SB,conf010,26.0,Si,-0.729353832818782,-0.729353832818782,5.489008399085472
pair004,SB,conf010,26.5,Si,-0.7150286589369511,-0.7150286589369511,5.482698760807244
pair004,SB,conf010,27.0,Si,-0.7005679617496645,-0.7005679617496645,5.476293505182079
pair004,SB,conf010,27.5,Si,-0.6859818266886335,-0.6859818266886335,5.469792877897552
pair004,SB,conf010,28.0,Si,-0.6712799146194484,-0.6712799146194484,5.4631971287280034
pair004,SB,conf010,28.5,Si,-0.6564714790314521,-0.6564714790314521,5.456506511545831
pair004,SB,conf010,29.000000000000004,Si,-0.6415653832875736,-0.6415653832875736,5.449721284332989
pair004,SB,conf010,29.499999999999996,Si,-0.6265701177707723,-0.6265701177707723,5.442841709192736
pair004,SB,conf010,29.999999999999996,Si,-0.6114938167946478,-0.6114938167946478,5.435868052361599
pair004,SB,conf010,30.5,Si,-0.596344275172517,-0.596344275172517,5.428800584221589
pair004,SB,conf010,31.0,Si,-0.5811289643622584,-0.5811289643622584,5.421639579312654
pair004,SB,conf010,31.5,Si,-0.5658550481238533,-0.5658550481238533,5.414385316345356
pair004,SB,conf010,32.0,Si,-0.5505293976431445,-0.5505293976431445,5.407038078213825
pair004,SB,conf010,32.5,Si,-0.5351586060893285,-0.5351586060893285,5.399598152008931
pair004,SB,conf010,33.0,Si,-0.5197490025853038,-0.5197490025853038,5.392065829031724
pair004,SB,conf010,33.49999999999999,Si,-0.5043066655796509,-0.5043066655796509,5.384441404807115
pair004,SB,conf010,34.0,Si,-0.48883743561688164,-0.48883743561688164,5.376725179097827
pair004,SB,conf010,34.5,Si,-0.47334692750898477,-0.47334692750898477,5.368917455918588
pair004,SB,conf010,35.0,Si,-0.4578405419163911,-0.4578405419163911,5.361018543550605
pair004,SB,conf010,35.5,Si,-0.4423234763505133,-0.4423234763505133,5.353028754556284
pair004,SB,conf010,36.0,Si,-0.4268007356130925,-0.4268007356130925,5.3449484057942325
pair004,SB,conf010,36.5,Si,-0.4112771416899432,-0.4112771416899432,5.336777818434525
pair004,SB,conf010,37.0,Si,-0.39575734311834965,-0.39575734311834965,5.328517317974244
pair004,SB,conf010,37.5,Si,-0.3802458238485513,-0.3802458238485513,5.3201672342532955
pair004,SB,conf010,37.99999999999999,Si,-0.36474691162044914,-0.36474691162044914,5.311727901470517
pair004,SB,conf010,38.5,Si,-0.34926478587705123,-0.34926478587705123,5.3031996582000485
pair004,SB,conf010,39.0,Si,-0.3338034852362315,-0.3338034852362315,5.294582847408009
pair004,SB,conf010,39.5,Si,-0.3183669145422283,-0.3183669145422283,5.285877816469451
pair004,SB,conf010,40.0,Si,-0.3029588515179684,-0.3029588515179684,5.27708491718561
pair004,SB,conf010,40.5,Si,-0.28758295303881476,-0.28758295303881476,5.26820450580146
pair004,SB,conf010,40.99999999999999,Si,-0.2722151725392439,-0.2722151725392439,5.259236943023552
pair004,SB,conf010,41.5,Si,-0.25941669470473916,-0.25680399027104284,5.25018259403817
pair004,SB,conf010,42.0,Si,-0.24895126327461892,-0.2413505172840864,5.241041828529781
pair004,SB,conf010,42.5,Si,-0.2384686377614682,-0.2258572418847864,5.231815020699811
pair004,SB,conf010,43.0,Si,-0.2279700159582838,-0.21032656739678046,5.222502549285714
pair004,SB,conf010,43.5,Si,-0.2174565660045129,-0.19476081582999982,5.213104797580373
pair004,SB,conf010,44.0,Si,-0.20692942735117192,-0.17916223139084897,5.203622153451812
pair004,SB,conf010,44.50000000000001,Si,-0.1963897116950284,-0.16353298383879245,5.194055009363245
pair004,SB,conf010,45.0,Si,-0.1858385038824768,-0.14787517169472442,5.184403762393421
pair004,SB,conf010,45.5,Si,-0.1752768627837964,-0.13219082530656912,5.174668814257343
pair004,SB,conf010,45.99999999999999,Si,-0.16470582213847562,-0.11648190977751982,5.16485057132728
pair004,SB,conf010,46.49999999999999,Si,-0.15412639137233075,-0.1007503277623214,5.154949444654141
pair004,SB,conf010,47.0,Si,-0.14353955638714133,-0.0849979221369146,5.144965849989184
pair004,SB,conf010,47.5,Si,-0.13294628032354638,-0.06922647854667696,5.134900207806064
pair004,SB,conf010,48.0,Si,-0.12234750429793517,-0.05343772783837952,5.124752943323234
pair004,SB,conf010,48.5,Si,-0.1117441481140915,-0.03763334838086618,5.114524486526694
pair004,SB,conf010,49.0,Si,-0.10113711095031763,-0.021814968279303182,5.104215272193095
pair004,SB,conf010,49.50000000000001,Si,-0.0905272720227901,-0.005984167487726566,5.0938257399132105
pair004,SB,conf010,50.0,Si,-0.0799154912258686,0.00985752017556707,5.083356334115756
pair004,SB,conf010,50.5,Si,-0.06930260975008173,0.025708605105377647,5.072807504091571
pair004,SB,conf010,50.99999999999999,Si,-0.05868945067850562,0.04156764007545166,5.062179704018197
pair004,SB,conf010,51.49999999999999,Si,-0.048076819562230755,0.057433218488769144,5.051473392984795
pair004,SB,conf010,52.0,Si,-0.03746550497560297,0.07330397270831934,5.040689035017451
pair004,SB,conf010,52.50000000000001,Si,-0.026856279051915788,0.08917857246461547,5.029827099104875
pair004,SB,conf010,53.0,Si,-0.016249898000201046,0.10505572333634783,5.018888059224453
pair004,SB,conf010,53.5,Si,-0.005647102603776988,0.12093416530070678,5.0078723943687145
pair004,SB,conf010,54.0,Si,0.004951381298839985,0.1368126713500908,4.996780588572166
pair004,SB,conf010,54.49999999999999,Si,0.01554484235003506,0.15269004617203263,4.985613130938534
pair004,SB,conf010,55.0,Si,0.026132583225625172,0.1685651248893425,4.974370515668385
pair004,SB,conf010,55.5,Si,0.036713920203228056,0.18443677185757834,4.963053242087165
pair004,SB,conf010,56.0,Si,0.04728818274593194,0.20030387951711992,4.951661814673628
pair004,SB,conf010,56.5,Si,0.05785471310070034,0.21616536729721147,4.940196743088666
pair004,SB,conf010,57.0,Si,0.06841286591100504,0.2320201805695068,4.928658542204564
pair004,SB,conf010,57.5,Si,0.0789620078431652,0.24786728964872418,4.917047732134645
pair004,SB,conf010,58.00000000000001,Si,0.08950151722590305,0.2637056888381646,4.905364838263344
pair004,SB,conf010,58.5,Si,0.10003078370264129,0.2795343955179448,4.8936103912766935
pair004,SB,conf010,58.99999999999999,Si,0.11054920789608147,0.2953524492738959,4.881784927193227
pair004,SB,conf010,59.5,Si,0.1210562010846079,0.31115891106518734,4.869888987395303
pair004,SB,conf010,59.99999999999999,Si,0.13155118489010031,0.3269528624288214,4.8579231186608585
pair004,SB,conf010,60.5,Si,0.14203359097672874,0.3427334047192463,4.845887873195592
pair004,SB,conf010,61.0,Si,0.1525028607603327,0.3584996583814106,4.83378380866556
pair004,SB,conf010,61.50000000000001,Si,0.16295844512800217,0.37425076225567433,4.821611488230225
pair004,SB,conf010,62.0,Si,0.17339980416747403,0.3899858729130601,4.809371480575921
pair004,SB,conf010,62.49999999999999,Si,0.18382640690600427,0.4057041640194152,4.797064359949763
pair004,SB,conf010,63.0,Si,0.19423773105834252,0.42140482572711346,4.784690706193995
pair004,SB,conf010,63.50000000000001,Si,0.20463326278350036,0.4370870640930058,4.772251104780768
pair004,SB,conf010,64.0,Si,0.21501249644997267,0.452750100521383,4.759746146847371
pair004,SB,conf010,64.5,Si,0.2253749344091105,0.46839317123078117,4.747176429231887
pair004,SB,conf010,65.0,Si,0.23572008677634493,0.4840155267435169,4.734542554509305
pair004,SB,conf010,65.50000000000001,Si,0.2460474712199685,0.49961643139689094,4.721845131028079
pair004,SB,conf010,66.0,Si,0.2563566127572088,0.5151951628750611,4.709084772947119
pair004,SB,conf010,66.5,Si,0.26664704355731317,0.5307510117606229,4.696262100273223
pair004,SB,conf010,66.99999999999999,Si,0.2769183027513977,0.5462832811049896,4.683377738898988
pair004,SB,conf010,67.5,Si,0.28716993624881026,0.561791286016714,4.670432320641119
pair004,SB,conf010,68.0,Si,0.29740149655976933,0.5772743532669222,4.6574264832792185
pair004,SB,conf010,68.5,Si,0.30761254262404636,0.5927318209110866,4.64436087059501
pair004,SB,conf010,69.0,Si,0.31780263964548183,0.6081630379263914,4.631236132412003
pair004,SB,conf010,69.5,Si,0.32797135893210805,0.6235673638639836,4.618052924635601
pair004,SB,conf010,70.0,Si,0.33811827774168646,0.6389441685154387,4.604811909293662
pair004,SB,conf010,70.49999999999999,Si,0.3482429791324615,0.6542928315928112,4.591513754577486
pair004,SB,conf010,71.0,Si,0.3583450518189344,0.6696127424216456,4.578159134883247
pair004,SB,conf010,71.5,Si,0.36842409003248444,0.6849032996463793,4.564748730853868
pair004,SB,conf010,72.0,Si,0.37847969338666165,0.7001639109475939,4.551283229421314
pair004,SB,conf010,72.5,Si,0.38851146674697556,0.7153939927705759,4.537763323849337
pair004,SB,conf010,73.0,Si,0.3985190201050268,0.7305929700646983,4.524189713776632
pair004,SB,conf010,73.50000000000001,Si,0.40850196845682185,0.7457602760331465,4.51056310526042
pair004,SB,conf010,74.0,Si,0.4184599316851223,0.7608953518925385,4.496884210820459
pair004,SB,conf010,74.5,Si,0.42839253444568315,0.7759976466420018,4.48315374948346
pair004,SB,conf010,75.0,Si,0.4382994060572478,0.7910666168413079,4.46937244682792
pair004,SB,conf010,75.5,Si,0.4481801803951502,0.8034044111504384,4.455541035029359
pair004,SB,conf010,75.99999999999999,Si,0.4580344957884239,0.792562486702779,4.441660252905953
pair004,SB,conf010,76.5,Si,0.46786199492026115,0.7817046304547051,4.427730845964554
pair004,SB,conf010,77.0,Si,0.47766232473173464,0.7708314646968308,4.413753566447115
pair004,SB,conf010,77.5,Si,0.48743513632863933,0.7599436199497058,4.399729173377466
pair004,SB,conf010,78.0,Si,0.49718008489137255,0.7490417351213454,4.385658432608476
pair004,SB,conf010,78.49999999999999,Si,0.5068968295877221,0.7381264576682753,4.371542116869575
pair004,SB,conf010,79.0,Si,0.5165850334884727,0.7271984437601537,4.357381005814613
pair004,SB,conf010,79.5,Si,0.5262443634857352,0.7162583584480273,4.343175886070076
pair004,SB,conf010,80.0,Si,0.5358744902138926,0.7053068758362702,4.328927551283623
pair004,SB,conf010,80.49999999999999,Si,0.5454750879730887,0.6943446792582642,4.314636802172943
pair004,SB,conf010,81.0,Si,0.5550458346551521,0.683372461455878,4.300304446574916
pair004,SB,conf010,81.5,Si,0.5645864116718895,0.6723909247627857,4.285931299495067
pair004,SB,conf010,81.99999999999999,Si,0.5740965038856551,0.6614007812916836,4.271518183157301
pair004,SB,conf010,82.5,Si,0.5835757995421289,0.6504027531254455,4.257065927053903
pair004,SB,conf010,83.0,Si,0.5930239902052097,0.6393975725122674,4.2425753679957765
pair004,SB,conf010,83.50000000000001,Si,0.6024407706939783,0.6283859820648361,4.228047350162935
pair004,SB,conf010,84.0,Si,0.6118258390216316,0.6173687349635666,4.213482725155179
pair004,SB,conf010,84.5,Si,0.60634659516394,0.60634659516394,4.198882352042993
pair004,SB,conf010,85.0,Si,0.595320337607977,0.595320337607977,4.1842470974186075
pair004,SB,conf010,85.5,Si,0.5842907484398701,0.5842907484398701,4.169577835447225
pair004,SB,conf010,86.0,Si,0.573258625225799,0.573258625225799,4.154875447918373
pair004,SB,conf010,86.5,Si,0.5622247771779467,0.5622247771779467,4.1401408242973705
pair004,SB,conf010,87.0,Si,0.5511900253827353,0.5511900253827353,4.125374861776892
pair004,SB,conf010,87.49999999999999,Si,0.5401552030332673,0.5401552030332673,4.110578465328581
pair004,SB,conf010,88.0,Si,0.529121155665998,0.529121155665998,4.09575254775471
pair004,SB,conf010,88.5,Si,0.5180887414016164,0.5180887414016164,4.080898029739856
pair004,SB,conf010,89.00000000000001,Si,0.5070588311901154,0.5070588311901154,4.066015839902541
pair004,SB,conf010,89.5,Si,0.4960323090600365,0.4960323090600365,4.051106914846837
pair004,SB,conf010,90.0,Si,0.48501007237185356,0.48501007237185356,4.036172199213894
pair004,SB,conf010,90.5,Si,0.47399303207544796,0.47399303207544796,4.021212645733339
pair004,SB,conf010,91.0,Si,0.4629821129716263,0.4629821129716263,4.0062292152745425
pair004,SB,conf010,91.5,Si,0.45197825397761116,0.45197825397761116,3.9912228768976985
pair004,SB,conf010,91.99999999999999,Si,0.44098240839642755,0.44098240839642755,3.976194607904684
pair004,SB,conf010,92.5,Si,0.429995544190094,0.429995544190094,3.9611453938896504
pair004,SB,conf010,92.99999999999999,Si,0.41901864425651936,0.41901864425651936,3.946076228789338
pair004,SB,conf010,93.50000000000001,Si,0.4080527067099642,0.4080527067099642,3.9309881149330175
pair004,SB,conf010,94.0,Si,0.3970987451649577,0.3970987451649577,3.915882063092076
pair004,SB,conf010,94.5,Si,0.3861577890234835,0.3861577890234835,3.900759092529141
pair004,SB,conf010,95.0,Si,0.3752308837652867,0.3752308837652867,3.8856202310467522
pair004,SB,conf010,95.5,Si,0.3643190912410932,0.3643190912410932,3.8704665150354836
pair004,SB,conf010,96.0,Si,0.35342348996852313,0.35342348996852313,3.8552989895214904
pair004,SB,conf010,96.5,Si,0.3425451754304716,0.3425451754304716,3.8401187082134256
pair004,SB,conf010,97.0,Si,0.3316852603756837,0.3316852603756837,3.8249267335486645
pair004,SB,conf010,97.49999999999999,Si,0.32084487512123316,0.32084487512123316,3.809724136600462
pair004,SB,conf010,98.0,Si,0.31002516785659595,0.31002516785659595,3.794340741436271
pair004,SB,conf010,98.49999999999999,Si,0.2992273049489702,0.2992273049489702,3.7786065820672703
pair004,SB,conf010,99.00000000000001,Si,0.28845247124945605,0.28845247124945605,3.762522159388706
pair004,SB,conf010,99.5,Si,0.2777018703997045,0.2777018703997045,3.746088014026698
pair004,SB,conf010,100.0,Si,0.2669767251385702,0.2669767251385702,3.729304726276274
pair004,SB,conf010,100.50000000000001,Si,0.2562782776083068,0.2562782776083068,3.71217291604388
pair004,SB,conf010,101.0,Si,0.24560778965977215,0.24560778965977215,3.69469324279452
pair004,SB,conf010,101.5,Si,0.234966543156091,0.234966543156091,3.6768664055037044
pair004,SB,conf010,101.99999999999999,Si,0.22435584027417432,0.22435584027417432,3.6586931426143763
pair004,SB,conf010,102.5,Si,0.2137770038034401,0.2137770038034401,3.640174231999048
pair004,SB,conf010,102.99999999999999,Si,0.20323137744105924,0.20323137744105924,3.621310490927336
pair004,SB,conf010,103.49999999999999,Si,0.1927203260829622,0.1927203260829622,3.6021027760391156
pair004,SB,conf010,104.0,Si,0.18224523610983434,0.18224523610983434,3.5825519833235755
pair004,SB,conf010,104.5,Si,0.1718075156672405,0.1718075156672405,3.5626590481043885
pair004,SB,conf010,105.00000000000001,Si,0.1614085949389792,0.1614085949389792,3.5424249450312906
pair004,SB,conf010,105.5,Si,0.15104992641270876,0.15104992641270876,3.50704470295154
pair004,SB,conf010,106.0,Si,0.14073298513682153,0.14073298513682153,3.468191151042409
pair004,SB,conf010,106.5,Si,0.13045926896748616,0.13045926896748616,3.4290807034328132
pair004,SB,conf010,107.0,Si,0.1202302988047077,0.1202302988047077,3.389717173670948
pair004,SB,conf010,107.49999999999999,Si,0.11004761881619607,0.11004761881619607,3.3501044551307064
pair004,SB,conf010,108.0,Si,0.09991279664775621,0.09991279664775621,3.3102465235771987
pair004,SB,conf010,108.5,Si,0.08982742361884966,0.08982742361884966,3.2701474399051795
pair004,SB,conf010,108.99999999999999,Si,0.07979311490190177,0.07979311490190177,3.229811353062728
pair004,SB,conf010,109.50000000000001,Si,0.06981150968385963,0.06981150968385963,3.189242503173519
pair004,SB,conf010,110.0,Si,0.059884271308422665,0.059884271308422665,3.1484452248720647
pair004,SB,conf010,110.50000000000001,Si,0.050013087397299705,0.050013087397299705,3.107423950867461
pair004,SB,conf010,111.0,Si,0.040199669948769,0.040199669948769,3.0661832157524698
pair004,SB,conf010,111.5,Si,0.030445755411729447,0.030445755411729447,3.024727660076075
pair004,SB,conf010,112.0,Si,0.02075310473337222,0.02075310473337222,2.9830620346991976
pair004,SB,conf010,112.5,Si,0.011123503378513089,0.011123503378513089,2.941191205454853
pair004,SB,conf010,113.0,Si,0.0015587613185394922,0.0015587613185394922,2.8991201581357853
pair004,SB,conf010,113.49999999999999,Si,-0.0079392870121191,-0.0079392870121191,2.856854003834572
pair004,SB,conf010,114.0,Si,-0.01736878279419818,-0.01736878279419818,2.814397984663266
pair004,SB,conf010,114.49999999999999,Si,-0.02672784293872499,-0.02672784293872499,2.771757479881929
pair004,SB,conf010,115.0,Si,-0.03601456024139771,-0.03601456024139771,2.7289380124679212
pair004,SB,conf010,115.50000000000001,Si,-0.045227003578598435,-0.045227003578598435,2.685945256160519
pair004,SB,conf010,116.00000000000001,Si,-0.05436321814749223,-0.05436321814749223,2.6427850430183772
pair004,SB,conf010,116.5,Si,-0.06342122575271514,-0.06342122575271514,2.5994633715306295
pair004,SB,conf010,117.0,Si,-0.07239902514219865,-0.07239902514219865,2.5559864153259166
pair004,SB,conf010,117.5,Si,-0.08129459239473058,-0.08129459239473058,2.5123605325274756
pair004,SB,conf010,117.99999999999999,Si,-0.09010588136187225,-0.09010588136187225,2.468592275806632
pair004,SB,conf010,118.50000000000001,Si,-0.09883082416689071,-0.09883082416689071,2.4246884031915927
pair004,SB,conf010,119.0,Si,-0.10746733176336098,-0.10746733176336098,2.3806558896934513
pair004,SB,conf010,119.5,Si,-0.11601329455611298,-0.11601329455611298,2.3365019398166638
pair004,SB,conf010,119.99999999999999,Si,-0.12446658308717673,-0.12446658308717673,2.2922340010272695
pair004,SB,conf010,120.50000000000001,Si,-0.13282715850799431,-0.13282715850799431,2.247859778258447
pair004,SB,conf010,121.0,Si,-0.14111266669329114,-0.14111266669329114,2.2033872495400626
pair004,SB,conf010,121.5,Si,-0.14932503228713911,-0.14932503228713911,2.1588246828463546
pair004,SB,conf010,122.0,Si,-0.15746108364677758,-0.15746108364677758,2.1141806542641977
pair004,SB,conf010,122.49999999999999,Si,-0.16551762054596209,-0.16551762054596209,2.0694640675931995
pair004,SB,conf010,123.00000000000001,Si,-0.1734914156160139,-0.1734914156160139,2.0246841754984963
pair004,SB,conf010,123.5,Si,-0.18137921591431505,-0.18137921591431505,1.9798506023474876
pair004,SB,conf010,124.0,Si,-0.18917774462502912,-0.18917774462502912,1.9349733688727107
pair004,SB,conf010,124.49999999999999,Si,-0.1968837028966519,-0.1968837028966519,1.8900629188151041
pair004,SB,conf010,124.99999999999999,Si,-0.20449377182077555,-0.20449377182077555,1.8451301477143731
pair004,SB,conf010,125.5,Si,-0.21200461455616537,-0.21200461455616537,1.8001864340266873
pair004,SB,conf010,126.0,Si,-0.21941287860193448,-0.21941287860193448,1.7552436727639733
pair004,SB,conf010,126.5,Si,-0.22671519822320096,-0.22671519822320096,1.7103143118638064
pair004,SB,conf010,127.00000000000001,Si,-0.233908197032193,-0.233908197032193,1.6654113915141548
pair004,SB,conf010,127.50000000000001,Si,-0.24098849072724282,-0.24098849072724282,1.6205485866727274
pair004,SB,conf010,128.0,Si,-0.24795268999157227,-0.24795268999157227,1.5757402530362536
pair004,SB,conf010,128.5,Si,-0.25479740355311997,-0.25479740355311997,1.5310014767303677
pair004,SB,conf010,129.0,Si,-0.2627242095275877,-0.2615192414059919,1.4863481280051245
pair004,SB,conf010,129.49999999999997,Si,-0.27379105168474793,-0.2681148181933357,1.44179691923436
pair004,SB,conf010,130.0,Si,-0.2848556719191693,-0.2745807567506422,1.3973654675278226
pair004,SB,conf010,130.5,Si,-0.29591716513029076,-0.2809136918075612,1.3530723622725531
pair004,SB,conf010,131.00000000000003,Si,-0.3069746044196753,-0.2871102738454061,1.3089372379227406
pair004,SB,conf010,131.5,Si,-0.3180270403082246,-0.29316717310647444,1.2649808523538566
pair004,SB,conf010,132.0,Si,-0.32907349992240675,-0.2990810837502875,1.2212251710845885
pair004,SB,conf010,132.5,Si,-0.34011298614832297,-0.3048487281507115,1.1776934576469917
pair004,SB,conf010,133.0,Si,-0.3511444767524512,-0.31046686132678225,1.1344103703473178
pair004,SB,conf010,133.5,Si,-0.3621669234678684,-0.31593227549886027,1.09140206560368
pair004,SB,conf010,133.99999999999997,Si,-0.3731792510447296,-0.3212418047605239,1.0486963079668497
pair004,SB,conf010,134.5,Si,-0.3841803562637762,-0.32639232985536126,1.0063225868212997
pair004,SB,conf010,135.0,Si,-0.3951691069116201,-0.33138078304659624,0.9643122396180088
pair004,SB,conf010,135.5,Si,-0.40614434071656236,-0.33620415306622364,0.9226985813003419
pair004,SB,conf010,136.0,Si,-0.417104864243677,-0.34085949012911754,0.8815170393401053
pair004,SB,conf010,136.5,Si,-0.42804945174791476,-0.3453439109963765,0.8408052934916996
pair004,SB,conf010,137.0,Si,-0.4389768439839903,-0.34965460407104176,0.8006034189863744
pair004,SB,conf010,137.5,Si,-0.4498857469718245,-0.3537888345082134,0.7609540314133592
pair004,SB,conf010,138.0,Si,-0.4607748307163526,-0.3577439493206054,0.7219024309567599
pair004,SB,conf010,138.5,Si,-0.47164272788055484,-0.36151738245965426,0.683496742964564
pair004,SB,conf010,139.0,Si,-0.48248803241060223,-0.3651066598514885,0.6457880510084375
pair004,SB,conf010,139.5,Si,-0.4933092981121001,-0.368509404366387,0.6088305176439561
pair004,SB,conf010,140.0,Si,-0.5041050371764755,-0.3717233406998035,0.5726814870010528
pair004,SB,conf010,140.5,Si,-0.514873718656673,-0.37474630014264143,0.5374015621345583
pair004,SB,conf010,140.99999999999997,Si,-0.5256137668914387,-0.3775762252182344,0.5030546487707106
pair004,SB,conf010,141.5,Si,-0.5363235598776228,-0.38021117416342975,0.4537953225387257
pair004,SB,conf010,142.0,Si,-0.547001427590103,-0.382649325231303,0.40258137859265086
pair004,SB,conf010,142.50000000000003,Si,-0.5576456502491334,-0.38488898079334777,0.35143924198264487
pair004,SB,conf010,143.0,Si,-0.568254456535157,-0.3869285712195072,0.3003891250130881
pair004,SB,conf010,143.5,Si,-0.5788260217514019,-0.3887666585151217,0.24945295155103198
pair004,SB,conf010,144.0,Si,-0.5893584659348707,-0.39040193969478154,0.19865457065318504
pair004,SB,conf010,144.5,Si,-0.5998498519167144,-0.39183324987417967,0.14802000103458135
pair004,SB,conf010,145.0,Si,-0.6102981833333685,-0.3930595650623543,0.09757771117410674
pair004,SB,conf010,145.49999999999997,Si,-0.6207014025902982,-0.39408000463818404,0.047358940581142095
pair004,SB,conf010,146.0,Si,-0.6310573887807149,-0.3948938334966434,-0.002601931443754424
pair004,SB,conf010,146.5,Si,-0.641363955562203,-0.395500463852114,-0.05226696234455752
pair004,SB,conf010,147.00000000000003,Si,-0.6516188489948651,-0.3958994566879852,-0.10159416001339139
pair004,SB,conf010,147.5,Si,-0.6618197453453081,-0.3960905228438236,-0.15053692462116874
pair004,SB,conf010,148.0,Si,-0.6719642488616149,-0.39607352373352533,-0.19904340871282922
pair004,SB,conf010,148.5,Si,-0.6820498895253446,-0.3958484716900976,-0.2470557851107149
pair004,SB,conf010,149.0,Si,-0.6920741207876067,-0.3954155299349589,-0.2945094120187528
pair004,SB,conf010,149.5,Si,-0.7020343172973514,-0.3947750121719509,-0.3413318853398841
pair004,SB,conf010,150.0,Si,-0.7119277726312369,-0.39392738180853826,-0.38744197009650394
pair004,SB,conf010,150.5,Si,-0.7217516970357343,-0.4327484066820806,-0.4327484066820806
pair004,SB,conf010,151.0,Si,-0.7315032151936225,-0.4771485944607421,-0.4771485944607421
pair004,SB,conf010,151.5,Si,-0.7411793640285345,-0.5205271663127,-0.5205271663127
pair004,SB,conf010,151.99999999999997,Si,-0.7507770905629689,-0.5627544848394355,-0.5627544848394355
pair004,SB,conf010,152.5,Si,-0.7602932498469833,-0.6036851162096211,-0.6036851162096211
pair004,SB,conf010,153.0,Si,-0.7697246029767474,-0.6431563733555536,-0.6431563733555536
pair004,SB,conf010,153.5,Si,-0.7790678152242464,-0.6809870684492205,-0.6809870684492205
pair004,SB,conf010,154.0,Si,-0.7883194543016264,-0.7273914808955553,-0.7273914808955553
pair004,SB,conf010,154.5,Si,-0.7974759887860161,-0.7711276217930323,-0.7711276217930323
pair004,SB,conf010,155.0,Si,-0.8111221735870764,-0.8111221735870764,-0.8111221735870764
pair004,SB,conf010,155.5,Si,-0.8460910199756584,-0.8460910199756584,-0.8460910199756584
pair004,SB,conf010,156.0,Si,-0.8743993257551242,-0.8743993257551242,-0.8743993257551242
pair004,SB,conf010,156.49999999999997,Si,-0.8941827362246767,-0.8941827362246767,-0.8941827362246767
pair004,SB,conf010,156.99999999999997,Si,-0.9037224939425933,-0.9037224939425933,-0.9037224939425933
pair004,SB,conf010,157.5,Si,-0.9020303077122618,-0.9020303077122618,-0.9020303077122618
pair004,SB,conf010,158.0,Si,-0.9093251189226508,-0.9093251189226508,-0.9093251189226508
pair004,SB,conf010,158.5,Si,-0.9176285573105444,-0.9176285573105444,-0.9176285573105444
pair004,SB,conf010,159.0,Si,-0.9217709503446191,-0.9217709503446191,-0.9217709503446191
pair004,SB,conf010,159.5,Si,-0.9216847021829699,-0.9216847021829699,-0.9216847021829699
pair004,SB,conf010,160.0,Si,-0.9173712346955494,-0.9173712346955494,-0.9173712346955494
pair004,SB,conf010,160.5,Si,-0.908900874464668,-0.908900874464668,-0.908900874464668
pair004,SB,conf010,160.99999999999997,Si,-0.906064049568652,-0.89640736457509,-0.89640736457509
pair004,SB,conf010,161.5,Si,-0.9134613290411139,-0.8800779684098307,-0.8800779684098307
pair004,SB,conf010,162.0,Si,-0.920698455347233,-0.8601407858315433,-0.8601407858315433
pair004,SB,conf010,162.5,Si,-0.9277703669696294,-0.8368511074562844,-0.8368511074562844
pair004,SB,conf010,163.0,Si,-0.9346719380603252,-0.8104784169330905,-0.8104784169330905
pair004,SB,conf010,163.5,Si,-0.9413979868229959,-0.7812951722650635,-0.7812951722650635
pair004,SB,conf010,163.99999999999997,Si,-0.9479432849039034,-0.7495679478882312,-0.7495679478882312
pair004,SB,conf010,164.5,Si,-0.9543025678234839,-0.7155510468909433,-0.7155510468909433
pair004,SB,conf010,165.0,Si,-0.9604705464721837,-0.6794823683550133,-0.6794823683550133
pair004,SB,conf010,165.5,Si,-0.9664419196841643,-0.6415811433121834,-0.6415811433121834
pair004,SB,conf010,166.0,Si,-0.9722113878909033,-0.641156480505741,-0.6314608639353978
pair004,SB,conf010,166.5,Si,-0.9777736678434844,-0.6616558974457682,-0.6604534078281827
pair004,SB,conf010,167.00000000000003,Si,-0.9831235083775153,-0.6883641796672173,-0.6883641796672173
pair004,SB,conf010,167.5,Si,-0.98825570717832,-0.7151199404267066,-0.7151199404267066
pair004,SB,conf010,168.0,Si,-0.9931651284863953,-0.7406449844343512,-0.7406449844343512
pair004,SB,conf010,168.49999999999997,Si,-0.9978467216643798,-0.7648615715584044,-0.7648615715584044
pair004,SB,conf010,169.0,Si,-1.0022955405272658,-0.7876904841982835,-0.7876904841982835
pair004,SB,conf010,169.5,Si,-1.0065067633176263,-0.8090517184232899,-0.8090517184232899
pair004,SB,conf010,170.0,Si,-1.0104757131877053,-0.8288653140914417,-0.8288653140914417
pair004,SB,conf010,170.49999999999997,Si,-1.0141978790307982,-0.8470523225091979,-0.8470523225091979
pair004,SB,conf010,171.0,Si,-1.017668936486022,-0.8635359021804416,-0.8635359021804416
pair004,SB,conf010,171.50000000000003,Si,-1.0208847689239062,-0.8782425236905789,-0.8782425236905789
pair004,SB,conf010,172.0,Si,-1.0238414882058229,-0.8911032543203017,-0.8911032543203017
pair004,SB,conf010,172.5,Si,-1.0265354549987744,-0.9020550824357887,-0.9020550824357887
pair004,SB,conf010,173.0,Si,-1.0289632984189454,-0.9110422321867118,-0.9110422321867118
pair004,SB,conf010,173.5,Si,-1.0311219347733562,-0.9180174118590474,-0.9180174118590474
pair004,SB,conf010,174.0,Si,-1.0330085851692123,-0.9229429356662875,-0.9229429356662875
pair004,SB,conf010,174.5,Si,-1.0346207917655366,-0.925791659869456,-0.925791659869456
pair004,SB,conf010,174.99999999999997,Si,-1.0359564324515977,-0.926547680462442,-0.926547680462442
pair004,SB,conf010,175.5,Si,-1.0370137337514258,-0.9252067511433322,-0.9252067511433322
pair004,SB,conf010,176.0,Si,-1.0377912817733277,-0.9217763960638801,-0.9217763960638801
pair004,SB,conf010,176.5,Si,-1.0382880310474005,-0.9246801525733388,-0.9162757103779782
pair004,SB,conf010,177.0,Si,-1.0385033111220687,-0.9548757229178536,-0.9087348609068011
pair004,SB,conf010,177.5,Si,-1.0384368308221332,-0.9850417170070993,-0.8991943171833838
pair004,SB,conf010,178.00000000000003,Si,-1.0380886801047937,-1.0151649680758745,-0.8877038578421452
pair004,SB,conf010,178.5,Re,-1.0452303054348944,-1.0452303054348944,-0.889999710016992
pair004,SB,conf010,179.0,Re,-1.0752200867635113,-1.0752200867635113,-0.9490023235866705
pair004,SB,conf010,179.49999999999997,Re,-1.1051135966168917,-1.1051135966168917,-1.0080582223505354
pair004,SB,conf010,180.0,Re,-1.1348862659859686,-1.1348862659859686,-1.0671631401597599
pair004,SB,conf010,180.5,Re,-1.164508650315336,-1.164508650315336,-1.1263127817747558
pair004,SB,conf010,181.0,Re,-1.193945078534866,-1.193945078534866,-1.1855028087347925
pair004,SB,conf010,181.5,Re,-1.2447288139140877,-1.2447288139140877,-1.2447288139140877
pair004,SB,conf010,182.0,Re,-1.3039862728992753,-1.3039862728992753,-1.3039862728992753
pair004,SB,conf010,182.50000000000003,Re,-1.3632704435970582,-1.3632704435970582,-1.3632704435970582
pair004,SB,conf010,183.0,Re,-1.4225761365574505,-1.4225761365574505,-1.4225761365574505
pair004,SB,conf010,183.5,Re,-1.4818971097882354,-1.4818971097882354,-1.4818971097882354
pair004,SB,conf010,183.99999999999997,Re,-1.541224105783767,-1.541224105783767,-1.541224105783767
pair004,SB,conf010,184.5,Re,-1.6005358628711677,-1.6005358628711677,-1.6005358628711677
pair004,SB,conf010,185.0,Re,-1.6597107156928372,-1.6597107156928372,-1.6597107156928372
pair004,SB,conf010,185.5,Re,-1.6799381618371125,-1.6799381618371125,-1.6799381618371125
pair004,SB,conf010,185.99999999999997,Re,-1.6210619528201007,-1.6210619528201007,-1.6210619528201007
pair004,SB,conf010,186.5,Re,-1.5617691103115743,-1.5617691103115743,-1.5617691103115743
pair004,SB,conf010,187.00000000000003,Re,-1.5024436844302431,-1.5024436844302431,-1.5024436844302431
pair004,SB,conf010,187.5,Re,-1.5061171464102951,-1.5061171464102951,-1.443119299734065
pair004,SB,conf010,188.0,Re,-1.5134416040278402,-1.5134416040278402,-1.3838075208696055
pair004,SB,conf010,188.5,Re,-1.515518979804383,-1.515518979804383,-1.3245152744922377
pair004,SB,conf010,189.0,Re,-1.5121745007411094,-1.5121745007411094,-1.2652480118389398
pair004,SB,conf010,189.5,Re,-1.5036859904971749,-1.5036859904971749,-1.2060105930133715
pair004,SB,conf010,190.0,Re,-1.4906805705952464,-1.4906805705952464,-1.1468076023257034
pair004,SB,conf010,190.49999999999997,Re,-1.4739398367530656,-1.4739398367530656,-1.087643480252387
pair004,SB,conf010,191.0,Re,-1.454230165697103,-1.454230165697103,-1.0285225853243485
pair004,SB,conf010,191.49999999999997,Re,-1.4322113041508786,-1.4322113041508786,-0.969449225729322
pair004,SB,conf010,192.0,Re,-1.4084114865729478,-1.4084114865729478,-0.9104276765342774
pair004,SB,conf010,192.5,Re,-1.3832379417154463,-1.3832379417154463,-0.9328294643435926
pair004,SB,conf010,193.0,Re,-1.3569994260122498,-1.3569994260122498,-0.9872647183954951
pair004,SB,conf010,193.50000000000003,Re,-1.3299291292543503,-1.3299291292543503,-1.0387853040108717
pair004,SB,conf010,194.0,Re,-1.3022038131039793,-1.3022038131039793,-1.0834358265554564
pair004,SB,conf010,194.5,Re,-1.2739585344720046,-1.2739585344720046,-1.1102731314243632
pair004,SB,conf010,194.99999999999997,Re,-1.255428983797309,-1.255428983797309,-1.1031348085538837
pair004,SB,conf010,195.5,Re,-1.2551174943836387,-1.2551174943836387,-1.0674002602271517
pair004,SB,conf010,196.0,Re,-1.2538162558425203,-1.2538162558425203,-1.0193122668629624
pair004,SB,conf010,196.5,Re,-1.2515342669699299,-1.2515342669699299,-0.9663877565325454
pair004,SB,conf010,196.99999999999997,Re,-1.2482870617469302,-1.2482870617469302,-0.9112850402872816
pair004,SB,conf010,197.5,Re,-1.2440962151711206,-1.2440962151711206,-0.8550582395068367
pair004,SB,conf010,198.00000000000003,Re,-1.2389886849651253,-1.2389886849651253,-0.7981915594155575
pair004,SB,conf010,198.5,Re,-1.2329960343091362,-1.2329960343091362,-0.7409358744478021
pair004,SB,conf010,199.0,Re,-1.226153584626252,-1.226153584626252,-0.6834340767949527
pair004,SB,conf010,199.49999999999997,Re,-1.21849954622807,-1.21849954622807,-0.6257739799217275
pair004,SB,conf010,200.0,Re,-1.210074169240367,-1.210074169240367,-0.5680130519736046
pair004,SB,conf010,200.5,Re,-1.2009189490484702,-1.2009189490484702,-0.5101909738024927
pair004,SB,conf010,201.00000000000003,Re,-1.191075911006521,-1.191075911006521,-0.4523364580782254
pair004,SB,conf010,201.49999999999997,Re,-1.1805869896528445,-1.1805869896528445,-0.39447116317528175
pair004,SB,conf010,202.0,Re,-1.169493509139281,-1.169493509139281,-0.33661204626640795
pair004,SB,conf010,202.49999999999997,Re,-1.1578357646013737,-1.1578357646013737,-0.27877283480834636
pair004,SB,conf010,203.0,Re,-1.1456526989988673,-1.1456526989988673,-0.22096497830263928
pair004,SB,conf010,203.5,Re,-1.132981666498745,-1.132981666498745,-0.16319828216178744
pair004,SB,conf010,203.99999999999997,Re,-1.1198582715370335,-1.1198582715370335,-0.10548134078865012
pair004,SB,conf010,204.5,Re,-1.1063162719759911,-1.1063162719759911,-0.04782184020993396
pair004,SB,conf010,205.0,Re,-1.092387534946928,-1.092387534946928,0.009773226178699579
pair004,SB,conf010,205.50000000000003,Re,-1.0781020347393602,-1.0781020347393602,0.06729740104405968
pair004,SB,conf010,205.99999999999997,Re,-1.0634878832177799,-1.0634878832177799,0.12474464766112736
pair004,SB,conf010,206.5,Re,-1.0485713845279863,-1.0485713845279863,0.18210926354207468
pair004,SB,conf010,206.99999999999997,Re,-1.0333771071607831,-1.0333771071607831,0.23938581497574507
pair004,SB,conf010,207.5,Re,-1.0179279676828041,-1.0179279676828041,0.29656908682619343
pair004,SB,conf010,208.0,Re,-1.0022453215706868,-1.0022453215706868,0.3536540436179465
pair004,SB,conf010,208.5,Re,-0.9863490575703355,-0.9863490575703355,0.4106357990743894
pair004,SB,conf010,209.0,Re,-0.9702576928415647,-0.9702576928415647,0.4675095920598691
pair004,SB,conf010,209.5,Re,-0.9539884668451762,-0.9539884668451762,0.5242707674245382
pair004,SB,conf010,210.00000000000003,Re,-0.9375574324969644,-0.9375574324969644,0.5809147606397842
pair004,SB,conf010,210.49999999999997,Re,-0.9209795435667986,-0.9209795435667986,0.6374370853911142
pair004,SB,conf010,211.0,Re,-0.9042687376573271,-0.9042687376573271,0.6938333234981975
pair004,SB,conf010,211.5,Re,-0.8874380143720668,-0.8874380143720668,0.7500991166804973
pair004,SB,conf010,212.0,Re,-0.8704995084911145,-0.8704995084911145,0.806230159797636
pair004,SB,conf010,212.5,Re,-0.8534645581275611,-0.8534645581275611,0.8622221952761946
pair004,SB,conf010,213.0,Re,-0.8363437679496978,-0.8363437679496978,0.9180710084973491
pair004,SB,conf010,213.50000000000003,Re,-0.8191470676326137,-0.8191470676326137,0.9737724239673671
pair004,SB,conf010,214.0,Re,-0.8018837657553646,-0.8018837657553646,1.029322302129674
pair004,SB,conf010,214.50000000000003,Re,-0.7845625993925947,-0.7845625993925947,1.084716536705575
pair004,SB,conf010,214.99999999999997,Re,-0.7671917796673839,-0.7671917796673839,1.139951052472765
pair004,SB,conf010,215.5,Re,-0.7497790335388641,-0.7497790335388641,1.1950218034082665
pair004,SB,conf010,216.0,Re,-0.7323316420970383,-0.7323316420970383,1.2499247711359802
pair004,SB,conf010,216.50000000000003,Re,-0.7148564756304165,-0.7148564756304165,1.3046559636301007
pair004,SB,conf010,217.0,Re,-0.6973600257215147,-0.6973600257215147,1.3592114141342118
pair004,SB,conf010,217.5,Re,-0.679848434612168,-0.679848434612168,1.4135871802630164
pair004,SB,conf010,217.99999999999997,Re,-0.6623275220661793,-0.6623275220661793,1.4677793432591495
pair004,SB,conf010,218.5,Re,-0.6448028099415708,-0.6448028099415708,1.521784007382341
pair004,SB,conf010,219.00000000000003,Re,-0.6272795446694948,-0.6272795446694948,1.5755972994116554
pair004,SB,conf010,219.49999999999997,Re,-0.6097627178217615,-0.6097627178217615,1.6292153682448818
pair004,SB,conf010,220.0,Re,-0.5922570849344022,-0.5922570849344022,1.682634384581503
pair004,SB,conf010,220.5,Re,-0.5747671827409397,-0.5747671827409397,1.7358505406777411
pair004,SB,conf010,221.00000000000003,Re,-0.5572973449558811,-0.5572973449558811,1.7888600501640972
pair004,SB,conf010,221.5,Re,-0.5398517167368806,-0.5398517167368806,1.8416591479169993
pair004,SB,conf010,222.0,Re,-0.5224342679426219,-0.5224342679426219,1.8942440899775825
pair004,SB,conf010,222.49999999999997,Re,-0.5050488052931201,-0.5050488052931201,1.9466111535114539
pair004,SB,conf010,223.0,Re,-0.48769898352941454,-0.48769898352941454,1.998756636804382
pair004,SB,conf010,223.5,Re,-0.47038831566097206,-0.47038831566097206,2.050676859289248
pair004,SB,conf010,224.0,Re,-0.4531201823809139,-0.4531201823809139,2.1023681616005687
pair004,SB,conf010,224.5,Re,-0.43589784072199333,-0.43589784072199333,2.1538269056530632
pair004,SB,conf010,225.0,Re,-0.4187244320194581,-0.4187244320194581,2.2050494747414913
pair004,SB,conf010,225.50000000000003,Re,-0.4016029892409201,-0.4016029892409201,2.2560322736591116
pair004,SB,conf010,226.0,Re,-0.38453644373783646,-0.38453644373783646,2.30677172883259
pair004,SB,conf010,226.5,Re,-0.36752763146818057,-0.36752763146818057,2.3572642884714385
pair004,SB,conf010,226.99999999999997,Re,-0.3505792987354033,-0.3505792987354033,2.407506422730191
pair004,SB,conf010,227.5,Re,-0.3336941074845903,-0.3336941074845903,2.457494623881953
pair004,SB,conf010,228.0,Re,-0.31687464019312506,-0.31687464019312506,2.5072254065018473
pair004,SB,conf010,228.5,Re,-0.3001234043896648,-0.3001234043896648,2.5566953076593455
pair004,SB,conf010,228.99999999999997,Re,-0.2834428368323012,-0.2834428368323012,2.605900887118316
pair004,SB,conf010,229.49999999999997,Re,-0.2668353073739367,-0.2668353073739367,2.6548387275439955
pair004,SB,conf010,230.0,Re,-0.2503031225404604,-0.2503031225404604,2.703505434715961
pair004,SB,conf010,230.5,Re,-0.23384852884500518,-0.23384852884500518,2.751897637746465
pair004,SB,conf010,231.00000000000003,Re,-0.21747371585952724,-0.21747371585952724,2.800011989303451
pair004,SB,conf010,231.5,Re,-0.20113685844294227,-0.20113685844294227,2.847845165837672
pair004,SB,conf010,232.00000000000003,Re,-0.18478497776095226,-0.18478497776095226,2.895393867813434
pair004,SB,conf010,232.5,Re,-0.168419621723072,-0.168419621723072,2.937288851813222
pair004,SB,conf010,233.0,Re,-0.15204244423360436,-0.15204244423360436,2.9655349605224868
pair004,SB,conf010,233.49999999999997,Re,-0.13565504416128782,-0.13565504416128782,2.9934766432322886
pair004,SB,conf010,234.0,Re,-0.11925896798597035,-0.11925896798597035,3.0211119297265436
pair004,SB,conf010,234.49999999999997,Re,-0.10285571230193824,-0.10285571230193824,3.0484388921874817
pair004,SB,conf010,235.0,Re,-0.08644672618602423,-0.08644672618602423,3.07545564488534
pair004,SB,conf010,235.5,Re,-0.07003341343825942,-0.07003341343825942,3.1021603438906262
pair004,SB,conf010,235.99999999999997,Re,-0.05361713470230556,-0.05361713470230556,3.1285511868078193
pair004,SB,conf010,236.5,Re,-0.03719920947255617,-0.03719920947255617,3.1546264125292898
pair004,SB,conf010,237.00000000000003,Re,-0.02078091799439119,-0.02078091799439119,3.180384301008352
pair004,SB,conf010,237.49999999999997,Re,-0.004363503063649743,-0.004363503063649743,3.2058231730504425
pair004,SB,conf010,238.0,Re,0.012051828268920595,0.012051828268920595,3.230941390121472
pair004,SB,conf010,238.50000000000003,Re,0.028374310294078775,0.02846390308280733,3.255737354172392
pair004,SB,conf010,239.0,Re,0.03921375858969123,0.04487158105742317,3.280209507479183
pair004,SB,conf010,239.5,Re,0.050036292661334025,0.061273753021523714,3.304356332497448
pair004,SB,conf010,239.99999999999997,Re,0.06084140779750058,0.07766933957783739,3.3281763517308174
pair004,SB,conf010,240.5,Re,0.0716286073792669,0.09405728979869821,3.351668127612513
pair004,SB,conf010,241.00000000000003,Re,0.08239740264749407,0.11043657998864997,3.37483026239936
pair004,SB,conf010,241.5,Re,0.09314731247855024,0.12680621251029955,3.397661398077642
pair004,SB,conf010,242.0,Re,0.1038778631682058,0.1431652146698772,3.4201602162801987
pair004,SB,conf010,242.49999999999997,Re,0.1145885882233677,0.15951263765915558,3.4423254382141963
pair004,SB,conf010,243.0,Re,0.12527902816137892,0.17584755555065024,3.464155824599074
pair004,SB,conf010,243.49999999999997,Re,0.13594873031654564,0.192169064343102,3.4856501756141305
pair004,SB,conf010,244.0,Re,0.14659724865365087,0.20847628105452576,3.506807330855343
pair004,SB,conf010,244.5,Re,0.1572241435881485,0.22476834286017167,3.5276261693009023
pair004,SB,conf010,244.99999999999997,Re,0.1678289818127987,0.24104440627298174,3.54810560928513
pair004,SB,conf010,245.5,Re,0.1784113361304962,0.257303646364226,3.568244608480342
pair004,SB,conf010,246.00000000000003,Re,0.1889707852930309,0.2735452560221139,3.588042163886287
pair004,SB,conf010,246.50000000000003,Re,0.19950691384557873,0.28976844524638623,3.607497311826848
pair004,SB,conf010,247.0,Re,0.21001931197668577,0.3059724404769131,3.626609127953665
pair004,SB,conf010,247.50000000000003,Re,0.22050757537354349,0.32215648395451635,3.6453767272563673
pair004,SB,conf010,248.0,Re,0.2309713050823392,0.338319833112269,3.6637992640791306
pair004,SB,conf010,248.5,Re,0.2414101073735142,0.35446175999570717,3.681875932143312
pair004,SB,conf010,248.99999999999997,Re,0.25182359361170836,0.3705815507103807,3.699605964575863
pair004,SB,conf010,249.5,Re,0.262211380130249,0.38667850489536604,3.716988633943346
pair004,SB,conf010,249.99999999999997,Re,0.27257308810998415,0.40275193522133557,3.7340232522912546
pair004,SB,conf010,250.5,Re,0.28290834346231497,0.41880116691195624,3.7507091711885114
pair004,SB,conf010,251.0,Re,0.29321677671625546,0.4348255372873806,3.7670457817768646
pair004,SB,conf010,251.49999999999997,Re,0.30349802290938244,0.45082439532871965,3.7830325148250687
pair004,SB,conf010,252.0,Re,0.3137517214825223,0.4667971012624179,3.79866884078764
pair004,SB,conf010,252.49999999999997,Re,0.32397751617803006,0.4827430261635077,3.8139674855893912
pair004,SB,conf010,253.0,Re,0.3341750549415472,0.4986615515768211,3.8291672265119803
pair004,SB,conf010,253.5,Re,0.3443439898270835,0.5145520691552166,3.84435604547857
pair004,SB,conf010,254.00000000000003,Re,0.35448397690532363,0.530413980314002,3.8595328737305956
pair004,SB,conf010,254.5,Re,0.36459467617502184,0.5462466959007324,3.8746966512710723
pair004,SB,conf010,255.00000000000003,Re,0.3746757514773915,0.5620496358796341,3.889846326818915
pair004,SB,conf010,255.49999999999997,Re,0.3847268704133515,0.5778222290299067,3.9049808577625043
pair004,SB,conf010,256.0,Re,0.3947477042635621,0.5935639126572692,3.9200992101126
pair004,SB,conf010,256.5,Re,0.40473792791111074,0.6092741323180608,3.935200358454624
pair004,SB,conf010,257.0,Re,0.4146972197667844,0.6249523415553131,3.950283285900373
pair004,SB,conf010,257.5,Re,0.4246252616968198,0.6405980016462223,3.965346984039232
pair004,SB,conf010,258.0,Re,0.4345217389530347,0.6562105813604402,3.980390452888899
pair004,SB,conf010,258.5,Re,0.44438634010527767,0.6717895567287184,3.995412700845708
pair004,SB,conf010,258.99999999999994,Re,0.45421875697609226,0.6873344108213642,4.01041274463457
pair004,SB,conf010,259.5,Re,0.46401868457753115,0.7028446335360881,4.025389609258582
pair004,SB,conf010,260.0,Re,0.4737858210500312,0.7183197213947701,4.040342327948359
pair004,SB,conf010,260.5,Re,0.48351986760328924,0.7337591773487453,4.055269942111099
pair004,SB,conf010,261.0,Re,0.4932205284590665,0.7491625105922204,4.070171501279463
pair004,SB,conf010,261.5,Re,0.5028875107958386,0.7645292363834109,4.085046063060256
pair004,SB,conf010,262.00000000000006,Re,0.5125205246952482,0.7798588758730916,4.099892693082987
pair004,SB,conf010,262.5,Re,0.5221192830902834,0.7951509559401819,4.114710464948326
pair004,SB,conf010,263.0,Re,0.5316835017151307,0.8104050090340758,4.129498460176482
pair004,SB,conf010,263.5,Re,0.5412128990566301,0.8256205730233785,4.144255768155542
pair004,SB,conf010,264.0,Re,0.5507071963073,0.8407971910508041,4.158981486089813
pair004,SB,conf010,264.5,Re,0.5601661173198524,0.8559344113939089,4.17367471894816
pair004,SB,conf010,265.0,Re,0.5695893885631731,0.8710317873314539,4.1883345794124
pair004,SB,conf010,265.5,Re,0.5789767390796869,0.8860888770150928,4.202960187825781
pair004,SB,conf010,266.0,Re,0.5883279004440982,0.9011052433462028,4.217550672141526
pair004,SB,conf010,266.49999999999994,Re,0.5976426067234162,0.9160804538575806,4.232105167871522
pair004,SB,conf010,267.0,Re,0.6069205944382692,0.9104162303782573,4.246622818035135
pair004,SB,conf010,267.5,Re,0.6161616025254186,0.9004017489141487,4.261102773108199
pair004,SB,conf010,267.99999999999994,Re,0.6253653723014636,0.8903705821978962,4.275544190972166
pair004,SB,conf010,268.5,Re,0.6345316474276925,0.880323304006293,4.289946236863491
pair004,SB,conf010,269.0,Re,0.6436601738760237,0.8702604950279003,4.3043080833232015
pair004,SB,conf010,269.50000000000006,Re,0.6527506998960197,0.8601827429757012,4.318628910146726
pair004,SB,conf010,270.0,Re,0.6618029759829349,0.8500906427018708,4.332907904333966
pair004,SB,conf010,270.5,Re,0.6708167548467581,0.8399847963146654,4.347144260039649
pair004,SB,conf010,271.0,Re,0.6797917913822109,0.8298658132974712,4.361337178523929
pair004,SB,conf010,271.5,Re,0.6887278426396939,0.8197343106299975,4.37548586810334
pair004,SB,conf010,272.0,Re,0.6857295183106371,0.8095909129116678,4.389589544101998
pair004,SB,conf010,272.5,Re,0.6766086541907514,0.7994362524871927,4.403647428803179
pair004,SB,conf010,273.0,Re,0.6674537702806738,0.7892709695743501,4.4176587514011825
pair004,SB,conf010,273.5,Re,0.658265144995229,0.7790957123939883,4.431622747953574
pair004,SB,conf010,274.0,Re,0.6490430595187819,0.7689111373022446,4.44553866133376
pair004,SB,conf010,274.5,Re,0.6397877978526483,0.7587179089250065,4.459405741183932
pair004,SB,conf010,275.0,Re,0.6304996468640012,0.7485167002945949,4.473223243868395
pair004,SB,conf010,275.49999999999994,Re,0.6211788963363507,0.738308192988695,4.486990432427238
pair004,SB,conf010,276.0,Re,0.6118258390216325,0.728093077271508,4.500706576530442
pair004,SB,conf010,276.5,Re,0.6024407706939783,0.7178720522371453,4.514370952432346
pair004,SB,conf010,277.0,Re,0.5930239902052101,0.7076458259552318,4.527982842926518
pair004,SB,conf010,277.50000000000006,Re,0.5835757995421289,0.6974151156187223,4.541541537301047
pair004,SB,conf010,278.0,Re,0.574096503885656,0.687180647693906,4.555046331294234
pair004,SB,conf010,278.50000000000006,Re,0.564586411671889,0.676943158072586,4.568496527050705
pair004,SB,conf010,279.0,Re,0.5550458346551526,0.6667033922264072,4.581891433077939
pair004,SB,conf010,279.5,Re,0.5454750879730887,0.656462105363296,4.595230364203234
pair004,SB,conf010,280.0,Re,0.5358744902138934,0.6462200625859895,4.608512641531078
pair004,SB,conf010,280.5,Re,0.5262443634857352,0.6359780390526037,4.621737592400988
pair004,SB,conf010,281.0,Re,0.5165850334884736,0.6257368201392037,4.634904550345743
pair004,SB,conf010,281.5,Re,0.5068968295877225,0.615497201604313,4.648012855050087
pair004,SB,conf010,281.99999999999994,Re,0.4971800848913739,0.6052599897553217,4.6610618523098495
pair004,SB,conf010,282.5,Re,0.4874351363286402,0.595026001616701,4.67405089399152
pair004,SB,conf010,283.0,Re,0.47766232473173464,0.5847960650999846,4.686979337992264
pair004,SB,conf010,283.5,Re,0.4678619949202625,0.5745710191754096,4.699846548200371
pair004,SB,conf010,284.0,Re,0.45803449578842437,0.5643517140451306,4.712651894456165
pair004,SB,conf010,284.5,Re,0.4481801803951506,0.5541390113179367,4.72539475251334
pair004,SB,conf010,285.00000000000006,Re,0.43829940605724715,0.5439337841853245,4.738074504000764
pair004,SB,conf010,285.5,Re,0.42839253444568404,0.53373691759884,4.750690536384704
pair004,SB,conf010,286.0,Re,0.4184599316851221,0.5235493084485461,4.76324224293152
pair004,SB,conf010,286.5,Re,0.4085019684568223,0.5133718657424942,4.775729022670781
pair004,SB,conf010,287.0,Re,0.39851902010502727,0.5032055107870239,4.788150280358847
pair004,SB,conf010,287.5,Re,0.38851146674697645,0.49305117736776105,4.800505426442877
pair004,SB,conf010,288.0,Re,0.3784796933866621,0.4829098119311077,4.8127938770252925
pair004,SB,conf010,288.5,Re,0.36842409003248466,0.47278237376606413,4.82501505382867
pair004,SB,conf010,289.0,Re,0.35834505181893483,0.4626698351861591,4.837168384161087
pair004,SB,conf010,289.5,Re,0.34824297913246194,0.45257318171127836,4.849253300881896
pair004,SB,conf010,290.0,Re,0.33811827774168757,0.44249341224917127,4.861269242367939
pair004,SB,conf010,290.5,Re,0.32797135893210827,0.4324315392763578,4.8732156524802
pair004,SB,conf010,290.99999999999994,Re,0.31780263964548316,0.4223885890182022,4.885091980530877
pair004,SB,conf010,291.5,Re,0.307612542624047,0.41236560162784186,4.896897681250911
pair004,SB,conf010,292.0,Re,0.2974014965597691,0.40236363136368936,4.908632214757912
pair004,SB,conf010,292.5,Re,0.28716993624881026,0.39238374676517007,4.920295046524535
pair004,SB,conf010,293.0,Re,0.27691830275139817,0.3824270308263624,4.9318856473472685
pair004,SB,conf010,293.5,Re,0.2666470435573136,0.37249458116717116,4.943403493315653
pair004,SB,conf010,294.00000000000006,Re,0.2563566127572088,0.3625875102016527,4.954848065781901
pair004,SB,conf010,294.5,Re,0.24604747121996895,0.3527069453030862,4.966218851330954
pair004,SB,conf010,295.0,Re,0.23572008677634426,0.3428540289653397,4.977515341750937
pair004,SB,conf010,295.5,Re,0.22537493440911094,0.33302991896011025,4.988737034004032
pair004,SB,conf010,296.0,Re,0.21501249644997267,0.32323578848951473,4.9998834301977535
pair004,SB,conf010,296.5,Re,0.20463326278350125,0.31347282633355733,5.010954037556624
pair004,SB,conf010,297.0,Re,0.19423773105834297,0.30374223699191805,5.021948368394272
pair004,SB,conf010,297.49999999999994,Re,0.18382640690600538,0.29404524081951067,5.032865940085891
pair004,SB,conf010,298.0,Re,0.17339980416747514,0.2843830741552067,5.043706275041133
pair004,SB,conf010,298.49999999999994,Re,0.16295844512800306,0.2747569894431252,5.0544689006773655
pair004,SB,conf010,299.0,Re,0.1525028607603338,0.2651682553458121,5.065153349393324
pair004,SB,conf010,299.5,Re,0.14203359097672918,0.25561815684865064,5.075759158543153
pair004,SB,conf010,300.0,Re,0.13155118489010031,0.246107995354778,5.086285870410832
pair004,SB,conf010,300.50000000000006,Re,0.12105620108460746,0.23663908876976603,5.096733032184963
pair004,SB,conf010,301.0,Re,0.11054920789608169,0.22721277157529562,5.107100195933953
pair004,SB,conf010,301.5,Re,0.10003078370264107,0.21783039489100742,5.11738691858155
pair004,SB,conf010,302.0,Re,0.08950151722590327,0.2084933265237019,5.127592761882765
pair004,SB,conf010,302.5,Re,0.07896200784316543,0.19920295100299312,5.13771729240014
pair004,SB,conf010,303.0,Re,0.06841286591100637,0.18996066960253666,5.1477600814803814
pair004,SB,conf010,303.5,Re,0.05785471310070056,0.18076790034586332,5.15772070523137
pair004,SB,conf010,303.99999999999994,Re,0.047288182745932605,0.17162607799587604,5.167598744499488
pair004,SB,conf010,304.5,Re,0.0367139202032285,0.16253665402697481,5.177393784847332
pair004,SB,conf010,305.0,Re,0.02613258322562495,0.1535010965788064,5.187105416531756
pair004,SB,conf010,305.5,Re,0.01554484235003617,0.14452089039054394,5.196733234482249
pair004,SB,conf010,306.0,Re,0.004951381298839985,0.13559753671461894,5.206276838279678
pair004,SB,conf010,306.49999999999994,Re,-0.005647102603775878,0.1267325532087773,5.215735832135337
pair004,SB,conf010,307.0,Re,-0.016249898000200158,0.1179274738053,5.225109824870362
pair004,SB,conf010,307.5,Re,-0.026856279051915122,0.10918384855623042,5.234398429895437
pair004,SB,conf010,308.0,Re,-0.037465504975603414,0.10050324345338568,5.243601265190858
pair004,SB,conf010,308.5,Re,-0.04807681956223031,0.09188724022195283,5.252717953286899
pair004,SB,conf010,309.0,Re,-0.05868945067850562,0.08333743608641697,5.2617481212445245
pair004,SB,conf010,309.50000000000006,Re,-0.0693026097500824,0.07485544350758033,5.270691400636368
pair004,SB,conf010,310.0,Re,-0.0799154912258686,0.06644288988940006,5.27954742752808
pair004,SB,conf010,310.5,Re,-0.09052727202279032,0.058101417254366794,5.288315842459941
pair004,SB,conf010,311.0,Re,-0.10113711095031697,0.0498326818861643,5.296996290428803
pair004,SB,conf010,311.5,Re,-0.11174414811409128,0.04163835393831605,5.305588420870324
pair004,SB,conf010,312.0,Re,-0.1223475042979345,0.03352011700756097,5.314091887641505
pair004,SB,conf010,312.5,Re,-0.13294628032354594,0.0254796676706861,5.3225063490035165
pair004,SB,conf010,312.99999999999994,Re,-0.14353955638714022,0.01751871498359292,5.330831467604833
pair004,SB,conf010,313.5,Re,-0.15412639137232986,0.00963897994134899,5.339066910464625
pair004,SB,conf010,313.99999999999994,Re,-0.1647058221384743,0.0018421948980653635,5.347212348956473
pair004,SB,conf010,314.5,Re,-0.17527686278379573,-0.005869897054582074,5.355267458792348
pair004,SB,conf010,315.0,Re,-0.18583850388247658,-0.013495542751274847,5.3632319200068554
pair004,SB,conf010,315.5,Re,-0.19638971169502817,-0.021032979660494666,5.3711054169417825
pair004,SB,conf010,316.0,Re,-0.20692942735117126,-0.028480436636464157,5.378887638230905
pair004,SB,conf010,316.5,Re,-0.21745656600451269,-0.03583613471653879,5.386578276785064
pair004,SB,conf010,317.0,Re,-0.22797001595828426,-0.043098287964869364,5.394177029777515
pair004,SB,conf010,317.5,Re,-0.23846863776146798,-0.05026510436312459,5.401683598629527
pair004,SB,conf010,318.0,Re,-0.24895126327461892,-0.057334786748922895,5.409097688996265
pair004,SB,conf010,318.5,Re,-0.25941669470473827,-0.06430553380252557,5.416419010752913
pair004,SB,conf010,319.0,Re,-0.26986370360861756,-0.07117554108225055,5.423647277981059
pair004,SB,conf010,319.5,Re,-0.2802910298640571,-0.07794300210888472,5.430782208955328
pair004,SB,conf010,320.0,Re,-0.29069738060850203,-0.08460610949929936,5.437823526130275
pair004,SB,conf010,320.5,Re,-0.30108142914461977,-0.0911672588702257,5.444770956127506
pair004,SB,conf010,321.0,Re,-0.3114418138124886,-0.09763650159371218,5.451624229723064
pair004,SB,conf010,321.5,Re,-0.3217771368281235,-0.10401198151282443,5.458383081835045
pair004,SB,conf010,321.99999999999994,Re,-0.3320859630881672,-0.11029104347104357,5.46504725151145
pair004,SB,conf010,322.5,Re,-0.3423668189407296,-0.11647103560511285,5.471616481918286
pair004,SB,conf010,323.0,Re,-0.3526181909224435,-0.12254931148187254,5.478090520327877
pair004,SB,conf010,323.50000000000006,Re,-0.36283852446201936,-0.12852323231736307,5.484469118107436
pair004,SB,conf010,324.0,Re,-0.37302622255071394,-0.13439016927696645,5.49075203070784
pair004,SB,conf010,324.5,Re,-0.3831796443803619,-0.14014750585495728,5.496939017652647
pair004,SB,conf010,325.0,Re,-0.39329710394980966,-0.14579264033141115,5.5030298425273205
pair004,SB,conf010,325.5,Re,-0.40337686864090117,-0.1513229883040077,5.509024272968697
pair004,SB,conf010,326.0,Re,-0.41341715776537713,-0.156735985291782,5.5149220806546495
pair004,SB,conf010,326.50000000000006,Re,-0.4234161410844397,-0.16202908940743255,5.520723041293982
pair004,SB,conf010,327.0,Re,-0.43337193730301693,-0.16719978409430558,5.526426934616529
pair004,SB,conf010,327.5,Re,-0.4432826125412206,-0.1722455809236998,5.532033544363479
pair004,SB,conf010,327.99999999999994,Re,-0.4531461787858526,-0.17716402244761342,5.537542658277889
pair004,SB,conf010,328.5,Re,-0.4629605923253468,-0.18195268510159002,5.542954068095428
pair004,SB,conf010,329.0,Re,-0.47272375217200957,-0.18660918215179145,5.548267569535307
pair004,SB,conf010,329.49999999999994,Re,-0.4824334984760521,-0.19113116667996777,5.5534829622914135
pair004,SB,conf010,330.0,Re,-0.49208761093644626,-0.1955163345994555,5.558600050023676
pair004,SB,conf010,330.5,Re,-0.5016838072143996,-0.1997624276949146,5.563618640349581
pair004,SB,conf010,331.0,Re,-0.5112197413559392,-0.2038672366780354,5.568538544835921
pair004,SB,conf010,331.5,Re,-0.5206930022308993,-0.2078286042509947,5.573359578990727
pair004,SB,conf010,332.0,Re,-0.5301011119964816,-0.2116444281690797,5.5780815622554005
pair004,SB,conf010,332.50000000000006,Re,-0.5394415245944664,-0.21531266429345974,5.582704317997017
pair004,SB,conf010,333.0,Re,-0.5487116242921717,-0.21883132962480434,5.58722767350085
pair004,SB,conf010,333.49999999999994,Re,-0.5579087242783043,-0.22219850530811436,5.591651459963051
pair004,SB,conf010,334.00000000000006,Re,-0.567030065325963,-0.22541233959887874,5.595975512483548
pair004,SB,conf010,334.5,Re,-0.5760728145362619,-0.22847105078048058,5.600199670059094
pair004,SB,conf010,335.0,Re,-0.5850340641773126,-0.24190026694491196,5.6043237755765265
pair004,SB,conf010,335.49999999999994,Re,-0.5939108306345602,-0.2573522805137747,5.608347675806197
pair004,SB,conf010,336.0,Re,-0.6027000534898946,-0.27276191334507605,5.612271221395574
pair004,SB,conf010,336.5,Re,-0.6113985947483201,-0.2881286589439045,5.616094266863035
pair004,SB,conf010,336.99999999999994,Re,-0.6200032382324495,-0.3035057615605199,5.619816670591833
pair004,SB,conf010,337.5,Re,-0.6285106891665034,-0.318914900798686,5.623438294824229
pair004,SB,conf010,338.0,Re,-0.6369175739729919,-0.33435241559279927,5.626959005655809
pair004,SB,conf010,338.5,Re,-0.6452204403067322,-0.34981452381306033,5.630378673029973
pair004,SB,conf010,339.0,Re,-0.6534157573522004,-0.3652973159786028,5.633697170732582
pair004,SB,conf010,339.5,Re,-0.6614999164116557,-0.3807967485913595,5.636914376386786
pair004,SB,conf010,340.0,Re,-0.6694692318126644,-0.39630863706998265,5.640030171448025
pair004,SB,conf010,340.5,Re,-0.6773199421648355,-0.4118286482627658,5.643044441199185
pair004,SB,conf010,340.99999999999994,Re,-0.6850482119965153,-0.42735229251811413,5.645957074745928
pair004,SB,conf010,341.50000000000006,Re,-0.692650133802956,-0.44287491529097545,5.648767965012176
pair004,SB,conf010,342.0,Re,-0.700121730537964,-0.45839168826373466,5.651477008735782
pair004,SB,conf010,342.49999999999994,Re,-0.7074589585812531,-0.473897599960474,5.654084106464332
pair004,SB,conf010,343.00000000000006,Re,-0.714657711213501,-0.49562978019992077,5.656589162551137
pair004,SB,conf010,343.5,Re,-0.7217138226305538,-0.523874237935118,5.658992085151372
pair004,SB,conf010,344.0,Re,-0.7286230725271453,-0.552188872942984,5.66129278621837
pair004,SB,conf010,344.49999999999994,Re,-0.7353811912788337,-0.5805705756579058,5.663491181500094
pair004,SB,conf010,345.0,Re,-0.7419838657486918,-0.6090161153885705,5.6655871905357404
pair004,SB,conf010,345.5,Re,-0.7484267457423476,-0.6375221247587188,5.667580736652521
pair004,SB,conf010,346.0,Re,-0.7547054511314317,-0.6660850815008947,5.669471746962596
pair004,SB,conf010,346.5,Re,-0.7608155796610618,-0.694701287071579,5.671260152360153
pair004,SB,conf010,347.0,Re,-0.7667527154519079,-0.7233668414317744,5.672945887518658
pair004,SB,conf010,347.5,Re,-0.772512438201349,-0.7520776131786454,5.6745288908882365
pair004,SB,conf010,348.0,Re,-0.780829204011939,-0.780829204011939,5.676009104693238
pair004,SB,conf010,348.50000000000006,Re,-0.8096169062590808,-0.8096169062590808,5.6773864749299285
pair004,SB,conf010,349.0,Re,-0.8384356518467062,-0.8384356518467062,5.6786609513643445
pair004,SB,conf010,349.5,Re,-0.8672799506686084,-0.8672799506686084,5.679832487530298
pair004,SB,conf010,349.99999999999994,Re,-0.8961438157250022,-0.8961438157250022,5.680901040727539
pair004,SB,conf010,350.50000000000006,Re,-0.9250206716479529,-0.9250206716479529,5.681866572020063
pair004,SB,conf010,351.0,Re,-0.9539032422140218,-0.9539032422140218,5.682729046234554
pair004,SB,conf010,351.49999999999994,Re,-0.9827834110826387,-0.9827834110826387,5.683488431959018
pair004,SB,conf010,352.0,Re,-1.0116520481504416,-1.0116520481504416,5.684144701541518
pair004,SB,conf010,352.5,Re,-1.0404987913828982,-1.0404987913828982,5.684697831089089
pair004,SB,conf010,353.0,Re,-1.0693117704905064,-1.0693117704905064,5.685147800466799
pair004,SB,conf010,353.5,Re,-1.0980772539429062,-1.0980772539429062,5.685494593296948
pair004,SB,conf010,354.0,Re,-1.126779193946956,-1.126779193946956,5.685738196958422
pair004,SB,conf010,354.5,Re,-1.1553986342409774,-1.1553986342409774,5.685878602586195
pair004,SB,conf010,355.0,Re,-1.1839129315058368,-1.1839129315058368,5.685915805070982
pair004,SB,conf010,355.5,Re,-1.2122947207952959,-1.2122947207952959,5.685849803059032
pair004,SB,conf010,356.00000000000006,Re,-1.2405105255113293,-1.2405105255113293,5.6856805989520804
pair004,SB,conf010,356.5,Re,-1.268518868366851,-1.268518868366851,5.685408198907439
pair004,SB,conf010,357.0,Re,-1.2962676744386012,-1.2962676744386012,5.685032612838244
pair004,SB,conf010,357.50000000000006,Re,-1.323690660611426,-1.323690660611426,5.68455385441384
pair004,SB,conf010,358.0,Re,-1.3507022636633386,-1.3507022636633386,5.6839719410603315
pair004,SB,conf010,358.5,Re,-1.3771904562878348,-1.3771904562878348,5.683286893961252
pair004,SB,conf010,358.99999999999994,Si,-1.4030065281598942,-1.4030065281598942,5.682498738058424
pair004,SB,conf010,359.50000000000006,Si,-1.4279505979231781,-1.4279505979231781,5.6816075020529215
pair005,Bz,conf005,0.0,Re,-1.4410741863805157,-1.4410741863805157,
pair005,Bz,conf005,0.5,Re,-1.416133644509638,-1.416133644509638,
pair005,Bz,conf005,1.0,Re,-1.3902826864780509,-1.3902826864780509,
pair005,Bz,conf005,1.5,Si,-1.3637377791001126,-1.3637377791001126,
pair005,Bz,conf005,2.0,Si,-1.3914101320762067,-1.3914101320762067,
pair005,Bz,conf005,2.5,Si,-1.4415077382363246,-1.4415077382363246,
pair005,Bz,conf005,3.0,Si,-1.4916232372844447,-1.4916232372844447,
pair005,Bz,conf005,3.5,Si,-1.541752553279428,-1.541752553279428,
pair005,Bz,conf005,4.0,Si,-1.5918906736468406,-1.5918906736468406,
pair005,Bz,conf005,4.5,Si,-1.6420276036114991,-1.6420276036114991,
pair005,Bz,conf005,5.0,Si,-1.691990926501376,-1.691990926501376,
pair005,Bz,conf005,5.5,Si,-1.6575900263172874,-1.6575900263172874,
pair005,Bz,conf005,6.0,Si,-1.6074598137264382,-1.6074598137264382,
pair005,Bz,conf005,6.5,Si,-1.5573204388829103,-1.5573204388829103,
pair005,Bz,conf005,7.0,Si,-1.5071877681421515,-1.5071877681421515,
pair005,Bz,conf005,7.499999999999999,Si,-1.457067519985543,-1.457067519985543,
pair005,Bz,conf005,8.0,Si,-1.4069639438206794,-1.4069639438206794,
pair005,Bz,conf005,8.5,Si,-1.3568808919299806,-1.3568808919299806,
pair005,Bz,conf005,9.0,Si,-1.306822071391542,-1.306822071391542,
pair005,Bz,conf005,9.499999999999998,Si,-1.2567911249182706,-1.2567911249182706,
pair005,Bz,conf005,10.0,Si,-1.2067916622548664,-1.2067916622548664,
pair005,Bz,conf005,10.5,Si,-1.1568272740451289,-1.1568272740451289,
pair005,Bz,conf005,11.0,Si,-1.1069015385290428,-1.1069015385290428,
pair005,Bz,conf005,11.499999999999998,Si,-1.0570180249772105,-1.0570180249772105,
pair005,Bz,conf005,12.0,Si,-1.0071802955123306,-1.0071802955123306,
pair005,Bz,conf005,12.5,Si,-0.9573919060783966,-0.9573919060783966,
pair005,Bz,conf005,13.0,Si,-0.9076564069342539,-0.9076564069342539,
pair005,Bz,conf005,13.5,Si,-0.8579773428692807,-0.8579773428692807,
pair005,Bz,conf005,14.0,Si,-0.8083582532503213,-0.8083582532503213,
pair005,Bz,conf005,14.500000000000002,Si,-0.7898287292978368,-0.7898287292978368,
pair005,Bz,conf005,14.999999999999998,Si,-0.7982518461039797,-0.7982518461039797,
pair005,Bz,conf005,15.5,Si,-0.8006116780264154,-0.8006116780264154,
pair005,Bz,conf005,16.0,Si,-0.7968010712416351,-0.7968010712416351,
pair005,Bz,conf005,16.5,Si,-0.7869918556123936,-0.7869918556123936,
pair005,Bz,conf005,17.0,Si,-0.7715985898675333,-0.7715985898675333,
pair005,Bz,conf005,17.5,Si,-0.7511996541418091,-0.7511996541418091,
pair005,Bz,conf005,18.0,Si,-0.72644694533936,-0.72644694533936,
pair005,Bz,conf005,18.5,Si,-0.697990640964966,-0.697990640964966,
pair005,Bz,conf005,18.999999999999996,Si,-0.6844672633724933,-0.6664304921258227,
pair005,Bz,conf005,19.5,Si,-0.6767485084341396,-0.6322922342716211,
pair005,Bz,conf005,20.0,Si,-0.6689073324029476,-0.5960218712638382,
pair005,Bz,conf005,20.499999999999996,Si,-0.6609475635791389,-0.5579902332044369,
pair005,Bz,conf005,21.0,Si,-0.6528729566244172,-0.5185021807364224,
pair005,Bz,conf005,21.5,Si,-0.6446871909119541,-0.477807041625528,
pair005,Bz,conf005,22.0,Si,-0.6363938692553612,-0.4361085237530036,
pair005,Bz,conf005,22.5,Si,-0.6279965169861257,-0.39357337319342267,
pair005,Bz,conf005,22.999999999999996,Si,-0.619498581349902,-0.35033859903691966,
pair005,Bz,conf005,23.5,Si,-0.610903431193184,-0.3065173477478662,
pair005,Bz,conf005,24.0,Si,-0.6022143569131173,-0.26404711033252126,
pair005,Bz,conf005,24.5,Si,-0.5934345706445457,-0.24858490689940238,
pair005,Bz,conf005,25.0,Si,-0.5845672066597861,-0.24187401046249124,
pair005,Bz,conf005,25.499999999999996,Si,-0.575615321958063,-0.23912352151135918,
pair005,Bz,conf005,26.0,Si,-0.5665818970229879,-0.2362125631022589,
pair005,Bz,conf005,26.5,Si,-0.5574698367279143,-0.23314279134518912,
pair005,Bz,conf005,27.0,Si,-0.548281971370425,-0.22991593981258696,
pair005,Bz,conf005,27.5,Si,-0.5390210578186201,-0.22653381666478456,
pair005,Bz,conf005,28.0,Si,-0.5296897807531986,-0.22299830170336743,
pair005,Bz,conf005,28.5,Si,-0.5202907539906667,-0.21931134336325586,
pair005,Bz,conf005,29.000000000000004,Si,-0.5108265218742147,-0.21547495565422126,
pair005,Bz,conf005,29.499999999999996,Si,-0.5012995607200188,-0.21149121506239266,
pair005,Bz,conf005,29.999999999999996,Si,-0.4917122803078253,-0.2073622574221068,
pair005,Bz,conf005,30.5,Si,-0.4820670254057402,-0.203090274768168,
pair005,Bz,conf005,31.0,Si,-0.47236607732013525,-0.19867751217828,
pair005,Bz,conf005,31.5,Si,-0.4626116554624986,-0.1941262646150499,
pair005,Bz,conf005,32.0,Si,-0.45280591892593547,-0.1894388737765602,
pair005,Bz,conf005,32.5,Si,-0.44295096806479006,-0.18461772496407525,
pair005,Bz,conf005,33.0,Si,-0.4330488460716402,-0.1796652439749944,
pair005,Bz,conf005,33.49999999999999,Si,-0.42310154054654525,-0.1745838940286688,
pair005,Bz,conf005,34.0,Si,-0.4131109850540924,-0.16937617273220584,
pair005,Bz,conf005,34.5,Si,-0.4030790606643364,-0.16404460909287888,
pair005,Bz,conf005,35.0,Si,-0.3930075974742431,-0.158591760583213,
pair005,Bz,conf005,35.5,Si,-0.3828983761067426,-0.15302021026432144,
pair005,Bz,conf005,36.0,Si,-0.372753129184906,-0.14733256397251848,
pair005,Bz,conf005,36.5,Si,-0.3625735427791634,-0.14153144757372105,
pair005,Bz,conf005,37.0,Si,-0.35236125782582883,-0.13561950428964287,
pair005,Bz,conf005,37.5,Si,-0.34211787151551065,-0.12959939209926463,
pair005,Bz,conf005,37.99999999999999,Si,-0.3318449386502771,-0.12347378121858776,
pair005,Bz,conf005,38.5,Si,-0.32154397296869464,-0.11724535166120065,
pair005,Bz,conf005,39.0,Si,-0.31121644843809526,-0.11091679088172612,
pair005,Bz,conf005,39.5,Si,-0.3008638005136035,-0.10449079150378138,
pair005,Bz,conf005,40.0,Si,-0.29048742736368216,-0.09797004913367635,
pair005,Bz,conf005,40.5,Si,-0.2800886910620486,-0.0913572602606656,
pair005,Bz,conf005,40.99999999999999,Si,-0.2696689187460197,-0.08465414145378225,
pair005,Bz,conf005,41.5,Si,-0.2592294037414056,-0.07784996132350397,
pair005,Bz,conf005,42.0,Si,-0.24877140665422703,-0.07094247640497375,
pair005,Bz,conf005,42.5,Si,-0.23829615642958224,-0.06393351782566103,
pair005,Bz,conf005,43.0,Si,-0.22780485137810014,-0.05682491440320914,
pair005,Bz,conf005,43.5,Si,-0.21729866017046162,-0.04961849153994646,
pair005,Bz,conf005,44.0,Si,-0.20677872280053755,-0.042316070168105124,
pair005,Bz,conf005,44.50000000000001,Si,-0.19624615151774072,-0.03491946574539817,
pair005,Bz,conf005,45.0,Si,-0.18570203172921773,-0.027430487300475148,
pair005,Bz,conf005,45.5,Si,-0.1751474228725518,-0.019850936527645358,
pair005,Bz,conf005,45.99999999999999,Si,-0.16458335925966194,-0.012182606930167372,
pair005,Bz,conf005,46.49999999999999,Si,-0.15401085089260835,-0.004427283011271266,
pair005,Bz,conf005,47.0,Si,-0.14343088425202333,0.0034132604879753004,
pair005,Bz,conf005,47.5,Si,-0.13284442305890432,0.01133725930495122,
pair005,Bz,conf005,48.0,Si,-0.12225240901049794,0.01934296032697347,
pair005,Bz,conf005,48.5,Si,-0.11165576249101794,0.02742862221910425,
pair005,Bz,conf005,49.0,Si,-0.10105538325793462,0.035592516009455455,
pair005,Bz,conf005,49.50000000000001,Si,-0.09045215110455973,0.04383292563319485,
pair005,Bz,conf005,50.0,Si,-0.07984692649966352,0.05214814843650539,
pair005,Bz,conf005,50.5,Si,-0.06924055120483019,0.060536495641788646,
pair005,Bz,conf005,50.99999999999999,Si,-0.058633848870266236,0.06899629277539532,
pair005,Bz,conf005,51.49999999999999,Si,-0.048027625609755153,0.07752588005921357,
pair005,Bz,conf005,52.0,Si,-0.03742267055543591,0.08612361276744074,
pair005,Bz,conf005,52.50000000000001,Si,-0.026819756393082095,0.09478786154986119,
pair005,Bz,conf005,53.0,Si,-0.016219639878523706,0.10351701272297609,
pair005,Bz,conf005,53.5,Si,-0.005623062335869067,0.112309468530289,
pair005,Bz,conf005,54.0,Si,0.0049692498618783,0.12116364737308949,
pair005,Bz,conf005,54.49999999999999,Si,0.015556584829167441,0.13007798401300286,
pair005,Bz,conf005,55.0,Si,0.026138244720655512,0.13905092974762945,
pair005,Bz,conf005,55.5,Si,0.03671354529977133,0.14808095256050136,
pair005,Bz,conf005,56.0,Si,0.04728181552254407,0.15716653724662577,
pair005,Bz,conf005,56.5,Si,0.05784239713615302,0.1663061855148218,
pair005,Bz,conf005,57.0,Si,0.06839464429167452,0.17549841606803773,
pair005,Bz,conf005,57.5,Si,0.07893792317051207,0.18474176466281378,
pair005,Bz,conf005,58.00000000000001,Si,0.08947161162403328,0.1940347841490282,
pair005,Bz,conf005,58.5,Si,0.09999509882592061,0.2033760444910102,
pair005,Bz,conf005,58.99999999999999,Si,0.11050778493678792,0.2127641327711045,
pair005,Bz,conf005,59.5,Si,0.1210090807806139,0.22219765317670603,
pair005,Bz,conf005,59.99999999999999,Si,0.1314984075325636,0.23167522697177656,
pair005,Bz,conf005,60.5,Si,0.14197519641778067,0.24119549245379868,
pair005,Bz,conf005,61.0,Si,0.15243888842075615,0.25075710489711023,
pair005,Bz,conf005,61.50000000000001,Si,0.1628889340048858,0.26035873648350183,
pair005,Bz,conf005,62.0,Si,0.17332479284183266,0.2699990762209512,
pair005,Bz,conf005,62.49999999999999,Si,0.1837459335503564,0.2796768298513159,
pair005,Bz,conf005,63.0,Si,0.19415183344424425,0.2893907197477834,
pair005,Bz,conf005,63.50000000000001,Si,0.20454197828901677,0.2991394848028335,
pair005,Bz,conf005,64.0,Si,0.2149158620670908,0.3089218803074434,
pair005,Bz,conf005,64.5,Si,0.22527298675108232,0.3187366778222336,
pair005,Bz,conf005,65.0,Si,0.23561286208495913,0.3285826650412138,
pair005,Bz,conf005,65.50000000000001,Si,0.2459350053727436,0.33845864564876194,
pair005,Bz,conf005,66.0,Si,0.25623894127450275,0.34836343917043666,
pair005,Bz,conf005,66.5,Si,0.26652420160935364,0.35829588081820574,
pair005,Bz,conf005,66.99999999999999,Si,0.2767903251652166,0.36825482133061604,
pair005,Bz,conf005,67.5,Si,0.2870368575150979,0.3782391268084424,
pair005,Bz,conf005,68.0,Si,0.29726335083962363,0.38824767854628006,
pair005,Bz,conf005,68.5,Si,0.30746936375563894,0.39827937286056847,
pair005,Bz,conf005,69.0,Si,0.31765446115061935,0.4083331209144656,
pair005,Bz,conf005,69.5,Si,0.32781821402269995,0.4184078485399916,
pair005,Bz,conf005,70.0,Si,0.33796019932611476,0.42850249605783586,
pair005,Bz,conf005,70.49999999999999,Si,0.3480799998218469,0.43861601809518524,
pair005,Bz,conf005,71.0,Si,0.3581772039333073,0.4487473834019282,
pair005,Bz,conf005,71.5,Si,0.3682514056068549,0.45889557466555675,
pair005,Bz,conf005,72.0,Si,0.3783022041769828,0.469059588325057,
pair005,Bz,conf005,72.5,Si,0.38832920423601625,0.4792384343841076,
pair005,Bz,conf005,73.0,Si,0.3983320155081358,0.48943113622380996,
pair005,Bz,conf005,73.50000000000001,Si,0.4083102527275966,0.49963673041523404,
pair005,Bz,conf005,74.0,Si,0.4182635355209747,0.509854266531997,
pair005,Bz,conf005,74.5,Si,0.4281914882933098,0.5200828069630916,
pair005,Bz,conf005,75.0,Si,0.4380937401179985,0.530321426726182,
pair005,Bz,conf005,75.5,Si,0.4479699246303013,0.5405692132815194,
pair005,Bz,conf005,75.99999999999999,Si,0.457819679924351,0.5508252663466975,
pair005,Bz,conf005,76.5,Si,0.46764264845352144,0.5610886977123715,
pair005,Bz,conf005,77.0,Si,0.4774384769340474,0.5713586310591061,
pair005,Bz,conf005,77.5,Si,0.487206816251778,0.5816342017754821,
pair005,Bz,conf005,78.0,Si,0.4969473213719622,0.5919145567775994,
pair005,Bz,conf005,78.49999999999999,Si,0.5066596512519406,0.6021988543300714,
pair005,Bz,conf005,79.0,Si,0.5163434687566684,0.6124862638686304,
pair005,Bz,conf005,79.5,Si,0.5259984405769493,0.6227759658244418,
pair005,Bz,conf005,80.0,Si,0.5356242371502973,0.6330671514501989,
pair005,Bz,conf005,80.49999999999999,Si,0.5452205325843333,0.6433590226480927,
pair005,Bz,conf005,81.0,Si,0.5547870045826289,0.6536507917997143,
pair005,Bz,conf005,81.5,Si,0.5643233343729095,0.6639416815979631,
pair005,Bz,conf005,81.99999999999999,Si,0.5738292066375463,0.6742309248810103,
pair005,Bz,conf005,82.5,Si,0.5833043094462453,0.6845177644683675,
pair005,Bz,conf005,83.0,Si,0.5927483341908684,0.6948014529991091,
pair005,Bz,conf005,83.50000000000001,Si,0.6021609755223085,0.705081252772277,
pair005,Bz,conf005,84.0,Si,0.6115419312893542,0.7153564355895081,
pair005,Bz,conf005,84.5,Si,0.6208909024794715,0.7256262825999087,
pair005,Bz,conf005,85.0,Si,0.6302075931614384,0.7358900841471894,
pair005,Bz,conf005,85.5,Si,0.6394917104297784,0.7461471396190971,
pair005,Bz,conf005,86.0,Si,0.6487429643509166,0.7563967572991397,
pair005,Bz,conf005,86.5,Si,0.6579610679110195,0.7666382542206176,
pair005,Bz,conf005,87.0,Si,0.6671457369654468,0.7768709560229781,
pair005,Bz,conf005,87.49999999999999,Si,0.6762966901897698,0.7870941968104803,
pair005,Bz,conf005,88.0,Si,0.6854136490323037,0.7973073190131827,
pair005,Bz,conf005,88.5,Si,0.6922205211010886,0.8075096732502434,
pair005,Bz,conf005,89.00000000000001,Si,0.6832919650657596,0.8177006181955224,
pair005,Bz,conf005,89.5,Si,0.6743243131504408,0.827879520445501,
pair005,Bz,conf005,90.0,Si,0.6653178074977799,0.8380457543894699,
pair005,Bz,conf005,90.5,Si,0.6562726923937376,0.8481987020820079,
pair005,Bz,conf005,91.0,Si,0.6471892142962787,0.8583377531177192,
pair005,Bz,conf005,91.5,Si,0.638067621864993,0.868462304508214,
pair005,Bz,conf005,91.99999999999999,Si,0.6289081659916567,0.8785717605613208,
pair005,Bz,conf005,92.5,Si,0.6197110998317841,0.8886655327625064,
pair005,Bz,conf005,92.99999999999999,Si,0.6104766788371994,0.8987430396584764,
pair005,Bz,conf005,93.50000000000001,Si,0.6012051607896536,0.9088037067429575,
pair005,Bz,conf005,94.0,Si,0.5918968058355414,0.9169782563770787,
pair005,Bz,conf005,94.5,Si,0.5825518765217323,0.9020090153619147,
pair005,Bz,conf005,95.0,Si,0.5731706378325774,0.8869988177227539,
pair005,Bz,conf005,95.5,Si,0.5637533572281181,0.8719480994857653,
pair005,Bz,conf005,96.0,Si,0.5543003046835426,0.8568573013967364,
pair005,Bz,conf005,96.5,Si,0.5448117527299325,0.8417268690421087,
pair005,Bz,conf005,97.0,Si,0.5352879764963576,0.8265572529750027,
pair005,Bz,conf005,97.49999999999999,Si,0.5257292537533369,0.8113489088464532,
pair005,Bz,conf005,98.0,Si,0.5161358649577477,0.796102297542111,
pair005,Bz,conf005,98.49999999999999,Si,0.5065080932992132,0.7808178853246599,
pair005,Bz,conf005,99.00000000000001,Si,0.4968462247480254,0.7654961439821977,
pair005,Bz,conf005,99.5,Si,0.4871505481046656,0.7501375509828845,
pair005,Bz,conf005,100.0,Si,0.4774213550509627,0.7347425896361346,
pair005,Bz,conf005,100.50000000000001,Si,0.4676589402029745,0.7193117492606727,
pair005,Bz,conf005,101.0,Si,0.45786360116562563,0.7038455253597677,
pair005,Bz,conf005,101.5,Si,0.4480356385891844,0.6883444198040019,
pair005,Bz,conf005,101.99999999999999,Si,0.4381753562276438,0.6728089410219258,
pair005,Bz,conf005,102.5,Si,0.4282830609990642,0.6572396041989828,
pair005,Bz,conf005,102.99999999999999,Si,0.41835906304796455,0.6416369314851094,
pair005,Bz,conf005,103.49999999999999,Si,0.40840367580982506,0.6260014522114214,
pair005,Bz,conf005,104.0,Si,0.3984172160777908,0.6103337031164522,
pair005,Bz,conf005,104.5,Si,0.38840000407164577,0.5946342285823969,
pair005,Bz,conf005,105.00000000000001,Si,0.37835236350914747,0.578903580881861,
pair005,Bz,conf005,105.5,Si,0.3682746216798145,0.5631423204356498,
pair005,Bz,conf005,106.0,Si,0.35816710952124864,0.5473510160821384,
pair005,Bz,conf005,106.5,Si,0.348030161698093,0.5315302453588113,
pair005,Bz,conf005,107.0,Si,0.33786411668372707,0.5156805947965919,
pair005,Bz,conf005,107.49999999999999,Si,0.3276693168447966,0.49980266022761266,
pair005,Bz,conf005,108.0,Si,0.3174461085286857,0.4838970471071027,
pair005,Bz,conf005,108.5,Si,0.307194842154052,0.46796437085014886,
pair005,Bz,conf005,108.99999999999999,Si,0.29691587230452754,0.4520052571840638,
pair005,Bz,conf005,109.50000000000001,Si,0.2866095578257213,0.43602034251721,
pair005,Bz,conf005,110.0,Si,0.2762762619256389,0.4200102743251193,
pair005,Bz,conf005,110.50000000000001,Si,0.2659163522786523,0.40397571155482104,
pair005,Bz,conf005,111.0,Si,0.2555302011331684,0.3879173250483545,
pair005,Bz,conf005,111.5,Si,0.24511818542312236,0.37183579798647526,
pair005,Bz,conf005,112.0,Si,0.23468068688345745,0.35573182635364353,
pair005,Bz,conf005,112.5,Si,0.22421809216974453,0.33960611942543717,
pair005,Bz,conf005,113.0,Si,0.21373079298209685,0.32345940027959563,
pair005,Bz,conf005,113.49999999999999,Si,0.20321918619355617,0.3072924063319953,
pair005,Bz,conf005,114.0,Si,0.19268367398312436,0.2911058898988992,
pair005,Bz,conf005,114.49999999999999,Si,0.18212466397362403,0.2749006187869487,
pair005,Bz,conf005,115.0,Si,0.1715425693745758,0.2586773769123951,
pair005,Bz,conf005,115.50000000000001,Si,0.16093780913029776,0.24243696495122857,
pair005,Bz,conf005,116.00000000000001,Si,0.1503108080734339,0.2261802010219056,
pair005,Bz,conf005,116.5,Si,0.13966199708412153,0.20990792140250458,
pair005,Bz,conf005,117.0,Si,0.12899181325503695,0.1936209812842502,
pair005,Bz,conf005,117.5,Si,0.11830070006254312,0.17732025556347097,
pair005,Bz,conf005,117.99999999999999,Si,0.10758910754419104,0.16100663967415074,
pair005,Bz,conf005,118.50000000000001,Si,0.09685749248283693,0.14468105046342083,
pair005,Bz,conf005,119.0,Si,0.08610631859762918,0.12834442711243055,
pair005,Bz,conf005,119.5,Si,0.07533605674215815,0.11199773210521369,
pair005,Bz,conf005,119.99999999999999,Si,0.06454718511005408,0.09564195224833472,
pair005,Bz,conf005,120.50000000000001,Si,0.05374018944833692,0.07927809974425193,
pair005,Bz,conf005,121.0,Si,0.04291556327883694,0.06290721332152249,
pair005,Bz,conf005,121.5,Si,0.03207380812801808,0.046530359425188905,
pair005,Bz,conf005,122.0,Si,0.021215433765541913,0.030148633470851838,
pair005,Bz,conf005,122.49999999999999,Si,0.010340958451943383,0.013763161166204352,
pair005,Bz,conf005,123.00000000000001,Si,-0.0026249000960121283,-0.0026249000960121283,
pair005,Bz,conf005,123.5,Si,-0.01901435976939103,-0.01901435976939103,
pair005,Bz,conf005,124.0,Si,-0.035403992605102186,-0.035403992605102186,
pair005,Bz,conf005,124.49999999999999,Si,-0.05179253701822195,-0.05179253701822195,
pair005,Bz,conf005,124.99999999999999,Si,-0.06817869336408755,-0.06817869336408755,
pair005,Bz,conf005,125.5,Si,-0.0845611221193201,-0.0845611221193201,
pair005,Bz,conf005,126.0,Si,-0.10093844196181379,-0.10093844196181379,
pair005,Bz,conf005,126.5,Si,-0.11730922774365293,-0.11730922774365293,
pair005,Bz,conf005,127.00000000000001,Si,-0.13367200835055448,-0.13367200835055448,
pair005,Bz,conf005,127.50000000000001,Si,-0.15002526444104936,-0.15002526444104936,
pair005,Bz,conf005,128.0,Si,-0.16636742605823507,-0.16636742605823507,
pair005,Bz,conf005,128.5,Si,-0.18269687010646707,-0.18269687010646707,
pair005,Bz,conf005,129.0,Si,-0.1990119176849816,-0.1990119176849816,
pair005,Bz,conf005,129.49999999999997,Si,-0.21531083126993567,-0.21531083126993567,
pair005,Bz,conf005,130.0,Si,-0.231622383808461,-0.231622383808461,
pair005,Bz,conf005,130.5,Si,-0.24800992711170622,-0.24800992711170622,
pair005,Bz,conf005,131.00000000000003,Si,-0.26447339287533556,-0.26447339287533556,
pair005,Bz,conf005,131.5,Si,-0.2810104729523162,-0.2810104729523162,
pair005,Bz,conf005,132.0,Si,-0.297618796399181,-0.297618796399181,
pair005,Bz,conf005,132.5,Si,-0.31429592601226397,-0.31429592601226397,
pair005,Bz,conf005,133.0,Si,-0.3310393545918979,-0.3310393545918979,
pair005,Bz,conf005,133.5,Si,-0.347846500910985,-0.347846500910985,
pair005,Bz,conf005,133.99999999999997,Si,-0.3647147053620554,-0.3647147053620554,
pair005,Bz,conf005,134.5,Si,-0.38164122525451294,-0.38164122525451294,
pair005,Bz,conf005,135.0,Si,-0.3986232297310015,-0.3986232297310015,
pair005,Bz,conf005,135.5,Si,-0.41565779426887506,-0.41565779426887506,
pair005,Bz,conf005,136.0,Si,-0.4327418947294277,-0.4327418947294277,
pair005,Bz,conf005,136.5,Si,-0.4498724009139383,-0.4498724009139383,
pair005,Bz,conf005,137.0,Si,-0.4670460695816334,-0.4670460695816334,
pair005,Bz,conf005,137.5,Si,-0.4842595368802174,-0.4842595368802174,
pair005,Bz,conf005,138.0,Si,-0.5015093101349386,-0.5015093101349386,
pair005,Bz,conf005,138.5,Si,-0.5187917589367881,-0.5187917589367881,
pair005,Bz,conf005,139.0,Si,-0.5361031054647465,-0.5361031054647465,
pair005,Bz,conf005,139.5,Si,-0.5534394139706751,-0.5534394139706751,
pair005,Bz,conf005,140.0,Si,-0.5707965793485525,-0.5707965793485525,
pair005,Bz,conf005,140.5,Si,-0.5881703147023531,-0.5881703147023531,
pair005,Bz,conf005,140.99999999999997,Si,-0.6055561378186942,-0.6055561378186942,
pair005,Bz,conf005,141.5,Si,-0.6229493564416848,-0.6229493564416848,
pair005,Bz,conf005,142.0,Si,-0.6403450522379606,-0.6403450522379606,
pair005,Bz,conf005,142.50000000000003,Si,-0.6577380633298704,-0.6577380633298704,
pair005,Bz,conf005,143.0,Si,-0.6751229652640636,-0.6751229652640636,
pair005,Bz,conf005,143.5,Si,-0.6924940502715842,-0.6924940502715842,
pair005,Bz,conf005,144.0,Si,-0.7098453046638356,-0.7098453046638356,
pair005,Bz,conf005,144.5,Si,-0.7271703841969678,-0.7271703841969678,
pair005,Bz,conf005,145.0,Si,-0.7444625872252304,-0.7444625872252304,
pair005,Bz,conf005,145.49999999999997,Si,-0.761714825452323,-0.761714825452323,
pair005,Bz,conf005,146.0,Si,-0.7789195920789331,-0.7789195920789331,
pair005,Bz,conf005,146.5,Si,-0.7960689271354516,-0.7960689271354516,
pair005,Bz,conf005,147.00000000000003,Si,-0.8131543797818485,-0.8131543797818485,
pair005,Bz,conf005,147.5,Si,-0.830166967353277,-0.830166967353277,
pair005,Bz,conf005,148.0,Si,-0.8470971309315075,-0.8470971309315075,
pair005,Bz,conf005,148.5,Si,-0.863934687230679,-0.863934687230679,
pair005,Bz,conf005,149.0,Si,-0.8806687766036665,-0.8806687766036665,
pair005,Bz,conf005,149.5,Si,-0.8972878070054717,-0.8972878070054717,
pair005,Bz,conf005,150.0,Si,-0.9137793937965404,-0.9137793937965404,
pair005,Bz,conf005,150.5,Si,-0.9301302953362981,-0.9301302953362981,
pair005,Bz,conf005,151.0,Si,-0.9463263444115652,-0.9463263444115652,
pair005,Bz,conf005,151.5,Si,-0.96235237567257,-0.96235237567257,
pair005,Bz,conf005,151.99999999999997,Si,-0.9781921494195515,-0.9781921494195515,
pair005,Bz,conf005,152.5,Si,-0.9938282723048212,-0.9938282723048212,
pair005,Bz,conf005,153.0,Si,-1.0092421157995881,-1.0092421157995881,
pair005,Bz,conf005,153.5,Si,-1.024413733633428,-1.024413733633428,
pair005,Bz,conf005,154.0,Si,-1.0393217798591765,-1.0393217798591765,
pair005,Bz,conf005,154.5,Si,-1.0539434297385428,-1.0539434297385428,
pair005,Bz,conf005,155.0,Si,-1.0682543062930439,-1.0682543062930439,
pair005,Bz,conf005,155.5,Si,-1.082228416125281,-1.082228416125281,
pair005,Bz,conf005,156.0,Si,-1.095838098983526,-1.095838098983526,
pair005,Bz,conf005,156.49999999999997,Si,-1.1090539965020372,-1.1090539965020372,
pair005,Bz,conf005,156.99999999999997,Si,-1.1218450465660808,-1.1218450465660808,
pair005,Bz,conf005,157.5,Si,-1.1341785107657945,-1.1341785107657945,
pair005,Bz,conf005,158.0,Si,-1.1460200433264824,-1.1460200433264824,
pair005,Bz,conf005,158.5,Si,-1.1573338106073563,-1.1573338106073563,
pair005,Bz,conf005,159.0,Si,-1.1680826705783431,-1.1680826705783431,
pair005,Bz,conf005,159.5,Si,-1.178228421409774,-1.178228421409774,
pair005,Bz,conf005,160.0,Si,-1.1877321272106944,-1.1877321272106944,
pair005,Bz,conf005,160.5,Si,-1.196554526794786,-1.196554526794786,
pair005,Bz,conf005,160.99999999999997,Si,-1.2046565279428252,-1.2046565279428252,
pair005,Bz,conf005,161.5,Si,-1.211999784865324,-1.211999784865324,
pair005,Bz,conf005,162.0,Si,-1.218547350505172,-1.218547350505172,
pair005,Bz,conf005,162.5,Si,-1.2242643882383084,-1.2242643882383084,
pair005,Bz,conf005,163.0,Si,-1.229118919978621,-1.229118919978621,
pair005,Bz,conf005,163.5,Si,-1.2330825804879395,-1.2330825804879395,
pair005,Bz,conf005,163.99999999999997,Si,-1.2361313418530901,-1.2361313418530901,
pair005,Bz,conf005,164.5,Si,-1.2382461687023878,-1.2382461687023878,
pair005,Bz,conf005,165.0,Si,-1.2394135647345133,-1.2394135647345133,
pair005,Bz,conf005,165.5,Si,-1.2447944044482493,-1.2447944044482493,
pair005,Bz,conf005,166.0,Si,-1.2727369842896332,-1.2727369842896332,
pair005,Bz,conf005,166.5,Si,-1.3001608545608576,-1.3001608545608576,
pair005,Bz,conf005,167.00000000000003,Si,-1.326942831934761,-1.326942831934761,
pair005,Bz,conf005,167.5,Si,-1.3529256827846168,-1.3529256827846168,
pair005,Bz,conf005,168.0,Si,-1.3779075697607184,-1.3779075697607184,
pair005,Bz,conf005,168.49999999999997,Si,-1.4016288725839423,-1.4016288725839423,
pair005,Bz,conf005,169.0,Si,-1.4237569612444054,-1.4237569612444054,
pair005,Bz,conf005,169.5,Si,-1.4438713941385841,-1.4438713941385841,
pair005,Bz,conf005,170.0,Si,-1.4614557518406575,-1.4614557518406575,
pair005,Bz,conf005,170.49999999999997,Si,-1.4759080252097858,-1.4759080252097858,
pair005,Bz,conf005,171.0,Si,-1.4865864190124172,-1.4865864190124172,
pair005,Bz,conf005,171.50000000000003,Si,-1.4929030744461536,-1.4929030744461536,
pair005,Bz,conf005,172.0,Si,-1.4944536069164178,-1.4944536069164178,
pair005,Bz,conf005,172.5,Si,-1.4911314035523153,-1.4911314035523153,
pair005,Bz,conf005,173.0,Si,-1.4831612306062878,-1.4831612306062878,
pair005,Bz,conf005,173.5,Si,-1.4710300791864928,-1.4710300791864928,
pair005,Bz,conf005,174.0,Si,-1.4553593488302305,-1.4553593488302305,
pair005,Bz,conf005,174.5,Si,-1.4367845349518924,-1.4367845349518924,
pair005,Bz,conf005,174.99999999999997,Si,-1.4158794249044968,-1.4158794249044968,
pair005,Bz,conf005,175.5,Si,-1.3931252582097557,-1.3931252582097557,
pair005,Bz,conf005,176.0,Si,-1.3689088964828096,-1.3689088964828096,
pair005,Bz,conf005,176.5,Si,-1.3435344634517663,-1.3435344634517663,
pair005,Bz,conf005,177.0,Si,-1.317238777623118,-1.317238777623118,
pair005,Bz,conf005,177.5,Si,-1.2902059852149301,-1.2902059852149301,
pair005,Bz,conf005,178.00000000000003,Si,-1.2625797885645782,-1.2625797885645782,
pair005,Bz,conf005,178.5,Si,-1.2344730707784555,-1.2344730707784555,
pair005,Bz,conf005,179.0,Si,-1.2059752486320598,-1.2059752486320598,
pair005,Bz,conf005,179.49999999999997,Si,-1.1771578125051607,-1.1771578125051607,
pair005,Bz,conf005,180.0,Si,-1.148078480355692,-1.148078480355692,
pair005,Bz,conf005,180.5,Si,-1.1187843142270029,-1.1187843142270029,
pair005,Bz,conf005,181.0,Si,-1.0893140672662853,-1.0893140672662853,
pair005,Bz,conf005,181.5,Si,-1.0596999613535625,-1.0596999613535625,
pair005,Bz,conf005,182.0,Re,-1.0389819971899548,-1.029969042667036,
pair005,Bz,conf005,182.50000000000003,Re,-1.0394217994942108,-1.0001442230597362,
pair005,Bz,conf005,183.0,Re,-1.0395793526984072,-0.9702450862022387,
pair005,Bz,conf005,183.5,Re,-1.0394544428390513,-0.9402885164342163,
pair005,Bz,conf005,183.99999999999997,Re,-1.0390472395651955,-0.9102891930435147,
pair005,Bz,conf005,184.5,Re,-1.0383582950520647,-0.8802599816493862,
pair005,Bz,conf005,185.0,Re,-1.0373885404747578,-0.8712592492593967,
pair005,Bz,conf005,185.5,Re,-1.0361392800949696,-0.8698138829992377,
pair005,Bz,conf005,185.99999999999997,Re,-1.0346121830487933,-0.8669728180010603,
pair005,Bz,conf005,186.5,Re,-1.0328092729564662,-0.8627510313931188,
pair005,Bz,conf005,187.00000000000003,Re,-1.0307329155045524,-0.8571704112839661,
pair005,Bz,conf005,187.5,Re,-1.028385804176756,-0.8502592328030228,
pair005,Bz,conf005,188.0,Re,-1.025770944330942,-0.8420515078201317,
pair005,Bz,conf005,188.5,Re,-1.0228916358364455,-0.832586241934723,
pair005,Bz,conf005,189.0,Re,-1.0197514544973656,-0.8219066342815113,
pair005,Bz,conf005,189.5,Re,-1.0163542324940587,-0.8100592548544837,
pair005,Bz,conf005,190.0,Re,-1.012704038076775,-0.7970932308697186,
pair005,Bz,conf005,190.49999999999997,Re,-1.0088051547425292,-0.7830594688262609,
pair005,Bz,conf005,191.0,Re,-1.0046620601191871,-0.7680099331036127,
pair005,Bz,conf005,191.49999999999997,Re,-1.0002794047701238,-0.7519969958311135,
pair005,Bz,conf005,192.0,Re,-0.995661991118909,-0.735072866934103,
pair005,Bz,conf005,192.5,Re,-0.9908147526772447,-0.717289108101611,
pair005,Bz,conf005,193.0,Re,-0.9857427337411689,-0.6986962301625199,
pair005,Bz,conf005,193.50000000000003,Re,-0.9804510697010995,-0.6793433700900477,
pair005,Bz,conf005,194.0,Re,-0.9749449680912031,-0.6592780415532447,
pair005,Bz,conf005,194.5,Re,-0.969229690483258,-0.638545951499182,
pair005,Bz,conf005,194.99999999999997,Re,-0.9633105353102291,-0.6171908745388246,
pair005,Bz,conf005,195.5,Re,-0.9571928216854938,-0.595254576766677,
pair005,Bz,conf005,196.0,Re,-0.9508818742654414,-0.5727767809179873,
pair005,Bz,conf005,196.5,Re,-0.9443830091861992,-0.5497951653224895,
pair005,Bz,conf005,196.99999999999997,Re,-0.9377015210897931,-0.5263453898388861,
pair005,Bz,conf005,197.5,Re,-0.9308426712411547,-0.5024611427614991,
pair005,Bz,conf005,198.00000000000003,Re,-0.9238116767251776,-0.4781742035150225,
pair005,Bz,conf005,198.5,Re,-0.9166137007024666,-0.45351451675002163,
pair005,Bz,conf005,199.0,Re,-0.9092538436935058,-0.42851027419187293,
pair005,Bz,conf005,199.49999999999997,Re,-0.9017371358536597,-0.4031880012629492,
pair005,Bz,conf005,200.0,Re,-0.8940685301954999,-0.3775726460848441,
pair005,Bz,conf005,200.5,Re,-0.8862528967105465,-0.3516876689740176,
pair005,Bz,conf005,201.00000000000003,Re,-0.8782950173391784,-0.3325527372506778,
pair005,Bz,conf005,201.49999999999997,Re,-0.8701995817354246,-0.33679459387152844,
pair005,Bz,conf005,202.0,Re,-0.8619711837721397,-0.3408636183205809,
pair005,Bz,conf005,202.49999999999997,Re,-0.8536143187318181,-0.3447572499978071,
pair005,Bz,conf005,203.0,Re,-0.8451333811287075,-0.34847301235618544,
pair005,Bz,conf005,203.5,Re,-0.8365326631089282,-0.35200851763574015,
pair005,Bz,conf005,203.99999999999997,Re,-0.8278163533768372,-0.355361471532484,
pair005,Bz,conf005,204.5,Re,-0.8189885365977848,-0.3585296777821516,
pair005,Bz,conf005,205.0,Re,-0.8100531932296566,-0.3615110426382939,
pair005,Bz,conf005,205.50000000000003,Re,-0.8010141997379977,-0.3643035792241218,
pair005,Bz,conf005,205.99999999999997,Re,-0.7918753291521514,-0.3669054117374564,
pair005,Bz,conf005,206.5,Re,-0.7826402519224803,-0.36931477948825453,
pair005,Bz,conf005,206.99999999999997,Re,-0.7733125370414967,-0.37153004074852225,
pair005,Bz,conf005,207.5,Re,-0.7638956533943881,-0.3735496763948605,
pair005,Bz,conf005,208.0,Re,-0.7543929713071559,-0.3753722933245849,
pair005,Bz,conf005,208.5,Re,-0.7448077642631125,-0.3769966276271457,
pair005,Bz,conf005,209.0,Re,-0.7351432107610592,-0.3784215474936232,
pair005,Bz,conf005,209.5,Re,-0.7254023962908186,-0.3796460558481958,
pair005,Bz,conf005,210.00000000000003,Re,-0.715588315404097,-0.38066929268683536,
pair005,Bz,conf005,210.49999999999997,Re,-0.705703873860807,-0.38149053710995684,
pair005,Bz,conf005,211.0,Re,-0.695751890832981,-0.3821092090373439,
pair005,Bz,conf005,211.5,Re,-0.6857351011503234,-0.38252487059542006,
pair005,Bz,conf005,212.0,Re,-0.6756561575731674,-0.382737227168777,
pair005,Bz,conf005,212.5,Re,-0.6655176330802506,-0.38274612810978215,
pair005,Bz,conf005,213.0,Re,-0.6553220231601906,-0.38255156710207494,
pair005,Bz,conf005,213.50000000000003,Re,-0.645071748096943,-0.3821536821758238,
pair005,Bz,conf005,214.0,Re,-0.6347691552407271,-0.38155275537463074,
pair005,Bz,conf005,214.50000000000003,Re,-0.6244165212570925,-0.3807492120760685,
pair005,Bz,conf005,214.99999999999997,Re,-0.6140160543478164,-0.37974361996985095,
pair005,Bz,conf005,215.5,Re,-0.6035698964382186,-0.3785366876996348,
pair005,Bz,conf005,216.0,Re,-0.5930801253264015,-0.37712926317638895,
pair005,Bz,conf005,216.50000000000003,Re,-0.5825487567905936,-0.37552233157310044,
pair005,Bz,conf005,217.0,Re,-0.5719777466515232,-0.3737170130123484,
pair005,Bz,conf005,217.5,Re,-0.5613689927873005,-0.37171455995987546,
pair005,Bz,conf005,217.99999999999997,Re,-0.5507243370988728,-0.3695163543387989,
pair005,Bz,conf005,218.5,Re,-0.5400455674245366,-0.36712390438042686,
pair005,Bz,conf005,219.00000000000003,Re,-0.52933441940248,-0.36453884122883373,
pair005,Bz,conf005,219.49999999999997,Re,-0.5185925782806307,-0.3617629153173725,
pair005,Bz,conf005,220.0,Re,-0.5078216806734537,-0.3587979925361242,
pair005,Bz,conf005,220.5,Re,-0.4970233162656248,-0.35564605020998163,
pair005,Bz,conf005,221.00000000000003,Re,-0.4861990294627072,-0.3523091729075367,
pair005,Bz,conf005,221.5,Re,-0.47535032098923247,-0.3487895481012582,
pair005,Bz,conf005,222.0,Re,-0.4644786494347086,-0.3450894616996212,
pair005,Bz,conf005,222.49999999999997,Re,-0.45358543274828467,-0.34121129347179613,
pair005,Bz,conf005,223.0,Re,-0.44267204968287266,-0.33715751238535363,
pair005,Bz,conf005,223.5,Re,-0.43173984118970576,-0.3329306718771261,
pair005,Bz,conf005,224.0,Re,-0.42079011176431913,-0.3285334050768811,
pair005,Bz,conf005,224.5,Re,-0.40982413074509294,-0.32396842000290693,
pair005,Bz,conf005,225.0,Re,-0.3988431335654825,-0.3192384947478919,
pair005,Bz,conf005,225.50000000000003,Re,-0.38784832296115623,-0.31434647267269344,
pair005,Bz,conf005,226.0,Re,-0.3768408701332686,-0.309295257624713,
pair005,Bz,conf005,226.5,Re,-0.3658219158691107,-0.30408780919661327,
pair005,Bz,conf005,226.99999999999997,Re,-0.3547925716214233,-0.2987271380401477,
pair005,Bz,conf005,227.5,Re,-0.34375392054762366,-0.29321630124874876,
pair005,Bz,conf005,228.0,Re,-0.3327070185102381,-0.2875583978214975,
pair005,Bz,conf005,228.5,Re,-0.3216528950397781,-0.2817565642199309,
pair005,Bz,conf005,228.99999999999997,Re,-0.3105925542613368,-0.2758139700280502,
pair005,Bz,conf005,229.49999999999997,Re,-0.2995269757861141,-0.26973381372477423,
pair005,Bz,conf005,230.0,Re,-0.2884571155691127,-0.2635193185769651,
pair005,Bz,conf005,230.5,Re,-0.277383906734175,-0.25717372866008503,
pair005,Bz,conf005,231.00000000000003,Re,-0.26630826036754285,-0.250700305012461,
pair005,Bz,conf005,231.5,Re,-0.2552310662810746,-0.24410232192814663,
pair005,Bz,conf005,232.00000000000003,Re,-0.244153193746234,-0.23738306339236814,
pair005,Bz,conf005,232.5,Re,-0.2330754921999474,-0.23054581966262222,
pair005,Bz,conf005,233.0,Re,-0.22359388399759594,-0.22359388399759594,
pair005,Bz,conf005,233.49999999999997,Re,-0.2165305495352845,-0.2165305495352845,
pair005,Bz,conf005,234.0,Re,-0.20935910632086552,-0.20935910632086552,
pair005,Bz,conf005,234.49999999999997,Re,-0.2020828384842175,-0.2020828384842175,
pair005,Bz,conf005,235.0,Re,-0.19470502156627956,-0.19470502156627956,
pair005,Bz,conf005,235.5,Re,-0.18722891999287938,-0.18722891999287938,
pair005,Bz,conf005,235.99999999999997,Re,-0.17965778469408256,-0.17965778469408256,
pair005,Bz,conf005,236.5,Re,-0.171994850866664,-0.171994850866664,
pair005,Bz,conf005,237.00000000000003,Re,-0.16424333587685158,-0.16424333587685158,
pair005,Bz,conf005,237.49999999999997,Re,-0.15640643730011639,-0.15640643730011639,
pair005,Bz,conf005,238.0,Re,-0.14848733109445633,-0.14848733109445633,
pair005,Bz,conf005,238.50000000000003,Re,-0.14048916990335747,-0.14048916990335747,
pair005,Bz,conf005,239.0,Re,-0.1324150814843572,-0.1324150814843572,
pair005,Bz,conf005,239.5,Re,-0.12425689061573131,-0.12425689061573131,
pair005,Bz,conf005,239.99999999999997,Re,-0.11600232109871267,-0.11600232109871267,
pair005,Bz,conf005,240.5,Re,-0.10765343202224686,-0.10765343202224686,
pair005,Bz,conf005,241.00000000000003,Re,-0.09921232994216433,-0.09921232994216433,
pair005,Bz,conf005,241.5,Re,-0.09068110359637083,-0.09068110359637083,
pair005,Bz,conf005,242.0,Re,-0.08206182314425003,-0.08206182314425003,
pair005,Bz,conf005,242.49999999999997,Re,-0.07335653947112064,-0.07335653947112064,
pair005,Bz,conf005,243.0,Re,-0.06456728355532593,-0.06456728355532593,
pair005,Bz,conf005,243.49999999999997,Re,-0.05569606589553322,-0.05569606589553322,
pair005,Bz,conf005,244.0,Re,-0.046744875995746726,-0.046744875995746726,
pair005,Bz,conf005,244.5,Re,-0.03771568190560104,-0.03771568190560104,
pair005,Bz,conf005,244.99999999999997,Re,-0.02861042981344042,-0.02861042981344042,
pair005,Bz,conf005,245.5,Re,-0.019431043689744687,-0.019431043689744687,
pair005,Bz,conf005,246.00000000000003,Re,-0.010179424978486784,-0.010179424978486784,
pair005,Bz,conf005,246.50000000000003,Re,-0.0008574523340096896,-0.0008574523340096896,
pair005,Bz,conf005,247.0,Re,0.008533018598914754,0.008533018598914754,
pair005,Bz,conf005,247.50000000000003,Re,0.01799015536416526,0.01799015536416526,
pair005,Bz,conf005,248.0,Re,0.027512148834726968,0.027512148834726968,
pair005,Bz,conf005,248.5,Re,0.0370972133167522,0.0370972133167522,
pair005,Bz,conf005,248.99999999999997,Re,0.0467435866193322,0.0467435866193322,
pair005,Bz,conf005,249.5,Re,0.05644953009209419,0.05644953009209419,
pair005,Bz,conf005,249.99999999999997,Re,0.06621332863259988,0.06621332863259988,
pair005,Bz,conf005,250.5,Re,0.07603329066551967,0.07603329066551967,
pair005,Bz,conf005,251.0,Re,0.08590774809543689,0.08590774809543689,
pair005,Bz,conf005,251.49999999999997,Re,0.09583505623510025,0.09583505623510025,
pair005,Bz,conf005,252.0,Re,0.10581359371085375,0.10581359371085375,
pair005,Bz,conf005,252.49999999999997,Re,0.11584176234689925,0.11584176234689925,
pair005,Bz,conf005,253.0,Re,0.12591798703000934,0.12591798703000934,
pair005,Bz,conf005,253.5,Re,0.1360407155561767,0.1360407155561767,
pair005,Bz,conf005,254.00000000000003,Re,0.14620841846069021,0.14620841846069021,
pair005,Bz,conf005,254.5,Re,0.15641958883299245,0.15641958883299245,
pair005,Bz,conf005,255.00000000000003,Re,0.16667274211766236,0.16667274211766236,
pair005,Bz,conf005,255.49999999999997,Re,0.17696641590274376,0.17696641590274376,
pair005,Bz,conf005,256.0,Re,0.18729916969664084,0.18729916969664084,
pair005,Bz,conf005,256.5,Re,0.1976695846946781,0.1976695846946781,
pair005,Bz,conf005,257.0,Re,0.2080762635364013,0.2080762635364013,
pair005,Bz,conf005,257.5,Re,0.21851783005463,0.21851783005463,
pair005,Bz,conf005,258.0,Re,0.2289929290171877,0.2289929290171877,
pair005,Bz,conf005,258.5,Re,0.23950022586222874,0.23950022586222874,
pair005,Bz,conf005,258.99999999999994,Re,0.25003840642797837,0.25003840642797837,
pair005,Bz,conf005,259.5,Re,0.2606061766776948,0.2606061766776948,
pair005,Bz,conf005,260.0,Re,0.2712022624205721,0.2712022624205721,
pair005,Bz,conf005,260.5,Re,0.2818254090292951,0.2818254090292951,
pair005,Bz,conf005,261.0,Re,0.2924743811548822,0.2924743811548822,
pair005,Bz,conf005,261.5,Re,0.30314796243942,0.30314796243942,
pair005,Bz,conf005,262.00000000000006,Re,0.31384495522726286,0.31384495522726286,
pair005,Bz,conf005,262.5,Re,0.3245641802752075,0.3245641802752075,
pair005,Bz,conf005,263.0,Re,0.33530447646214756,0.33530447646214756,
pair005,Bz,conf005,263.5,Re,0.3460647004986315,0.3460647004986315,
pair005,Bz,conf005,264.0,Re,0.35684372663678166,0.35684372663678166,
pair005,Bz,conf005,264.5,Re,0.36764044638091176,0.36764044638091176,
pair005,Bz,conf005,265.0,Re,0.37845376819925014,0.37845376819925014,
pair005,Bz,conf005,265.5,Re,0.3892826172370445,0.3892826172370445,
pair005,Bz,conf005,266.0,Re,0.4001259350313988,0.4001259350313988,
pair005,Bz,conf005,266.49999999999994,Re,0.41098267922806264,0.41098267922806264,
pair005,Bz,conf005,267.0,Re,0.42185182330048376,0.42185182330048376,
pair005,Bz,conf005,267.5,Re,0.43273235627128925,0.43273235627128925,
pair005,Bz,conf005,267.99999999999994,Re,0.443623282436451,0.443623282436451,
pair005,Bz,conf005,268.5,Re,0.45452362109230315,0.45452362109230315,
pair005,Bz,conf005,269.0,Re,0.46543240626556615,0.46543240626556615,
pair005,Bz,conf005,269.50000000000006,Re,0.47634868644655026,0.47634868644655026,
pair005,Bz,conf005,270.0,Re,0.48727152432565846,0.48727152432565846,
pair005,Bz,conf005,270.5,Re,0.4981999965333126,0.4981999965333126,
pair005,Bz,conf005,271.0,Re,0.5091331933833929,0.5091331933833929,
pair005,Bz,conf005,271.5,Re,0.5200702186203048,0.5200702186203048,
pair005,Bz,conf005,272.0,Re,0.5310101891697274,0.5310101891697274,
pair005,Bz,conf005,272.5,Re,0.5419522348931161,0.5419522348931161,
pair005,Bz,conf005,273.0,Re,0.5528954983460272,0.5528954983460272,
pair005,Bz,conf005,273.5,Re,0.5638391345402829,0.5638391345402829,
pair005,Bz,conf005,274.0,Re,0.5747823107100396,0.5747823107100396,
pair005,Bz,conf005,274.5,Re,0.5857242060817611,0.5857242060817611,
pair005,Bz,conf005,275.0,Re,0.5966640116481383,0.5966640116481383,
pair005,Bz,conf005,275.49999999999994,Re,0.6076009299459393,0.6076009299459393,
pair005,Bz,conf005,276.0,Re,0.6115419312893551,0.6185341748378279,
pair005,Bz,conf005,276.5,Re,0.6021609755223085,0.6294629712981081,
pair005,Bz,conf005,277.0,Re,0.5927483341908679,0.640386555202425,
pair005,Bz,conf005,277.50000000000006,Re,0.5833043094462453,0.6513041731213798,
pair005,Bz,conf005,278.0,Re,0.5738292066375463,0.6622150821180546,
pair005,Bz,conf005,278.50000000000006,Re,0.5643233343729095,0.6731185495494267,
pair005,Bz,conf005,279.0,Re,0.5547870045826293,0.6840138528716275,
pair005,Bz,conf005,279.5,Re,0.5452205325843338,0.6949002794490393,
pair005,Bz,conf005,280.0,Re,0.5356242371502977,0.7057771263671768,
pair005,Bz,conf005,280.5,Re,0.5259984405769498,0.7166437002493302,
pair005,Bz,conf005,281.0,Re,0.5163434687566697,0.7274993170769168,
pair005,Bz,conf005,281.5,Re,0.506659651251941,0.7383433020135162,
pair005,Bz,conf005,281.99999999999994,Re,0.49694732137196307,0.7491749892325197,
pair005,Bz,conf005,282.5,Re,0.4872068162517784,0.7599937217483841,
pair005,Bz,conf005,283.0,Re,0.47743847693404695,0.7707988512513999,
pair005,Bz,conf005,283.5,Re,0.4676426484535223,0.7815897379459591,
pair005,Bz,conf005,284.0,Re,0.457819679924351,0.792365750392259,
pair005,Bz,conf005,284.5,Re,0.4479699246303013,0.7940493706932246,
pair005,Bz,conf005,285.00000000000006,Re,0.4380937401179974,0.7789833474217407,
pair005,Bz,conf005,285.5,Re,0.42819148829331044,0.7638837359601991,
pair005,Bz,conf005,286.0,Re,0.4182635355209747,0.748751075514311,
pair005,Bz,conf005,286.5,Re,0.4083102527275966,0.7335859127380451,
pair005,Bz,conf005,287.0,Re,0.3983320155081358,0.7183888019515872,
pair005,Bz,conf005,287.5,Re,0.3883292042360167,0.703160305368222,
pair005,Bz,conf005,288.0,Re,0.37830220417698324,0.6879009933304985,
pair005,Bz,conf005,288.5,Re,0.36825140560685465,0.67261144455614,
pair005,Bz,conf005,289.0,Re,0.358177203933308,0.6572922463941124,
pair005,Bz,conf005,289.5,Re,0.34807999982184734,0.6419439950913353,
pair005,Bz,conf005,290.0,Re,0.33796019932611543,0.6265672960705306,
pair005,Bz,conf005,290.5,Re,0.3278182140227004,0.6111627642197044,
pair005,Bz,conf005,290.99999999999994,Re,0.3176544611506207,0.5957310241938296,
pair005,Bz,conf005,291.5,Re,0.3074693637556394,0.5802727107292711,
pair005,Bz,conf005,292.0,Re,0.29726335083962385,0.564788468971585,
pair005,Bz,conf005,292.5,Re,0.287036857515097,0.5492789548172852,
pair005,Bz,conf005,293.0,Re,0.2767903251652175,0.5337448352702754,
pair005,Bz,conf005,293.5,Re,0.2665242016093534,0.5181867888136005,
pair005,Bz,conf005,294.00000000000006,Re,0.25623894127450253,0.502605505797302,
pair005,Bz,conf005,294.5,Re,0.24593500537274338,0.4870016888430977,
pair005,Bz,conf005,295.0,Re,0.2356128620849589,0.4713760532667173,
pair005,Bz,conf005,295.5,Re,0.22527298675108298,0.4557293275187597,
pair005,Bz,conf005,296.0,Re,0.21491586206709035,0.440062253644929,
pair005,Bz,conf005,296.5,Re,0.2045419782890172,0.42437558776664575,
pair005,Bz,conf005,297.0,Re,0.1941518334442447,0.40867010058296516,
pair005,Bz,conf005,297.49999999999994,Re,0.18374593355035773,0.3929465778949075,
pair005,Bz,conf005,298.0,Re,0.17332479284183266,0.37720582115324475,
pair005,Bz,conf005,298.49999999999994,Re,0.1628889340048867,0.36144864803095245,
pair005,Bz,conf005,299.0,Re,0.1524388884207568,0.3456758930214867,
pair005,Bz,conf005,299.5,Re,0.1419751964177809,0.3298884080642346,
pair005,Bz,conf005,300.0,Re,0.1314984075325636,0.3140870631984207,
pair005,Bz,conf005,300.50000000000006,Re,0.12100908078061368,0.29827274724694086,
pair005,Bz,conf005,301.0,Re,0.11050778493678792,0.28244636853158966,
pair005,Bz,conf005,301.5,Re,0.09999509882591995,0.26660885562125336,
pair005,Bz,conf005,302.0,Re,0.08947161162403305,0.25076115811475397,
pair005,Bz,conf005,302.5,Re,0.07893792317051207,0.23490424746003757,
pair005,Bz,conf005,303.0,Re,0.06839464429167474,0.2190391178115838,
pair005,Bz,conf005,303.5,Re,0.05784239713615347,0.203166786927929,
pair005,Bz,conf005,303.99999999999994,Re,0.047281815522544735,0.18728829711136474,
pair005,Bz,conf005,304.5,Re,0.03671354529977133,0.1714047161918968,
pair005,Bz,conf005,305.0,Re,0.026138244720655512,0.15551713855776117,
pair005,Bz,conf005,305.5,Re,0.015556584829168107,0.13962668623480234,
pair005,Bz,conf005,306.0,Re,0.004969249861878522,0.12373451001721048,
pair005,Bz,conf005,306.49999999999994,Re,-0.005623062335868179,0.10784179065222421,
pair005,Bz,conf005,307.0,Re,-0.016219639878523484,0.09194974008149948,
pair005,Bz,conf005,307.5,Re,-0.026819756393081873,0.07605960274203905,
pair005,Bz,conf005,308.0,Re,-0.03742267055543658,0.060172656929650126,
pair005,Bz,conf005,308.5,Re,-0.04802762560975493,0.04429021622810314,
pair005,Bz,conf005,309.0,Re,-0.058633848870266236,0.02841363100726313,
pair005,Bz,conf005,309.50000000000006,Re,-0.06924055120483064,0.012544289993666968,
pair005,Bz,conf005,310.0,Re,-0.07984692649966352,-0.0033163780828795453,
pair005,Bz,conf005,310.5,Re,-0.0904521511045604,-0.019166902762901117,
pair005,Bz,conf005,311.0,Re,-0.10105538325793417,-0.03500577004711247,
pair005,Bz,conf005,311.5,Re,-0.11165576249101816,-0.050831420498477886,
pair005,Bz,conf005,312.0,Re,-0.12225240901049705,-0.06664224725215928,
pair005,Bz,conf005,312.5,Re,-0.1328444230589041,-0.08243659392898395,
pair005,Bz,conf005,312.99999999999994,Re,-0.14343088425202244,-0.09821275244777561,
pair005,Bz,conf005,313.5,Re,-0.1540108508926077,-0.11396896073185236,
pair005,Bz,conf005,313.99999999999994,Re,-0.16458335925966083,-0.1297034003047275,
pair005,Bz,conf005,314.5,Re,-0.17514742287255092,-0.14541419376999443,
pair005,Bz,conf005,315.0,Re,-0.18570203172921773,-0.16109940217015284,
pair005,Bz,conf005,315.5,Re,-0.19624615151774139,-0.17675702221908063,
pair005,Bz,conf005,316.0,Re,-0.2067787228005371,-0.19238498340268917,
pair005,Bz,conf005,316.5,Re,-0.2172986601704614,-0.20798114494226327,
pair005,Bz,conf005,317.0,Re,-0.22780485137810058,-0.22354329261486416,
pair005,Bz,conf005,317.5,Re,-0.2390691354252239,-0.2390691354252239,
pair005,Bz,conf005,318.0,Re,-0.2545563021235122,-0.2545563021235122,
pair005,Bz,conf005,318.5,Re,-0.2700023375634215,-0.2700023375634215,
pair005,Bz,conf005,319.0,Re,-0.28540474295348073,-0.28540474295348073,
pair005,Bz,conf005,319.5,Re,-0.30080522040862934,-0.30080522040862934,
pair005,Bz,conf005,320.0,Re,-0.31623956830336897,-0.31623956830336897,
pair005,Bz,conf005,320.5,Re,-0.3317041825337177,-0.3317041825337177,
pair005,Bz,conf005,321.0,Re,-0.34719534026396537,-0.34719534026396537,
pair005,Bz,conf005,321.5,Re,-0.3627091937370681,-0.3627091937370681,
pair005,Bz,conf005,321.99999999999994,Re,-0.378241763707055,-0.378241763707055,
pair005,Bz,conf005,322.5,Re,-0.39378893247230873,-0.39378893247230873,
pair005,Bz,conf005,323.0,Re,-0.40934643648788693,-0.40934643648788693,
pair005,Bz,conf005,323.50000000000006,Re,-0.42490985853466534,-0.42490985853466534,
pair005,Bz,conf005,324.0,Re,-0.44047461942268096,-0.44047461942268096,
pair005,Bz,conf005,324.5,Re,-0.4560359692060001,-0.4560359692060001,
pair005,Bz,conf005,325.0,Re,-0.471588977886517,-0.471588977886517,
pair005,Bz,conf005,325.5,Re,-0.4871285255846418,-0.4871285255846418,
pair005,Bz,conf005,326.0,Re,-0.5026492921556087,-0.5026492921556087,
pair005,Bz,conf005,326.50000000000006,Re,-0.5181457462316037,-0.5181457462316037,
pair005,Bz,conf005,327.0,Re,-0.5336121336717692,-0.5336121336717692,
pair005,Bz,conf005,327.5,Re,-0.549042465404942,-0.549042465404942,
pair005,Bz,conf005,327.99999999999994,Re,-0.5644305046534059,-0.5644305046534059,
pair005,Bz,conf005,328.5,Re,-0.5797697535306352,-0.5797697535306352,
pair005,Bz,conf005,329.0,Re,-0.5950534390117026,-0.5950534390117026,
pair005,Bz,conf005,329.49999999999994,Re,-0.6102744982823747,-0.6102744982823747,
pair005,Bz,conf005,330.0,Re,-0.6254255634817041,-0.6254255634817041,
pair005,Bz,conf005,330.5,Re,-0.6404989458639043,-0.6404989458639043,
pair005,Bz,conf005,331.0,Re,-0.6554866194183928,-0.6554866194183928,
pair005,Bz,conf005,331.5,Re,-0.6703802040026119,-0.6703802040026119,
pair005,Bz,conf005,332.0,Re,-0.6851709480609556,-0.6851709480609556,
pair005,Bz,conf005,332.50000000000006,Re,-0.6998497110251569,-0.6998497110251569,
pair005,Bz,conf005,333.0,Re,-0.7144069455173484,-0.7144069455173484,
pair005,Bz,conf005,333.49999999999994,Re,-0.7288326795069406,-0.7288326795069406,
pair005,Bz,conf005,334.00000000000006,Re,-0.7431164986070589,-0.7431164986070589,
pair005,Bz,conf005,334.5,Re,-0.7572475287357698,-0.7572475287357698,
pair005,Bz,conf005,335.0,Re,-0.7712144194121493,-0.7712144194121493,
pair005,Bz,conf005,335.49999999999994,Re,-0.7850053280073909,-0.7850053280073909,
pair005,Bz,conf005,336.0,Re,-0.7986079053270349,-0.7986079053270349,
pair005,Bz,conf005,336.5,Re,-0.8120092829614762,-0.8120092829614762,
pair005,Bz,conf005,336.99999999999994,Re,-0.8251960629080978,-0.8251960629080978,
pair005,Bz,conf005,337.5,Re,-0.838154310038553,-0.838154310038553,
pair005,Bz,conf005,338.0,Re,-0.8508695480579281,-0.8508695480579281,
pair005,Bz,conf005,338.5,Re,-0.8633267596766909,-0.8633267596766909,
pair005,Bz,conf005,339.0,Re,-0.8755103917888937,-0.8755103917888937,
pair005,Bz,conf005,339.5,Re,-0.8874043665180114,-0.8874043665180114,
pair005,Bz,conf005,340.0,Re,-0.8989920990503756,-0.8989920990503756,
pair005,Bz,conf005,340.5,Re,-0.9102565232206511,-0.9102565232206511,
pair005,Bz,conf005,340.99999999999994,Re,-0.9211801258376693,-0.9211801258376693,
pair005,Bz,conf005,341.50000000000006,Re,-0.9317449907353766,-0.9317449907353766,
pair005,Bz,conf005,342.0,Re,-0.9419328534947167,-0.9419328534947167,
pair005,Bz,conf005,342.49999999999994,Re,-0.9517251676998597,-0.9517251676998597,
pair005,Bz,conf005,343.00000000000006,Re,-0.9611031834580069,-0.9611031834580069,
pair005,Bz,conf005,343.5,Re,-0.9700480387188215,-0.9700480387188215,
pair005,Bz,conf005,344.0,Re,-0.9785408636713363,-0.9785408636713363,
pair005,Bz,conf005,344.49999999999994,Re,-0.9865628981696619,-0.9865628981696619,
pair005,Bz,conf005,345.0,Re,-0.994095621744504,-0.994095621744504,
pair005,Bz,conf005,345.5,Re,-1.0205629955049749,-1.0205629955049749,
pair005,Bz,conf005,346.0,Re,-1.049469172436544,-1.049469172436544,
pair005,Bz,conf005,346.5,Re,-1.0783451905868626,-1.0783451905868626,
pair005,Bz,conf005,347.0,Re,-1.107177734029749,-1.107177734029749,
pair005,Bz,conf005,347.5,Re,-1.1359512098933333,-1.1359512098933333,
pair005,Bz,conf005,348.0,Re,-1.1646471532985938,-1.1646471532985938,
pair005,Bz,conf005,348.50000000000006,Re,-1.1932434402449177,-1.1932434402449177,
pair005,Bz,conf005,349.0,Re,-1.2217132345945105,-1.2217132345945105,
pair005,Bz,conf005,349.5,Re,-1.2500235624736076,-1.2500235624736076,
pair005,Bz,conf005,349.99999999999994,Re,-1.2781333582567334,-1.2781333582567334,
pair005,Bz,conf005,350.50000000000006,Re,-1.3059907522173708,-1.3059907522173708,
pair005,Bz,conf005,351.0,Re,-1.333529257986601,-1.333529257986601,
pair005,Bz,conf005,351.49999999999994,Re,-1.360662349732316,-1.360662349732316,
pair005,Bz,conf005,352.0,Re,-1.3872756713147303,-1.3872756713147303,
pair005,Bz,conf005,352.5,Re,-1.4132157736979596,-1.4132157736979596,
pair005,Bz,conf005,353.0,Re,-1.4382738535529331,-1.4382738535529331,
pair005,Bz,conf005,353.5,Re,-1.462162638357847,-1.462162638357847,
pair005,Bz,conf005,354.0,Re,-1.4844849631124597,-1.4844849631124597,
pair005,Bz,conf005,354.5,Re,-1.5046954955022636,-1.5046954955022636,
pair005,Bz,conf005,355.0,Re,-1.522066430992993,-1.522066430992993,
pair005,Bz,conf005,355.5,Re,-1.5356889735120012,-1.5356889735120012,
pair005,Bz,conf005,356.00000000000006,Re,-1.544570059149697,-1.544570059149697,
pair005,Bz,conf005,356.5,Re,-1.5478742906660736,-1.5478742906660736,
pair005,Bz,conf005,357.0,Re,-1.5452430917088975,-1.5452430917088975,
pair005,Bz,conf005,357.50000000000006,Re,-1.5369642928466887,-1.5369642928466887,
pair005,Bz,conf005,358.0,Re,-1.5238344592951276,-1.5238344592951276,
pair005,Bz,conf005,358.5,Re,-1.5068436209548208,-1.5068436209548208,
pair005,Bz,conf005,358.99999999999994,Re,-1.4869176143211893,-1.4869176143211893,
pair005,Bz,conf005,359.50000000000006,Re,-1.4648062133818847,-1.4648062133818847,
pair005,SB,conf008,0.0,Re,-1.440881556218215,-1.440881556218215,5.679297937601984
pair005,SB,conf008,0.5,Re,-1.4163388397461687,-1.4163388397461687,5.680317647924662
pair005,SB,conf008,1.0,Re,-1.3908179688559053,-1.3908179688559053,5.681234348009712
pair005,SB,conf008,1.5,Si,-1.364548607647549,-1.364548607647549,5.6820480044611
pair005,SB,conf008,2.0,Si,-1.3924368691718196,-1.3924368691718196,5.6827585876430415
pair005,SB,conf008,2.5,Si,-1.4425527765460173,-1.4425527765460173,5.683366071678822
pair005,SB,conf008,3.0,Si,-1.4926857420947761,-1.4926857420947761,5.683870434449782
pair005,SB,conf008,3.5,Si,-1.5428309567049303,-1.5428309567049303,5.684271657594429
pair005,SB,conf008,4.0,Si,-1.592981293076894,-1.592981293076894,5.6845697265077355
pair005,SB,conf008,4.5,Si,-1.643117091086916,-1.643117091086916,5.684764630340538
pair005,SB,conf008,5.0,Si,-1.6927587225403626,-1.6927587225403626,5.6848563619991275
pair005,SB,conf008,5.5,Si,-1.6563625903044477,-1.6563625903044477,5.684844918144956
pair005,SB,conf008,6.0,Si,-1.6062423355802586,-1.6062423355802586,5.68473029919452
pair005,SB,conf008,6.5,Si,-1.5560927344161517,-1.5560927344161517,5.684512509319358
pair005,SB,conf008,7.0,Si,-1.5059452919096417,-1.5059452919096417,5.684191556446233
pair005,SB,conf008,7.499999999999999,Si,-1.4558085717139453,-1.4558085717139453,5.683767452257433
pair005,SB,conf008,8.0,Si,-1.4056877362661122,-1.4056877362661122,5.68324021219124
pair005,SB,conf008,8.5,Si,-1.355587021395556,-1.355587021395556,5.68260985544253
pair005,SB,conf008,9.0,Si,-1.3055103239253047,-1.3055103239253047,5.681876404963546
pair005,SB,conf008,9.499999999999998,Si,-1.2554613915542983,-1.2554613915542983,5.6810398874647845
pair005,SB,conf008,10.0,Si,-1.2054438971193524,-1.2054438971193524,5.680100333416069
pair005,SB,conf008,10.5,Si,-1.1554614717016651,-1.1554614717016651,5.679057777047747
pair005,SB,conf008,11.0,Si,-1.1055177208510103,-1.1055177208510103,5.677912256352048
pair005,SB,conf008,11.499999999999998,Si,-1.0556162331110626,-1.0556162331110626,5.676663813084577
pair005,SB,conf008,12.0,Si,-1.0057605847319149,-1.0057605847319149,5.675312492765984
pair005,SB,conf008,12.5,Si,-0.9559543423649488,-0.9559543423649488,5.673858344683763
pair005,SB,conf008,13.0,Si,-0.9062010646302261,-0.9062010646302261,5.672301421894199
pair005,SB,conf008,13.5,Si,-0.8565043030243857,-0.8565043030243857,5.670641781224493
pair005,SB,conf008,14.0,Si,-0.8068676024275323,-0.8068676024275323,5.6688794832750045
pair005,SB,conf008,14.500000000000002,Si,-0.7957022787973256,-0.7957022787973256,5.667014592421685
pair005,SB,conf008,14.999999999999998,Si,-0.8044466627023186,-0.8044466627023186,5.665047176818616
pair005,SB,conf008,15.5,Si,-0.8070282223699199,-0.8070282223699199,5.662977308400757
pair005,SB,conf008,16.0,Si,-0.8033258737505556,-0.8033258737505556,5.660805062886801
pair005,SB,conf008,16.5,Si,-0.7935123248545337,-0.7935123248545337,5.658530519782207
pair005,SB,conf008,17.0,Si,-0.7780164216548884,-0.7780164216548884,5.656153762382397
pair005,SB,conf008,17.5,Si,-0.7574388413622952,-0.7574388413622952,5.653674877776085
pair005,SB,conf008,18.0,Si,-0.7324555645209967,-0.7324555645209967,5.651093956848783
pair005,SB,conf008,18.5,Si,-0.7037381517021992,-0.7037381517021992,5.648411094286461
pair005,SB,conf008,18.999999999999996,Si,-0.6853667420759378,-0.6719030010393674,5.6456263885793625
pair005,SB,conf008,19.5,Si,-0.6776330666730859,-0.6374875828956384,5.642739942025985
pair005,SB,conf008,20.0,Si,-0.6697769390090503,-0.6009454942462585,5.639751860737219
pair005,SB,conf008,20.499999999999996,Si,-0.6618021986107907,-0.5626520530376609,5.636662254640649
pair005,SB,conf008,21.0,Si,-0.6537126106743157,-0.5229144536888032,5.633471237485024
pair005,SB,conf008,21.5,Si,-0.6455118644355199,-0.4819829485101541,5.630178926844881
pair005,SB,conf008,22.0,Si,-0.6372035719215184,-0.44006129490246115,5.62678544412535
pair005,SB,conf008,22.5,Si,-0.62879126705161,-0.39731577578527966,5.6232909145671055
pair005,SB,conf008,22.999999999999996,Si,-0.6202784050579585,-0.35388266060180074,5.619695467251507
pair005,SB,conf008,23.5,Si,-0.6116683621972389,-0.30987422863281566,5.615999235105898
pair005,SB,conf008,24.0,Si,-0.6029644357257643,-0.26730749409247645,5.612202354909066
pair005,SB,conf008,24.5,Si,-0.5941698441119675,-0.2518780431834924,5.608304967296904
pair005,SB,conf008,25.0,Si,-0.5852877274615527,-0.23807888804354693,5.604307216768209
pair005,SB,conf008,25.499999999999996,Si,-0.576321148132072,-0.23523417345528697,5.600209251690684
pair005,SB,conf008,26.0,Si,-0.5672730915151868,-0.23223041345027617,5.596011224307098
pair005,SB,conf008,26.5,Si,-0.5581464669663173,-0.22906930506546797,5.591713290741636
pair005,SB,conf008,27.0,Si,-0.5489441088628475,-0.22575262069323299,5.5873156110064155
pair005,SB,conf008,27.5,Si,-0.539668777773465,-0.22228220518331598,5.5828183490082015
pair005,SB,conf008,28.0,Si,-0.5303231617225812,-0.21865997287973493,5.57822167255528
pair005,SB,conf008,28.5,Si,-0.5209098775350951,-0.21488790460327012,5.573525753364542
pair005,SB,conf008,29.000000000000004,Si,-0.5114314722480251,-0.21096804459005125,5.568730767068727
pair005,SB,conf008,29.499999999999996,Si,-0.5018904245767297,-0.20690249739657163,5.563836893223879
pair005,SB,conf008,29.999999999999996,Si,-0.49228914642456467,-0.20269342478120822,5.558844315316966
pair005,SB,conf008,30.5,Si,-0.482629984425887,-0.1983430425720365,5.553753220773714
pair005,SB,conf008,31.0,Si,-0.47291522151332455,-0.19385361753038377,5.5485638009666225
pair005,SB,conf008,31.5,Si,-0.4631470785011431,-0.18922746421919667,5.5432762512231655
pair005,SB,conf008,32.0,Si,-0.4533277156774207,-0.18446694188486834,5.537890770834215
pair005,SB,conf008,32.5,Si,-0.44345923439853574,-0.17957445136075378,5.532407563062634
pair005,SB,conf008,33.0,Si,-0.4335436786802169,-0.17455243200010107,5.526826835152084
pair005,SB,conf008,33.49999999999999,Si,-0.42358303678007414,-0.16940335864566403,5.5211487983360445
pair005,SB,conf008,34.0,Si,-0.4135792427671763,-0.16412973864274938,5.5153736678470136
pair005,SB,conf008,34.5,Si,-0.40353417807479164,-0.15873410890194206,5.50950166292594
pair005,SB,conf008,35.0,Si,-0.39344967303293954,-0.1532190330172265,5.503533006831844
pair005,SB,conf008,35.5,Si,-0.3833275083778742,-0.14758709844470475,5.497467926851661
pair005,SB,conf008,36.0,Si,-0.37316941673605886,-0.14184091374661723,5.491306654310295
pair005,SB,conf008,36.5,Si,-0.36297708408056417,-0.13598310590480445,5.48504942458089
pair005,SB,conf008,37.0,Si,-0.3527521511581875,-0.13001631770731614,5.4786964770953155
pair005,SB,conf008,37.5,Si,-0.342496214885909,-0.12394320521132585,5.472248055354871
pair005,SB,conf008,37.99999999999999,Si,-0.33221082971557503,-0.11776643528506825,5.465704406941224
pair005,SB,conf008,38.5,Si,-0.3218975089659506,-0.11148868323103223,5.45906578352756
pair005,SB,conf008,39.0,Si,-0.31155772612153076,-0.10511263049223296,5.452332440889963
pair005,SB,conf008,39.5,Si,-0.30119291609767207,-0.09864096244292986,5.445504638919038
pair005,SB,conf008,40.0,Si,-0.29080447647180985,-0.09207636626479587,5.438582641631742
pair005,SB,conf008,40.5,Si,-0.2803937686806588,-0.08542147586358295,5.431566717183484
pair005,SB,conf008,40.99999999999999,Si,-0.26996211918346336,-0.07866848402652016,5.424457137880426
pair005,SB,conf008,41.5,Si,-0.2595108205914478,-0.0718116241645681,5.4172541801920495
pair005,SB,conf008,42.0,Si,-0.24904113276375894,-0.06485272182285584,5.409958124763966
pair005,SB,conf008,42.5,Si,-0.2385542838702488,-0.057793600771734344,5.402569256430947
pair005,SB,conf008,43.0,Si,-0.22805147142155158,-0.050636081886040074,5.39508786423024
pair005,SB,conf008,43.5,Si,-0.21753386326695923,-0.04338198207472721,5.387514241415104
pair005,SB,conf008,44.0,Si,-0.20700259856065562,-0.03603311326058467,5.379848685468618
pair005,SB,conf008,44.50000000000001,Si,-0.19645878869692956,-0.028591281409623193,5.372091498117744
pair005,SB,conf008,45.0,Si,-0.1859035182150015,-0.021058285609587557,5.364242985347641
pair005,SB,conf008,45.5,Si,-0.17533784567415456,-0.013435917196935598,5.356303457416253
pair005,SB,conf008,45.99999999999999,Si,-0.16476280449986835,-0.005725958931524167,5.348273228869157
pair005,SB,conf008,46.49999999999999,Si,-0.15417940380167416,0.00206981578185661,5.340152618554683
pair005,SB,conf008,47.0,Si,-0.14358862916347226,0.009949643626034899,5.331941949639303
pair005,SB,conf008,47.5,Si,-0.13299144340705005,0.017911772059111986,5.3236415496233
pair005,SB,conf008,48.0,Si,-0.12238878732954284,0.02595445995829726,5.31525175035671
pair005,SB,conf008,48.5,Si,-0.11178158041559527,0.034075978221059344,5.30677288805555
pair005,SB,conf008,49.0,Si,-0.10117072152496909,0.04227461032476154,5.298205303318332
pair005,SB,conf008,49.50000000000001,Si,-0.09055708955632036,0.050548652846027275,5.289549341142848
pair005,SB,conf008,50.0,Si,-0.07994154408791032,0.05889641594105943,5.280805350943282
pair005,SB,conf008,50.5,Si,-0.06932492599594253,0.06731622378821767,5.271973686567575
pair005,SB,conf008,50.99999999999999,Si,-0.05870805805126578,0.07580641499413265,5.263054706315113
pair005,SB,conf008,51.49999999999999,Si,-0.04809174549513062,0.08436534296467313,5.254048772954716
pair005,SB,conf008,52.0,Si,-0.03747677659469306,0.09299137624208198,5.244956253742915
pair005,SB,conf008,52.50000000000001,Si,-0.026863923178940263,0.10168289880959325,5.235777520442557
pair005,SB,conf008,53.0,Si,-0.016253941155693896,0.11043831036485474,5.2265129493417035
pair005,SB,conf008,53.5,Si,-0.005647571010339858,0.11925602656345058,5.217162921272854
pair005,SB,conf008,54.0,Si,0.0049544617130923285,0.12813447923382482,5.20772782163248
pair005,SB,conf008,54.49999999999999,Si,0.015551445947884934,0.13707211656488694,5.198208040400896
pair005,SB,conf008,55.0,Si,0.026142684657034287,0.14606740326755885,5.188603972162429
pair005,SB,conf008,55.5,Si,0.03672749440151124,0.15511882071150107,5.178916016125941
pair005,SB,conf008,56.0,Si,0.047305204923834054,0.16422486703824202,5.169144576145669
pair005,SB,conf008,56.5,Si,0.057875158746397926,0.17338405725189632,5.159290060742409
pair005,SB,conf008,57.0,Si,0.0684367107840349,0.1825949232886357,5.149352883125022
pair005,SB,conf008,57.5,Si,0.07898922797030083,0.1918560140660479,5.139333461212312
pair005,SB,conf008,58.00000000000001,Si,0.08953208889698971,0.20116589551349118,5.129232217655215
pair005,SB,conf008,58.5,Si,0.10006468346639319,0.2105231505845062,5.119049579859363
pair005,SB,conf008,58.99999999999999,Si,0.11058641255585666,0.21992637925233938,5.1087859800079904
pair005,SB,conf008,59.5,Si,0.12109668769416815,0.22937419848956986,5.098441855085193
pair005,SB,conf008,59.99999999999999,Si,0.1315949307493618,0.23886524223282124,5.08801764689956
pair005,SB,conf008,60.5,Si,0.14208057362751148,0.24839816133349668,5.077513802108152
pair005,SB,conf008,61.0,Si,0.1525530579821186,0.2579716234954377,5.066930772240854
pair005,SB,conf008,61.50000000000001,Si,0.16301183493369997,0.26758431320038256,5.056269013725105
pair005,SB,conf008,62.0,Si,0.17345636479920779,0.2772349316220559,5.045528987910988
pair005,SB,conf008,62.49999999999999,Si,0.1838861168309156,0.28692219652969775,5.034711161096707
pair005,SB,conf008,63.0,Si,0.19430056896442593,0.296644842181798,5.02381600455444
pair005,SB,conf008,63.50000000000001,Si,0.20469920757546434,0.30640161921077547,5.012843994556571
pair005,SB,conf008,64.0,Si,0.21508152724513785,0.3161912944993024,5.001795612402319
pair005,SB,conf008,64.5,Si,0.22544703053334292,0.32601265104895805,4.99067134444476
pair005,SB,conf008,65.0,Si,0.23579522776002837,0.335864487841836,4.979471682118209
pair005,SB,conf008,65.50000000000001,Si,0.24612563679402144,0.34574561969573003,4.968197121966057
pair005,SB,conf008,66.0,Si,0.2564377828491424,0.35565487711348065,4.956848165668955
pair005,SB,conf008,66.5,Si,0.2667311982873406,0.36559110612702406,4.945425320073424
pair005,SB,conf008,66.99999999999999,Si,0.2770054224285874,0.3755531681366795,4.933929097220869
pair005,SB,conf008,67.5,Si,0.28726000136729124,0.3855399397461705,4.922360014377006
pair005,SB,conf008,68.0,Si,0.29749448779498744,0.3955503125938489,4.9107185940616915
pair005,SB,conf008,68.5,Si,0.3077084408290718,0.40558319318056646,4.899005364079171
pair005,SB,conf008,69.0,Si,0.31790142584736936,0.41563750269462596,4.8872208575487495
pair005,SB,conf008,69.5,Si,0.3280730143283139,0.4257121768341954,4.875365612935871
pair005,SB,conf008,70.0,Si,0.3382227836965357,0.4358061656275709,4.863440174083637
pair005,SB,conf008,70.49999999999999,Si,0.34835031717367304,0.44591843325164127,4.851445090244727
pair005,SB,conf008,71.0,Si,0.3584552036342006,0.45604795784887897,4.839380916113781
pair005,SB,conf008,71.5,Si,0.36853703746610633,0.46619373134317654,4.827248211860164
pair005,SB,conf008,72.0,Si,0.3785954184362381,0.4763547592548212,4.815047543161219
pair005,SB,conf008,72.5,Si,0.3886299515601497,0.48653006051487746,4.8027794812359
pair005,SB,conf008,73.0,Si,0.3986402469762891,0.49671866727923786,4.790444602878882
pair005,SB,conf008,73.50000000000001,Si,0.40862591982436625,0.5069196247425831,4.778043490495081
pair005,SB,conf008,74.0,Si,0.41858659012775723,0.5171319909524643,4.76557673213463
pair005,SB,conf008,74.5,Si,0.42852188267980207,0.5273548366237379,4.7530449215282875
pair005,SB,conf008,75.0,Si,0.43843142693384696,0.537587244953518,4.740448658123292
pair005,SB,conf008,75.5,Si,0.44831485689690864,0.5478283114368481,4.7277885471196495
pair005,SB,conf008,75.99999999999999,Si,0.45817181102682913,0.5580771436832517,4.715065199506885
pair005,SB,conf008,76.5,Si,0.4680019321327962,0.5683328612343093,4.70227923210121
pair005,SB,conf008,77.0,Si,0.4778048672791091,0.5785945953824119,4.6894312675831635
pair005,SB,conf008,77.5,Si,0.4875802676920833,0.5888614889908201,4.6765219345356766
pair005,SB,conf008,78.0,Si,0.4973277886699712,0.5991326963151409,4.663551867482591
pair005,SB,conf008,78.49999999999999,Si,0.5070470894958083,0.6094073828263433,4.650521706927625
pair005,SB,conf008,79.0,Si,0.5167378333530686,0.6196847250354034,4.637432099393772
pair005,SB,conf008,79.5,Si,0.526399687244042,0.6299639103196728,4.624283697463159
pair005,SB,conf008,80.0,Si,0.5360323219108312,0.640244136751057,4.611077159817333
pair005,SB,conf008,80.49999999999999,Si,0.5456354117588866,0.6505246129260664,4.597813151277993
pair005,SB,conf008,81.0,Si,0.5552086347829819,0.6608045577978252,4.584492342848165
pair005,SB,conf008,81.5,Si,0.564751672495549,0.6710832005100713,4.571115411753805
pair005,SB,conf008,81.99999999999999,Si,0.5742642098572992,0.6813597802332312,4.557683041485852
pair005,SB,conf008,82.5,Si,0.5837459352100411,0.6916335460025882,4.5441959218426895
pair005,SB,conf008,83.0,Si,0.5931965402116235,0.7019037565585988,4.530654748973065
pair005,SB,conf008,83.50000000000001,Si,0.6026157197729425,0.712169680189396,4.517060225419405
pair005,SB,conf008,84.0,Si,0.6120031719969152,0.7224305945754905,4.503413060161577
pair005,SB,conf008,84.5,Si,0.6213585981193923,0.7326857866367178,4.489713968661054
pair005,SB,conf008,85.0,Si,0.6306817024519036,0.7429345523814332,4.475963672905484
pair005,SB,conf008,85.5,Si,0.639972192326207,0.7531761967579789,4.462162901453695
pair005,SB,conf008,86.0,Si,0.6492297780405629,0.7634100335084344,4.448312389481071
pair005,SB,conf008,86.5,Si,0.6584541728076789,0.7736353850246587,4.434412878825334
pair005,SB,conf008,87.0,Si,0.6676450927042736,0.7838515822066217,4.42046511803272
pair005,SB,conf008,87.49999999999999,Si,0.6768022566222041,0.7940579643230403,4.406469862404526
pair005,SB,conf008,88.0,Si,0.6859253862211008,0.8042538788743043,4.392427874044037
pair005,SB,conf008,88.5,Si,0.6909093328343705,0.8144386814576954,4.378339921903812
pair005,SB,conf008,89.00000000000001,Si,0.6819843458462256,0.8246117356348901,4.364206781833328
pair005,SB,conf008,89.5,Si,0.6730203190873094,0.8347724128017366,4.350029236626964
pair005,SB,conf008,90.0,Si,0.6640174949967237,0.8449200920603006,4.335808076072329
pair005,SB,conf008,90.5,Si,0.6549761181628184,0.8550541600931532,4.3215440969989025
pair005,SB,conf008,91.0,Si,0.6458964353520413,0.8651740110399004,4.307238103326993
pair005,SB,conf008,91.5,Si,0.6367786955387118,0.8752790463759303,4.292890906116998
pair005,SB,conf008,91.99999999999999,Si,0.6276231499357505,0.8853686747933607,4.278503323618942
pair005,SB,conf008,92.5,Si,0.6184300520263972,0.8954423120841646,4.2640761813222845
pair005,SB,conf008,92.99999999999999,Si,0.6091996575969494,0.9054993810254592,4.249610312005991
pair005,SB,conf008,93.50000000000001,Si,0.5999322247705641,0.9155393112669301,4.2351065557888425
pair005,SB,conf008,94.0,Si,0.5906280140421492,0.9111132604470391,4.220565760179964
pair005,SB,conf008,94.5,Si,0.5812872883143851,0.8961244148148302,4.205988780129559
pair005,SB,conf008,95.0,Si,0.5719103129349199,0.8810946249926899,4.191376478079825
pair005,SB,conf008,95.5,Si,0.5624973557347783,0.8660243261730989,4.176729724016056
pair005,SB,conf008,96.0,Si,0.5530486870680165,0.850913958248354,4.162049395517858
pair005,SB,conf008,96.5,Si,0.5435645798526834,0.8357639659314093,4.147336377810515
pair005,SB,conf008,97.0,Si,0.5340453096131175,0.8205747988817251,4.13259156381644
pair005,SB,conf008,97.49999999999999,Si,0.5244911545236388,0.8053469118363392,4.1178158542067145
pair005,SB,conf008,98.0,Si,0.5149023954536778,0.7900807647464172,4.103010157452655
pair005,SB,conf008,98.49999999999999,Si,0.505279316014396,0.7747768229195271,4.08817538987744
pair005,SB,conf008,99.00000000000001,Si,0.4956222026068462,0.7594355571679057,4.073312475707695
pair005,SB,conf008,99.5,Si,0.4859313444717406,0.7440574439630046,4.058422347125065
pair005,SB,conf008,100.0,Si,0.4762070337408597,0.7286429655965991,4.043505944317722
pair005,SB,conf008,100.50000000000001,Si,0.46644956549019034,0.7131926103487871,4.028564215531766
pair005,SB,conf008,101.0,Si,0.45665923779483486,0.6977068726631976,4.013598117122511
pair005,SB,conf008,101.5,Si,0.44683635178575654,0.6821862533297487,3.998608613605587
pair005,SB,conf008,101.99999999999999,Si,0.43698121170844684,0.6666312596753363,3.9835966777078595
pair005,SB,conf008,102.5,Si,0.4270941249835525,0.6510424057628177,3.9685632904180967
pair005,SB,conf008,102.99999999999999,Si,0.41717540226956795,0.6354202125987138,3.953509441037363
pair005,SB,conf008,103.49999999999999,Si,0.4072253575276463,0.6197652083500402,3.9384361272290884
pair005,SB,conf008,104.0,Si,0.3972443080886092,0.6040779285707278,3.923344355068781
pair005,SB,conf008,104.5,Si,0.3872325747222536,0.5883589164381073,3.908235139093317
pair005,SB,conf008,105.00000000000001,Si,0.3771904817090139,0.5726087229999524,3.8931095023497932
pair005,SB,conf008,105.5,Si,0.3671183569140941,0.5568279074326192,3.8779684764438547
pair005,SB,conf008,106.0,Si,0.35701653186413984,0.5410170373108343,3.8628131015874856
pair005,SB,conf008,106.5,Si,0.3468853418265614,0.525176688889726,3.8476444266461827
pair005,SB,conf008,107.0,Si,0.33672512589159953,0.5093074473997226,3.832463509185468
pair005,SB,conf008,107.49999999999999,Si,0.3265362270572354,0.49340990735497114,3.8172714155166863
pair005,SB,conf008,108.0,Si,0.31631899231706284,0.47748467287598095,3.8020288582554653
pair005,SB,conf008,108.5,Si,0.30607377275122105,0.46153235802722326,3.7864806000956652
pair005,SB,conf008,108.99999999999999,Si,0.29580092362051813,0.4455535871704679,3.7705820614407464
pair005,SB,conf008,109.50000000000001,Si,0.28550080446385784,0.4295489953346834,3.7543337622185393
pair005,SB,conf008,110.0,Si,0.275173779199102,0.41351922860337065,3.7377362620731547
pair005,SB,conf008,110.50000000000001,Si,0.26482021622749063,0.3974649445202434,3.720790160305939
pair005,SB,conf008,111.0,Si,0.2544404885417788,0.38138681251425965,3.703496095821014
pair005,SB,conf008,111.5,Si,0.2440349738382066,0.36528551434500645,3.685854747075554
pair005,SB,conf008,112.0,Si,0.23360405463247202,0.3491617445695534,3.667866832034963
pair005,SB,conf008,112.5,Si,0.22314811837985693,0.3330162110319399,3.649533108133212
pair005,SB,conf008,113.0,Si,0.21266755759966038,0.31684963537650623,3.630854372238448
pair005,SB,conf008,113.49999999999999,Si,0.20216277000412242,0.3006627535863935,3.611831460624185
pair005,SB,conf008,114.0,Si,0.19163415863200273,0.28445631654858605,3.5924652489462674
pair005,SB,conf008,114.49999999999999,Si,0.18108213198700707,0.2682310906469654,3.572756652225856
pair005,SB,conf008,115.0,Si,0.17050710418124426,0.25198785838492266,3.552706624838723
pair005,SB,conf008,115.50000000000001,Si,0.1599094950839246,0.23572741903919958,3.5323161605111326
pair005,SB,conf008,116.00000000000001,Si,0.14928973047549787,0.21945058934668826,3.5115862923226024
pair005,SB,conf008,116.5,Si,0.13864824220745287,0.20315820422605446,3.4905180927158725
pair005,SB,conf008,117.0,Si,0.12798546836800773,0.1868511175361669,3.469112673514432
pair005,SB,conf008,117.5,Si,0.11730185345392341,0.17053020287341836,3.4473711859479512
pair005,SB,conf008,117.99999999999999,Si,0.10659784854868493,0.15419635441015211,3.4252948206860157
pair005,SB,conf008,118.50000000000001,Si,0.09587391150731794,0.13785048777658715,3.402884807880564
pair005,SB,conf008,119.0,Si,0.08513050714809656,0.12149354098871501,3.38014241721748
pair005,SB,conf008,119.5,Si,0.07436810745142641,0.10512647542485487,3.3570689579777713
pair005,SB,conf008,119.99999999999999,Si,0.06358719176619965,0.08875027685369496,3.333665779108857
pair005,SB,conf008,120.50000000000001,Si,0.052788247023919155,0.07236595651682287,3.3099342693064657
pair005,SB,conf008,121.0,Si,0.041971767960916395,0.05597455226895587,3.2858758571077
pair005,SB,conf008,121.5,Si,0.03113825734898268,0.03957712977923866,3.2614920109958567
pair005,SB,conf008,122.0,Si,0.020288226234770335,0.023174783797258014,3.236784239517626
pair005,SB,conf008,122.49999999999999,Si,0.006768639487579664,0.006768639487579664,3.2117540914133325
pair005,SB,conf008,123.00000000000001,Si,-0.009640146163107488,-0.009640146163107488,3.186403155760909
pair005,SB,conf008,123.5,Si,-0.026050382861895205,-0.026050382861895205,3.160733062134381
pair005,SB,conf008,124.0,Si,-0.04246084544403672,-0.04246084544403672,3.1347454807776063
pair005,SB,conf008,124.49999999999999,Si,-0.05887027222088048,-0.05887027222088048,3.1084421227941683
pair005,SB,conf008,124.99999999999999,Si,-0.07527736323618717,-0.07527736323618717,3.08182474035428
pair005,SB,conf008,125.5,Si,-0.09168077842531575,-0.09168077842531575,3.0548951269196585
pair005,SB,conf008,126.0,Si,-0.10807913567140948,-0.10807913567140948,3.0276551174874133
pair005,SB,conf008,126.5,Si,-0.1244710087523957,-0.1244710087523957,3.0001065888539764
pair005,SB,conf008,127.00000000000001,Si,-0.14085492517218356,-0.14085492517218356,2.9722514599002605
pair005,SB,conf008,127.50000000000001,Si,-0.15722936386908737,-0.15722936386908737,2.9440916918992692
pair005,SB,conf008,128.0,Si,-0.17359275279407438,-0.17359275279407438,2.9156292888474193
pair005,SB,conf008,128.5,Si,-0.1899434663509849,-0.1899434663509849,2.879577818636255
pair005,SB,conf008,129.0,Si,-0.20627982269042877,-0.20627982269042877,2.8319236921311273
pair005,SB,conf008,129.49999999999997,Si,-0.22260633375590477,-0.22260633375590477,2.783985541223398
pair005,SB,conf008,130.0,Si,-0.23899307750055065,-0.23899307750055065,2.7357666701006895
pair005,SB,conf008,130.5,Si,-0.25545837387669446,-0.25545837387669446,2.6872704063649975
pair005,SB,conf008,131.00000000000003,Si,-0.27199999618423587,-0.27199999618423587,2.638500100764997
pair005,SB,conf008,131.5,Si,-0.28861565893982877,-0.28861565893982877,2.589459126928803
pair005,SB,conf008,132.0,Si,-0.3053030146789417,-0.3053030146789417,2.5401508810972917
pair005,SB,conf008,132.5,Si,-0.32205965050549534,-0.32205965050549534,2.490578781858269
pair005,SB,conf008,133.0,Si,-0.33888308436703407,-0.33888308436703407,2.4407462698816644
pair005,SB,conf008,133.5,Si,-0.3557707610312546,-0.3557707610312546,2.3906568076560504
pair005,SB,conf008,133.99999999999997,Si,-0.37272004773734513,-0.37272004773734513,2.340313879226744
pair005,SB,conf008,134.5,Si,-0.3897282294930364,-0.3897282294930364,2.2897209899358506
pair005,SB,conf008,135.0,Si,-0.40679250398539435,-0.40679250398539435,2.2388816661646134
pair005,SB,conf008,135.5,Si,-0.42390997607027225,-0.42390997607027225,2.187799455078461
pair005,SB,conf008,136.0,Si,-0.44107765180180514,-0.44107765180180514,2.1364779243752725
pair005,SB,conf008,136.5,Si,-0.4582924319595809,-0.4582924319595809,2.084920662037371
pair005,SB,conf008,137.0,Si,-0.47555110502685927,-0.47555110502685927,2.033131276087829
pair005,SB,conf008,137.5,Si,-0.4928503395685595,-0.4928503395685595,1.9811133943518422
pair005,SB,conf008,138.0,Si,-0.5101866759526332,-0.5101866759526332,1.928870664223919
pair005,SB,conf008,138.5,Si,-0.5275565173527939,-0.5275565173527939,1.8764067524418027
pair005,SB,conf008,139.0,Si,-0.5449561199643898,-0.5449561199643898,1.8237253448681787
pair005,SB,conf008,139.5,Si,-0.5623815823583975,-0.5623815823583975,1.7708301462813598
pair005,SB,conf008,140.0,Si,-0.5798288338910615,-0.5798288338910615,1.7177248801763214
pair005,SB,conf008,140.5,Si,-0.5972936220785849,-0.5972936220785849,1.6644132885777176
pair005,SB,conf008,140.99999999999997,Si,-0.6147714988373574,-0.6147714988373574,1.6108991318667167
pair005,SB,conf008,141.5,Si,-0.6322578054805885,-0.6322578054805885,1.557186188623808
pair005,SB,conf008,142.0,Si,-0.6497476563517448,-0.6497476563517448,1.5032782554901478
pair005,SB,conf008,142.50000000000003,Si,-0.6672359209639462,-0.6672359209639462,1.449179147050337
pair005,SB,conf008,143.0,Si,-0.6847172045024166,-0.6847172045024166,1.3948926957401946
pair005,SB,conf008,143.5,Si,-0.7021858265343306,-0.7021858265343306,1.3404227517835403
pair005,SB,conf008,144.0,Si,-0.7196357977568986,-0.7196357977568986,1.2857731831629173
pair005,SB,conf008,144.5,Si,-0.7370607946006172,-0.7370607946006172,1.2309478756299657
pair005,SB,conf008,145.0,Si,-0.7544541314903584,-0.7544541314903584,1.1759507327623753
pair005,SB,conf008,145.49999999999997,Si,-0.7718087305527651,-0.7718087305527651,1.1207856760756083
pair005,SB,conf008,146.0,Si,-0.7891170885447829,-0.7891170885447829,1.0654566451993495
pair005,SB,conf008,146.5,Si,-0.8063712407656087,-0.8063712407656087,1.009967598130632
pair005,SB,conf008,147.00000000000003,Si,-0.823562721703936,-0.823562721703936,0.9543225115781466
pair005,SB,conf008,147.5,Si,-0.8406825221650687,-0.8406825221650687,0.898525381415513
pair005,SB,conf008,148.0,Si,-0.8577210426200956,-0.8577210426200956,0.8425802232651385
pair005,SB,conf008,148.5,Si,-0.8746680425235684,-0.8746680425235684,0.7864910732395427
pair005,SB,conf008,149.0,Si,-0.8915125853599309,-0.8915125853599309,0.7302619888732114
pair005,SB,conf008,149.5,Si,-0.9082429792053914,-0.9082429792053914,0.673897050286411
pair005,SB,conf008,150.0,Si,-0.9248467126354185,-0.9248467126354185,0.6174003616328065
pair005,SB,conf008,150.5,Si,-0.9413103858737175,-0.9413103858737175,0.5607760528964614
pair005,SB,conf008,151.0,Si,-0.9576196371731022,-0.9576196371731022,0.5040282821215061
pair005,SB,conf008,151.5,Si,-0.9737590645498573,-0.9737590645498573,0.447161238181393
pair005,SB,conf008,151.99999999999997,Si,-0.989712143170829,-0.989712143170829,0.3901791442256701
pair005,SB,conf008,152.5,Si,-1.0054611389275077,-1.0054611389275077,0.33308626198410685
pair005,SB,conf008,153.0,Si,-1.0209870190369266,-1.0209870190369266,0.27588689716455317
pair005,SB,conf008,153.5,Si,-1.0362693608993507,-1.0362693608993507,0.21858540625835587
pair005,SB,conf008,154.0,Si,-1.051286260932626,-1.051286260932626,0.1611862051744164
pair005,SB,conf008,154.5,Si,-1.0660142457074695,-1.0660142457074695,0.10369378027313991
pair005,SB,conf008,155.0,Si,-1.080428188439512,-1.080428188439512,0.04611270258489575
pair005,SB,conf008,155.5,Si,-1.0945012347603917,-1.0945012347603917,-0.011552353695111206
pair005,SB,conf008,156.0,Si,-1.1082047426905959,-1.1082047426905959,-0.06929658689404783
pair005,SB,conf008,156.49999999999997,Si,-1.1215082428557228,-1.1215082428557228,-0.12711503552021974
pair005,SB,conf008,156.99999999999997,Si,-1.1343794261888127,-1.1343794261888127,-0.18500253466863636
pair005,SB,conf008,157.5,Si,-1.1467841675783519,-1.1467841675783519,-0.24295365637938182
pair005,SB,conf008,158.0,Si,-1.1586865950498333,-1.1586865950498333,-0.30096262667168383
pair005,SB,conf008,158.5,Si,-1.1700492149573183,-1.1700492149573183,-0.35902320794770126
pair005,SB,conf008,159.0,Si,-1.1808331041073363,-1.1808331041073363,-0.4171285287380342
pair005,SB,conf008,159.5,Si,-1.1909981794888558,-1.1909981794888558,-0.4752708311882936
pair005,SB,conf008,160.0,Si,-1.2005035550516887,-1.2005035550516887,-0.5334410860396668
pair005,SB,conf008,160.5,Si,-1.2093079924686585,-1.2093079924686585,-0.5916283864942627
pair005,SB,conf008,160.99999999999997,Si,-1.217370448786345,-1.217370448786345,-0.6498189576475435
pair005,SB,conf008,161.5,Si,-1.224650718185301,-1.224650718185301,-0.7079944644709797
pair005,SB,conf008,162.0,Si,-1.2311101578066135,-1.2311101578066135,-0.7661289638642371
pair005,SB,conf008,162.5,Si,-1.2367124791189363,-1.2367124791189363,-0.8241830449072509
pair005,SB,conf008,163.0,Si,-1.2414245773041879,-1.2414245773041879,-0.8820916054451731
pair005,SB,conf008,163.5,Si,-1.2452173626771486,-1.2452173626771486,-0.9397355197680473
pair005,SB,conf008,163.99999999999997,Si,-1.248066551517405,-1.248066551517405,-0.9968659900413459
pair005,SB,conf008,164.5,Si,-1.249953370226585,-1.249953370226585,-1.0528580240968837
pair005,SB,conf008,165.0,Si,-1.25086512755017,-1.25086512755017,-1.1056327022382388
pair005,SB,conf008,165.5,Si,-1.256703237498459,-1.256703237498459,-1.1449515574036389
pair005,SB,conf008,166.0,Si,-1.2850503324985194,-1.2850503324985194,-1.1365345322636011
pair005,SB,conf008,166.5,Si,-1.3129194564355182,-1.3129194564355182,-1.0909243076627875
pair005,SB,conf008,167.00000000000003,Si,-1.3401905732795456,-1.3401905732795456,-1.0367915002506947
pair005,SB,conf008,167.5,Si,-1.366708046572733,-1.366708046572733,-0.9803589434796166
pair005,SB,conf008,168.0,Si,-1.392268375571966,-1.392268375571966,-0.9230399026142937
pair005,SB,conf008,168.49999999999997,Si,-1.4166041184509617,-1.4166041184509617,-0.929934735352251
pair005,SB,conf008,169.0,Si,-1.439364062606998,-1.439364062606998,-0.9889713308578543
pair005,SB,conf008,169.5,Si,-1.46009184995052,-1.46009184995052,-1.048057138076126
pair005,SB,conf008,170.0,Si,-1.4782102295752593,-1.4782102295752593,-1.1071875066732901
pair005,SB,conf008,170.49999999999997,Si,-1.4930269372329361,-1.4930269372329361,-1.1663575871766954
pair005,SB,conf008,171.0,Si,-1.503787892427323,-1.503787892427323,-1.2255622092037302
pair005,SB,conf008,171.50000000000003,Si,-1.5098001568367398,-1.5098001568367398,-1.2847956550488875
pair005,SB,conf008,172.0,Si,-1.5106091713239782,-1.5106091713239782,-1.3440512066171988
pair005,SB,conf008,172.5,Si,-1.506149550867605,-1.506149550867605,-1.4033201486911215
pair005,SB,conf008,173.0,Si,-1.4967690487017904,-1.4967690487017904,-1.462589278667668
pair005,SB,conf008,173.5,Si,-1.5218334484273583,-1.5218334484273583,-1.5218334484273583
pair005,SB,conf008,174.0,Si,-1.580985866395576,-1.580985866395576,-1.580985866395576
pair005,SB,conf008,174.5,Si,-1.6397339600138814,-1.6397339600138814,-1.6397339600138814
pair005,SB,conf008,174.99999999999997,Si,-1.6877844955621053,-1.6877844955621053,-1.6877844955621053
pair005,SB,conf008,175.5,Si,-1.6390325810689808,-1.6390325810689808,-1.6390325810689808
pair005,SB,conf008,176.0,Si,-1.5802736414203586,-1.5802736414203586,-1.5802736414203586
pair005,SB,conf008,176.5,Si,-1.5211192718777213,-1.5211192718777213,-1.5211192718777213
pair005,SB,conf008,177.0,Si,-1.461874548755556,-1.461874548755556,-1.461874548755556
pair005,SB,conf008,177.5,Si,-1.4026053088820312,-1.4026053088820312,-1.4026053088820312
pair005,SB,conf008,178.00000000000003,Si,-1.3433364628327815,-1.3433364628327815,-1.3433364628327815
pair005,SB,conf008,178.5,Si,-1.2840811315214513,-1.2840811315214513,-1.2840811315214513
pair005,SB,conf008,179.0,Si,-1.224847995964141,-1.224847995964141,-1.224847995964141
pair005,SB,conf008,179.49999999999997,Si,-1.178582324600404,-1.178582324600404,-1.1656437578811756
pair005,SB,conf008,180.0,Si,-1.1491412205165692,-1.1491412205165692,-1.1064741263289544
pair005,SB,conf008,180.5,Si,-1.119523052518666,-1.119523052518666,-1.0473442667614985
pair005,SB,conf008,181.0,Si,-1.089761511425749,-1.089761511425749,-0.9882590256656076
pair005,SB,conf008,181.5,Si,-1.0598845692001697,-1.0598845692001697,-0.9292230514707882
pair005,SB,conf008,182.0,Re,-1.0376704980523783,-1.0299156914586034,-0.880451097703568
pair005,SB,conf008,182.50000000000003,Re,-1.0380903522288343,-0.9998747611754826,-0.8923718437647188
pair005,SB,conf008,183.0,Re,-1.0382287856588293,-0.9697787887167653,-0.9023634358708414
pair005,SB,conf008,183.5,Re,-1.0380856112314332,-0.93964246243003,-0.9103745090949613
pair005,SB,conf008,183.99999999999997,Re,-1.037661022462923,-0.9163626453765938,-0.9163626453765938
pair005,SB,conf008,184.5,Re,-1.036955592263944,-0.9202953960976414,-0.9202953960976414
pair005,SB,conf008,185.0,Re,-1.0359702693002242,-0.9221510963863107,-0.9221510963863107
pair005,SB,conf008,185.5,Re,-1.0347063720012093,-0.9219194244158864,-0.9219194244158864
pair005,SB,conf008,185.99999999999997,Re,-1.0331655803053355,-0.9196016722961213,-0.9196016722961213
pair005,SB,conf008,186.5,Re,-1.031349925262734,-0.9152107120056603,-0.9152107120056603
pair005,SB,conf008,187.00000000000003,Re,-1.029261776645042,-0.9087706584603155,-0.9087706584603155
pair005,SB,conf008,187.5,Re,-1.0269038287370593,-0.9003162502292659,-0.9003162502292659
pair005,SB,conf008,188.0,Re,-1.0242790845057268,-0.8898919846133866,-0.8898919846133866
pair005,SB,conf008,188.5,Re,-1.021390838357903,-0.877551056169734,-0.877551056169734
pair005,SB,conf008,189.0,Re,-1.0182426577095638,-0.8633541552990251,-0.8633541552990251
pair005,SB,conf008,189.5,Re,-1.0148383635952913,-0.847368185922305,-0.847368185922305
pair005,SB,conf008,190.0,Re,-1.011182010548373,-0.829664958950407,-0.829664958950407
pair005,SB,conf008,190.49999999999997,Re,-1.0072778659788855,-0.8103199121053108,-0.8103199121053108
pair005,SB,conf008,191.0,Re,-1.0031303892700363,-0.7894108978920795,-0.7894108978920795
pair005,SB,conf008,191.49999999999997,Re,-0.9987442108024268,-0.7670170714161382,-0.7670170714161382
pair005,SB,conf008,192.0,Re,-0.9941241111022349,-0.7432178994433245,-0.7432178994433245
pair005,SB,conf008,192.5,Re,-0.9892750002932522,-0.7180923025158326,-0.7180923025158326
pair005,SB,conf008,193.0,Re,-0.9842018980148023,-0.6917179336751962,-0.6917179336751962
pair005,SB,conf008,193.50000000000003,Re,-0.9789099139484692,-0.6674281587768067,-0.6641705907245916
pair005,SB,conf008,194.0,Re,-0.9734042290767855,-0.6471746188191541,-0.6355237540637881
pair005,SB,conf008,194.5,Re,-0.9676900777771023,-0.6262520327419203,-0.6058482388493036
pair005,SB,conf008,194.99999999999997,Re,-0.9617727308342727,-0.6333168713152295,-0.6333168713152295
pair005,SB,conf008,195.5,Re,-0.9556574794368417,-0.6690751146783873,-0.6690751146783873
pair005,SB,conf008,196.0,Re,-0.9493496202035617,-0.702865661806082,-0.702865661806082
pair005,SB,conf008,196.5,Re,-0.9428544412704066,-0.7344720495044764,-0.7344720495044764
pair005,SB,conf008,196.99999999999997,Re,-0.9361772094530797,-0.7636638743613743,-0.7636638743613743
pair005,SB,conf008,197.5,Re,-0.9293231584863721,-0.7902002148382019,-0.7902002148382019
pair005,SB,conf008,198.00000000000003,Re,-0.9222974783297487,-0.8138348076727905,-0.8138348076727905
pair005,SB,conf008,198.5,Re,-0.9151053055181478,-0.8343231435227714,-0.8343231435227714
pair005,SB,conf008,199.0,Re,-0.9077517145282301,-0.8514314241680981,-0.8514314241680981
pair005,SB,conf008,199.49999999999997,Re,-0.9002417101231045,-0.8649469994187817,-0.8649469994187817
pair005,SB,conf008,200.0,Re,-0.8925802206327608,-0.8746895162384161,-0.8746895162384161
pair005,SB,conf008,200.5,Re,-0.8847720921230467,-0.8805216530352127,-0.8805216530352127
pair005,SB,conf008,201.00000000000003,Re,-0.8823581000776873,-0.8823581000776873,-0.8823581000776873
pair005,SB,conf008,201.49999999999997,Re,-0.8801714963672954,-0.8801714963672954,-0.8801714963672954
pair005,SB,conf008,202.0,Re,-0.9107864463049614,-0.9107864463049614,-0.9107864463049614
pair005,SB,conf008,202.49999999999997,Re,-0.9346804224168105,-0.9346804224168105,-0.9346804224168105
pair005,SB,conf008,203.0,Re,-0.9472278777683911,-0.9472278777683911,-0.9472278777683911
pair005,SB,conf008,203.5,Re,-0.9467330449297264,-0.9467330449297264,-0.9467330449297264
pair005,SB,conf008,203.99999999999997,Re,-0.9332686359987001,-0.9332686359987001,-0.9332686359987001
pair005,SB,conf008,204.5,Re,-0.9086305719590546,-0.9086305719590546,-0.9086305719590546
pair005,SB,conf008,205.0,Re,-0.8753590170117113,-0.8753590170117113,-0.8753590170117113
pair005,SB,conf008,205.50000000000003,Re,-0.8358206445454902,-0.8358206445454902,-0.8358206445454902
pair005,SB,conf008,205.99999999999997,Re,-0.7918421605587793,-0.7918421605587793,-0.7918421605587793
pair005,SB,conf008,206.5,Re,-0.7812722567015465,-0.7447191379423257,-0.7447191379423257
pair005,SB,conf008,206.99999999999997,Re,-0.7719553025963877,-0.6953432507664496,-0.6953432507664496
pair005,SB,conf008,207.5,Re,-0.7625493206777684,-0.6443269713257698,-0.6443269713257698
pair005,SB,conf008,208.0,Re,-0.753057669445197,-0.592095928941602,-0.592095928941602
pair005,SB,conf008,208.5,Re,-0.7434836112249491,-0.5389512080503515,-0.5389512080503515
pair005,SB,conf008,209.0,Re,-0.7338303140011986,-0.4851100962963283,-0.4851100962963283
pair005,SB,conf008,209.5,Re,-0.7241008533643617,-0.43073263348756763,-0.43073263348756763
pair005,SB,conf008,210.00000000000003,Re,-0.714298214554829,-0.38722415345322525,-0.3836527457259298
pair005,SB,conf008,210.49999999999997,Re,-0.7044252945823882,-0.3880716528763706,-0.33875639797958956
pair005,SB,conf008,211.0,Re,-0.6944849044036261,-0.3887142110827051,-0.29306839417047037
pair005,SB,conf008,211.5,Re,-0.6844797711414685,-0.38915136811840334,-0.24667545787240885
pair005,SB,conf008,212.0,Re,-0.6744125403327337,-0.3893828105843453,-0.19965523968032617
pair005,SB,conf008,212.5,Re,-0.6642857781911875,-0.38940837240283144,-0.15207733689080172
pair005,SB,conf008,213.0,Re,-0.6541019738750575,-0.38922803522467353,-0.10400421610200627
pair005,SB,conf008,213.50000000000003,Re,-0.6438635417493115,-0.3888419284742033,-0.05549203976138206
pair005,SB,conf008,214.0,Re,-0.6335728236342593,-0.38825032903193457,-0.006591401342245007
pair005,SB,conf008,214.50000000000003,Re,-0.6232320910331366,-0.38745366055678954,0.04265202415209113
pair005,SB,conf008,214.99999999999997,Re,-0.6128435473323974,-0.3864524924519379,0.09219690673351133
pair005,SB,conf008,215.5,Re,-0.6024093299692985,-0.3852475384804255,0.1420057571818225
pair005,SB,conf008,216.0,Re,-0.5919315125622866,-0.38383965503881323,0.19204448437891397
pair005,SB,conf008,216.50000000000003,Re,-0.5814121070003504,-0.3822298390989791,0.24228200706547698
pair005,SB,conf008,217.0,Re,-0.5708530654882629,-0.3804192258301149,0.29268991345603235
pair005,SB,conf008,217.5,Re,-0.5602562825451611,-0.3784090859146352,0.3432421627921396
pair005,SB,conf008,217.99999999999997,Re,-0.5496235969545202,-0.37620082257332643,0.39391482355665297
pair005,SB,conf008,218.5,Re,-0.5389567936639748,-0.3737959683164407,0.44468584368565023
pair005,SB,conf008,219.00000000000003,Re,-0.5282576056339381,-0.3711961814387381,0.49553484868200326
pair005,SB,conf008,219.49999999999997,Re,-0.5175277156342688,-0.368403242277509,0.5464429640498045
pair005,SB,conf008,220.0,Re,-0.5067687579886011,-0.3654190492535263,0.5973926589288208
pair005,SB,conf008,220.5,Re,-0.49598232026623257,-0.36224561471557726,0.6396100531961277
pair005,SB,conf008,221.00000000000003,Re,-0.485169944921678,-0.358885060609728,0.6754216513113938
pair005,SB,conf008,221.5,Re,-0.47433313088224716,-0.35533961399482195,0.7120146526017892
pair005,SB,conf008,222.0,Re,-0.46347333508415645,-0.3516116024258462,0.7493354040376716
pair005,SB,conf008,222.49999999999997,Re,-0.45259197395786344,-0.3477034492267943,0.7873330679796837
pair005,SB,conf008,223.0,Re,-0.44169042486340415,-0.34361766867443144,0.825959542303129
pair005,SB,conf008,223.5,Re,-0.4307700274766806,-0.3393568611140658,0.8651693640249072
pair005,SB,conf008,224.0,Re,-0.4198320851276669,-0.3349237080278715,0.9049196012921945
pair005,SB,conf008,224.5,Re,-0.40887786609163346,-0.330320967075751,0.9451697377574233
pair005,SB,conf008,225.0,Re,-0.39790860483450685,-0.32555146712791627,0.9858815526206748
pair005,SB,conf008,225.50000000000003,Re,-0.3869255032135488,-0.3206181033075708,1.0270189989705945
pair005,SB,conf008,226.0,Re,-0.37592973163456467,-0.31552383206108514,1.0685480824964493
pair005,SB,conf008,226.5,Re,-0.36492243016685966,-0.31027166627207614,1.1104367421709
pair005,SB,conf008,226.99999999999997,Re,-0.35390470961721476,-0.304864670434718,1.152654734107584
pair005,SB,conf008,227.5,Re,-0.34287765256409886,-0.2993059559004616,1.195173519471514
pair005,SB,conf008,228.0,Re,-0.3318423143534044,-0.29359867621122193,1.2379661570539582
pair005,SB,conf008,228.5,Re,-0.32079972405691737,-0.2877460225308852,1.2810072009094282
pair005,SB,conf008,228.99999999999997,Re,-0.3097508853947879,-0.2817512191858209,1.3242726032817045
pair005,SB,conf008,229.49999999999997,Re,-0.29869677762318525,-0.27561751932389034,1.367739622912392
pair005,SB,conf008,230.0,Re,-0.28763835638837065,-0.2693482007002963,1.4113867387221097
pair005,SB,conf008,230.5,Re,-0.2765765545483445,-0.26294656159745977,1.4551935687765154
pair005,SB,conf008,231.00000000000003,Re,-0.2655122829632277,-0.25641591688500154,1.499140794391497
pair005,SB,conf008,231.5,Re,-0.2544464312555088,-0.24975959422485583,1.54321008919063
pair005,SB,conf008,232.00000000000003,Re,-0.24337986854124805,-0.24298093042548907,1.5873840528998515
pair005,SB,conf008,232.5,Re,-0.23608326794825252,-0.23608326794825252,1.6316461496463883
pair005,SB,conf008,233.0,Re,-0.22906995156795018,-0.22906995156795018,1.6759806505195047
pair005,SB,conf008,233.49999999999997,Re,-0.22194432518886797,-0.22194432518886797,1.7203725801468919
pair005,SB,conf008,234.0,Re,-0.21470972881668593,-0.21470972881668593,1.7648076670421198
pair005,SB,conf008,234.49999999999997,Re,-0.20736949568597174,-0.20736949568597174,1.809272297483137
pair005,SB,conf008,235.0,Re,-0.19992694954225776,-0.19992694954225776,1.853753472689453
pair005,SB,conf008,235.5,Re,-0.1923854020771083,-0.1923854020771083,1.898238769074547
pair005,SB,conf008,235.99999999999997,Re,-0.18474815051400117,-0.18474815051400117,1.9427163013607076
pair005,SB,conf008,236.5,Re,-0.17701847534236537,-0.17701847534236537,1.9871746883543933
pair005,SB,conf008,237.00000000000003,Re,-0.16919963819668826,-0.16919963819668826,2.031603021191674
pair005,SB,conf008,237.49999999999997,Re,-0.1612948798771865,-0.1612948798771865,2.075990833874947
pair005,SB,conf008,238.0,Re,-0.1533074185082346,-0.1533074185082346,2.1203280759333856
pair005,SB,conf008,238.50000000000003,Re,-0.14524044783047096,-0.14524044783047096,2.164605087050636
pair005,SB,conf008,239.0,Re,-0.13709713562222503,-0.13709713562222503,2.208812573514157
pair005,SB,conf008,239.5,Re,-0.1288804822035181,-0.1288804822035181,2.2529415863506728
pair005,SB,conf008,239.99999999999997,Re,-0.12057759444694494,-0.12057759444694494,2.2969835010219226
pair005,SB,conf008,240.5,Re,-0.11217998266432683,-0.11217998266432683,2.3409299985642686
pair005,SB,conf008,241.00000000000003,Re,-0.10368977620815678,-0.10368977620815678,2.3847730480640577
pair005,SB,conf008,241.5,Re,-0.09510908600721235,-0.09510908600721235,2.428504890369016
pair005,SB,conf008,242.0,Re,-0.08644000380500194,-0.08644000380500194,2.4721180229433086
pair005,SB,conf008,242.49999999999997,Re,-0.0776846014647481,-0.0776846014647481,2.5156051857809505
pair005,SB,conf008,243.0,Re,-0.06884493033835981,-0.06884493033835981,2.558959348298944
pair005,SB,conf008,243.49999999999997,Re,-0.05992302069687638,-0.05992302069687638,2.602173697137294
pair005,SB,conf008,244.0,Re,-0.050920881219785,-0.050920881219785,2.645241624798982
pair005,SB,conf008,244.5,Re,-0.04184049854067551,-0.04184049854067551,2.688156719067856
pair005,SB,conf008,244.99999999999997,Re,-0.03268383684663978,-0.03268383684663978,2.730912753147442
pair005,SB,conf008,245.5,Re,-0.02345283752889915,-0.02345283752889915,2.773503676467932
pair005,SB,conf008,246.00000000000003,Re,-0.01414941888214627,-0.01414941888214627,2.815923606112716
pair005,SB,conf008,246.50000000000003,Re,-0.004775475850102406,-0.004775475850102406,2.8581668188196705
pair005,SB,conf008,247.0,Re,0.004667120185111839,0.004667120185111839,2.900227743515722
pair005,SB,conf008,247.50000000000003,Re,0.014176521572195622,0.014176521572195622,2.942100954346542
pair005,SB,conf008,248.0,Re,0.023750904520794425,0.023750904520794425,2.9837811641660155
pair005,SB,conf008,248.5,Re,0.033388469194806314,0.033388469194806314,3.0252632184529835
pair005,SB,conf008,248.99999999999997,Re,0.043087439771060776,0.043087439771060776,3.0665420896250746
pair005,SB,conf008,249.5,Re,0.05284606446552531,0.05284606446552531,3.1076128717218943
pair005,SB,conf008,249.99999999999997,Re,0.06266261552907992,0.06266261552907992,3.148470775431762
pair005,SB,conf008,250.5,Re,0.07253538921488234,0.07253538921488234,3.18911112343834
pair005,SB,conf008,251.0,Re,0.08246270571921865,0.08246270571921865,3.2295293460650356
pair005,SB,conf008,251.49999999999997,Re,0.09244290909771413,0.09244290909771413,3.2697209771969167
pair005,SB,conf008,252.0,Re,0.10247436715866032,0.10247436715866032,3.3096816504612754
pair005,SB,conf008,252.49999999999997,Re,0.11255547133515731,0.11255547133515731,3.3494070956493296
pair005,SB,conf008,253.0,Re,0.12268463653772166,0.12268463653772166,3.3888931353630154
pair005,SB,conf008,253.5,Re,0.13286030098887602,0.13286030098887602,3.42813568187173
pair005,SB,conf008,254.00000000000003,Re,0.1430809260412358,0.1430809260412358,3.46713073416527
pair005,SB,conf008,254.5,Re,0.15334499598048001,0.15334499598048001,3.5058743751899666
pair005,SB,conf008,255.00000000000003,Re,0.16365101781456248,0.16365101781456248,3.5368687457215615
pair005,SB,conf008,255.49999999999997,Re,0.17399752105041255,0.17399752105041255,3.5571837780842475
pair005,SB,conf008,256.0,Re,0.1843830574593628,0.1843830574593628,3.577158149669948
pair005,SB,conf008,256.5,Re,0.1948062008324094,0.1948062008324094,3.5967908754815787
pair005,SB,conf008,257.0,Re,0.20526554672641173,0.20526554672641173,3.6160810098728793
pair005,SB,conf008,257.5,Re,0.21575971220223322,0.21575971220223322,3.6350276465540223
pair005,SB,conf008,258.0,Re,0.22628733555577618,0.22628733555577618,3.65362991860373
pair005,SB,conf008,258.5,Re,0.2368470760428354,0.2368470760428354,3.6718869984876625
pair005,SB,conf008,258.99999999999994,Re,0.24743761359858474,0.24743761359858474,3.689798098082734
pair005,SB,conf008,259.5,Re,0.2580576485525241,0.2580576485525241,3.707362468707211
pair005,SB,conf008,260.0,Re,0.26870590133960315,0.26870590133960315,3.7245794011562547
pair005,SB,conf008,260.5,Re,0.2793811122082359,0.2793811122082359,3.741448225742777
pair005,SB,conf008,261.0,Re,0.29008204092585244,0.29008204092585244,3.7579683123433525
pair005,SB,conf008,261.5,Re,0.3008074664825815,0.3008074664825815,3.774139070449005
pair005,SB,conf008,262.00000000000006,Re,0.3115561867936474,0.3115561867936474,3.7899599492207074
pair005,SB,conf008,262.5,Re,0.32232701840099076,0.32232701840099076,3.8054304375494072
pair005,SB,conf008,263.0,Re,0.33311879617461027,0.33311879617461027,3.82064241514995
pair005,SB,conf008,263.5,Re,0.34393037301405305,0.34393037301405305,3.835832122063777
pair005,SB,conf008,264.0,Re,0.3547606195505091,0.3547606195505091,3.851010415470568
pair005,SB,conf008,264.5,Re,0.3656084238498465,0.3656084238498465,3.8661762310029917
pair005,SB,conf008,265.0,Re,0.3764726911169858,0.3764726911169858,3.8813285130294504
pair005,SB,conf008,265.5,Re,0.3873523434018906,0.3873523434018906,3.896466214608106
pair005,SB,conf008,266.0,Re,0.39824631930751964,0.39824631930751964,3.9115882974402347
pair005,SB,conf008,266.49999999999994,Re,0.4091535736999632,0.4091535736999632,3.9266937318228874
pair005,SB,conf008,267.0,Re,0.42007307742105726,0.42007307742105726,3.9417814966010005
pair005,SB,conf008,267.5,Re,0.431003817003649,0.431003817003649,3.9568505791189303
pair005,SB,conf008,267.99999999999994,Re,0.44194479438975987,0.44194479438975987,3.971899975171502
pair005,SB,conf008,268.5,Re,0.45289502665180525,0.45289502665180525,3.986928688954633
pair005,SB,conf008,269.0,Re,0.46385354571702986,0.46385354571702986,4.001935733015522
pair005,SB,conf008,269.50000000000006,Re,0.47481939809531837,0.47481939809531837,4.016920128202514
pair005,SB,conf008,270.0,Re,0.4857916446104993,0.4857916446104993,4.031880903614638
pair005,SB,conf008,270.5,Re,0.4967693601352632,0.4967693601352632,4.046817096550884
pair005,SB,conf008,271.0,Re,0.507751633329774,0.507751633329774,4.061727752459239
pair005,SB,conf008,271.5,Re,0.5187375663840952,0.5187375663840952,4.07661192488554
pair005,SB,conf008,272.0,Re,0.529726274764456,0.529726274764456,4.091468675422156
pair005,SB,conf008,272.5,Re,0.5407168869634573,0.5407168869634573,4.106297073656565
pair005,SB,conf008,273.0,Re,0.5517085442542544,0.5517085442542544,4.121096197119835
pair005,SB,conf008,273.5,Re,0.5627004004487357,0.5627004004487357,4.135865131235031
pair005,SB,conf008,274.0,Re,0.5736916216597676,0.5736916216597676,4.150602969265632
pair005,SB,conf008,274.5,Re,0.5846813860674869,0.5846813860674869,4.165308812263909
pair005,SB,conf008,275.0,Re,0.5956688836896842,0.5956688836896842,4.1799817690193635
pair005,SB,conf008,275.49999999999994,Re,0.606653316156262,0.606653316156262,4.194620956007199
pair005,SB,conf008,276.0,Re,0.6120031719969161,0.617633896487787,4.209225497336904
pair005,SB,conf008,276.5,Re,0.6026157197729425,0.628609848878112,4.2237945247008994
pair005,SB,conf008,277.0,Re,0.5931965402116239,0.6395804084810639,4.238327177323352
pair005,SB,conf008,277.50000000000006,Re,0.5837459352100403,0.6505448212011837,4.252822601909118
pair005,SB,conf008,278.0,Re,0.5742642098572996,0.6615023434884828,4.267279952592855
pair005,SB,conf008,278.50000000000006,Re,0.564751672495549,0.6724522421372046,4.281698390888344
pair005,SB,conf008,279.0,Re,0.5552086347829819,0.6833937940885411,4.296077085637993
pair005,SB,conf008,279.5,Re,0.5456354117588875,0.6943262862372961,4.310415212962596
pair005,SB,conf008,280.0,Re,0.5360323219108316,0.7052490152424251,4.3247119562113046
pair005,SB,conf008,280.5,Re,0.5263996872440415,0.7161612873414469,4.338966505911891
pair005,SB,conf008,281.0,Re,0.5167378333530699,0.7270624181686458,4.3531780597212535
pair005,SB,conf008,281.5,Re,0.5070470894958088,0.7379517325770564,4.36734582237624
pair005,SB,conf008,281.99999999999994,Re,0.49732778866997207,0.7488285644641504,4.381469005644751
pair005,SB,conf008,282.5,Re,0.4875802676920842,0.7596922566012048,4.395546828277167
pair005,SB,conf008,283.0,Re,0.47780486727910954,0.7705421604662701,4.409578515958096
pair005,SB,conf008,283.5,Re,0.46800193213279706,0.7813776360807185,4.423563301258465
pair005,SB,conf008,284.0,Re,0.4581718110268296,0.7921980518492979,4.437500423587958
pair005,SB,conf008,284.5,Re,0.4483148568969091,0.8000589763107471,4.451389129147801
pair005,SB,conf008,285.00000000000006,Re,0.43843142693384674,0.7850101717375104,4.465228670883924
pair005,SB,conf008,285.5,Re,0.42852188267980273,0.7699276931129673,4.479018308440493
pair005,SB,conf008,286.0,Re,0.418586590127757,0.7548120789425228,4.492757308113831
pair005,SB,conf008,286.5,Re,0.40862591982436625,0.739663875150822,4.506444942806704
pair005,SB,conf008,287.0,Re,0.39864024697628886,0.7244836352979702,4.520080491983048
pair005,SB,conf008,287.5,Re,0.3886299515601501,0.7092719208045863,4.533663241623049
pair005,SB,conf008,288.0,Re,0.37859541843623834,0.6940293011860252,4.5471924841786695
pair005,SB,conf008,288.5,Re,0.36853703746610633,0.6787563542962405,4.560667518529565
pair005,SB,conf008,289.0,Re,0.35845520363420147,0.6634536665816937,4.574087649939422
pair005,SB,conf008,289.5,Re,0.3483503171736735,0.6481218333457688,4.5874521900127405
pair005,SB,conf008,290.0,Re,0.3382227836965366,0.6327614590242077,4.600760456652003
pair005,SB,conf008,290.5,Re,0.32807301432831437,0.6173731574720291,4.614011774015312
pair005,SB,conf008,290.99999999999994,Re,0.3179014258473709,0.6019575522625094,4.627205472474433
pair005,SB,conf008,291.5,Re,0.30770844082907267,0.5865152769987432,4.640340888573286
pair005,SB,conf008,292.0,Re,0.29749448779498766,0.5710469756384151,4.65341736498687
pair005,SB,conf008,292.5,Re,0.28726000136729124,0.5555533028323649,4.666434250480631
pair005,SB,conf008,293.0,Re,0.27700542242858806,0.5400349242776252,4.679390899870258
pair005,SB,conf008,293.5,Re,0.2667311982873406,0.5244925170855879,4.692286673981954
pair005,SB,conf008,294.00000000000006,Re,0.2564377828491422,0.5089267701660607,4.705120939613105
pair005,SB,conf008,294.5,Re,0.24612563679402166,0.49333838462792223,4.717893069493423
pair005,SB,conf008,295.0,Re,0.23579522776002815,0.47772807419719965,4.730602442246541
pair005,SB,conf008,295.5,Re,0.2254470305333438,0.4620965656534197,4.743248442352018
pair005,SB,conf008,296.0,Re,0.21508152724513807,0.44644459928506053,4.755830460107825
pair005,SB,conf008,296.5,Re,0.20469920757546523,0.43077292936510525,4.768347891593258
pair005,SB,conf008,297.0,Re,0.19430056896442616,0.4150823246475934,4.780800138632294
pair005,SB,conf008,297.49999999999994,Re,0.1838861168309167,0.3993735688862696,4.793186608757395
pair005,SB,conf008,298.0,Re,0.17345636479920823,0.3836474613763443,4.80550671517376
pair005,SB,conf008,298.49999999999994,Re,0.16301183493370108,0.36790481752055526,4.817759876724001
pair005,SB,conf008,299.0,Re,0.15255305798211927,0.35214646942067707,4.829945517853286
pair005,SB,conf008,299.5,Re,0.14208057362751192,0.3363732664957826,4.842063068574889
pair005,SB,conf008,300.0,Re,0.1315949307493618,0.3205860761285406,4.854111964436209
pair005,SB,conf008,300.50000000000006,Re,0.1210966876941677,0.30478578434096115,4.8660916464851915
pair005,SB,conf008,301.0,Re,0.11058641255585688,0.2889732965010552,4.87800156123722
pair005,SB,conf008,301.5,Re,0.10006468346639275,0.27314953806192954,4.889841160642403
pair005,SB,conf008,302.0,Re,0.08953208889698994,0.2573154553349777,4.90160990205332
pair005,SB,conf008,302.5,Re,0.0789892279703015,0.24147201629881976,4.913307248193176
pair005,SB,conf008,303.0,Re,0.06843671078403579,0.22562021144584077,4.9249326671243825
pair005,SB,conf008,303.5,Re,0.05787515874639815,0.2097610546681632,4.93648563221757
pair005,SB,conf008,303.99999999999994,Re,0.047305204923835165,0.1938955841850849,4.947965622121018
pair005,SB,conf008,304.5,Re,0.03672749440151124,0.1780248635140227,4.959372120730487
pair005,SB,conf008,305.0,Re,0.02614268465703451,0.16214998248719992,4.9707046171594875
pair005,SB,conf008,305.5,Re,0.015551445947885822,0.14627205831633772,4.98196260570994
pair005,SB,conf008,306.0,Re,0.004954461713092773,0.1303922367077992,4.99314558584326
pair005,SB,conf008,306.49999999999994,Re,-0.005647571010339192,0.1145116930307184,5.004253062151832
pair005,SB,conf008,307.0,Re,-0.016253941155693896,0.09863163354076843,5.015284544330907
pair005,SB,conf008,307.5,Re,-0.026863923178940263,0.08275329666238695,5.026239547150869
pair005,SB,conf008,308.0,Re,-0.037476776594693506,0.0668779543323672,5.037117590429924
pair005,SB,conf008,308.5,Re,-0.04809174549513018,0.05100691340790453,5.04791819900718
pair005,SB,conf008,309.0,Re,-0.058708058051265555,0.035141517142297074,5.058640902716094
pair005,SB,conf008,309.50000000000006,Re,-0.0693249259959432,0.019283146731691403,5.0692852363583345
pair005,SB,conf008,310.0,Re,-0.07994154408791032,0.0034332229363607247,5.079850739677999
pair005,SB,conf008,310.5,Re,-0.09055708955632058,-0.012406792219795904,5.090336957336239
pair005,SB,conf008,311.0,Re,-0.10117072152496798,-0.028235393667693343,5.100743438886232
pair005,SB,conf008,311.5,Re,-0.11178158041559505,-0.04405103142547184,5.111069738748556
pair005,SB,conf008,312.0,Re,-0.12238878732954195,-0.059852108640693125,5.121315416186903
pair005,SB,conf008,312.5,Re,-0.1329914434070496,-0.07563697953804227,5.13148003528419
pair005,SB,conf008,312.99999999999994,Re,-0.1435886291634716,-0.09140394726801837,5.141563164919003
pair005,SB,conf008,313.5,Re,-0.1541794038016735,-0.10715126165202404,5.151564378742412
pair005,SB,conf008,313.99999999999994,Re,-0.16476280449986724,-0.12287711681902502,5.161483255155158
pair005,SB,conf008,314.5,Re,-0.17533784567415434,-0.13857964872889172,5.171319377285155
pair005,SB,conf008,315.0,Re,-0.18590351821500173,-0.15425693257731443,5.1810723329653765
pair005,SB,conf008,315.5,Re,-0.19645878869693023,-0.1699069800771409,5.1907417147120665
pair005,SB,conf008,316.0,Re,-0.20700259856065495,-0.18552773661082034,5.200327119703296
pair005,SB,conf008,316.5,Re,-0.21753386326695878,-0.2011170782485927,5.209828149757858
pair005,SB,conf008,317.0,Re,-0.2280514714215518,-0.2166728086269627,5.2192444113145005
pair005,SB,conf008,317.5,Re,-0.23855428387024835,-0.23219265568202707,5.228575515411482
pair005,SB,conf008,318.0,Re,-0.24904113276375917,-0.2476742682321913,5.237821077666471
pair005,SB,conf008,318.5,Re,-0.2631152124048648,-0.2631152124048648,5.246980718256738
pair005,SB,conf008,319.0,Re,-0.2785129679018965,-0.2785129679018965,5.256054061899713
pair005,SB,conf008,319.5,Re,-0.29387884288055544,-0.29387884288055544,5.265040737833809
pair005,SB,conf008,320.0,Re,-0.30927175276897834,-0.30927175276897834,5.273940379799608
pair005,SB,conf008,320.5,Re,-0.32469554521157673,-0.32469554521157673,5.2827526260213205
pair005,SB,conf008,321.0,Re,-0.34014652099572995,-0.34014652099572995,5.291477119188574
pair005,SB,conf008,321.5,Re,-0.35562085776867725,-0.35562085776867725,5.300113506438489
pair005,SB,conf008,321.99999999999994,Re,-0.3711146036181501,-0.3711146036181501,5.308661439338074
pair005,SB,conf008,322.5,Re,-0.386623670265815,-0.386623670265815,5.317120573866896
pair005,SB,conf008,323.0,Re,-0.4021438258525556,-0.4021438258525556,5.3254905704000635
pair005,SB,conf008,323.50000000000006,Re,-0.41767068729427437,-0.41767068729427437,5.333771093691487
pair005,SB,conf008,324.0,Re,-0.43319971218652586,-0.43319971218652586,5.341961812857432
pair005,SB,conf008,324.5,Re,-0.44872619023626203,-0.44872619023626203,5.350062401360365
pair005,SB,conf008,325.0,Re,-0.46424523419906216,-0.46424523419906216,5.358072536993051
pair005,SB,conf008,325.5,Re,-0.479751770300785,-0.479751770300785,5.365991901862971
pair005,SB,conf008,326.0,Re,-0.49524052812331343,-0.49524052812331343,5.373820182376974
pair005,SB,conf008,326.50000000000006,Re,-0.51070602993552,-0.51070602993552,5.381557069226231
pair005,SB,conf008,327.0,Re,-0.5261425794523444,-0.5261425794523444,5.389202257371432
pair005,SB,conf008,327.5,Re,-0.5415442500075998,-0.5415442500075998,5.396755446028273
pair005,SB,conf008,327.99999999999994,Re,-0.556904872129379,-0.556904872129379,5.404216338653189
pair005,SB,conf008,328.5,Re,-0.5722180205114407,-0.5722180205114407,5.411584642929347
pair005,SB,conf008,329.0,Re,-0.5874770003794094,-0.5874770003794094,5.418860070752904
pair005,SB,conf008,329.49999999999994,Re,-0.6026748332576022,-0.6026748332576022,5.4260423382195135
pair005,SB,conf008,330.0,Re,-0.6178042421506713,-0.6178042421506713,5.433131165611085
pair005,SB,conf008,330.5,Re,-0.6328576361647036,-0.6328576361647036,5.440126277382788
pair005,SB,conf008,331.0,Re,-0.6478270946048235,-0.6478270946048235,5.447027402150303
pair005,SB,conf008,331.5,Re,-0.6627043506012784,-0.6627043506012784,5.453834272677318
pair005,SB,conf008,332.0,Re,-0.6774807743337146,-0.6774807743337146,5.460546625863268
pair005,SB,conf008,332.50000000000006,Re,-0.6921473559441846,-0.6921473559441846,5.467164202731292
pair005,SB,conf008,333.0,Re,-0.706694688253902,-0.706694688253902,5.473686748416453
pair005,SB,conf008,333.49999999999994,Re,-0.7211129494270193,-0.7211129494270193,5.48011401215417
pair005,SB,conf008,334.00000000000006,Re,-0.7353918857573978,-0.7353918857573978,5.486445747268888
pair005,SB,conf008,334.5,Re,-0.74952079479159,-0.74952079479159,5.4926817111629695
pair005,SB,conf008,335.0,Re,-0.763488509043584,-0.763488509043584,5.4988216653058135
pair005,SB,conf008,335.49999999999994,Re,-0.7772833806041543,-0.7772833806041543,5.504865375223208
pair005,SB,conf008,336.0,Re,-0.79089326700041,-0.79089326700041,5.510812610486875
pair005,SB,conf008,336.5,Re,-0.8043055187188126,-0.8043055187188126,5.516663144704255
pair005,SB,conf008,336.99999999999994,Re,-0.8175069688674893,-0.8175069688674893,5.522416755508511
pair005,SB,conf008,337.5,Re,-0.8304839255200783,-0.8304839255200783,5.52807322454872
pair005,SB,conf008,338.0,Re,-0.843222167352806,-0.843222167352806,5.533632337480297
pair005,SB,conf008,338.5,Re,-0.8557069432570704,-0.8557069432570704,5.539093883955619
pair005,SB,conf008,339.0,Re,-0.8679229766792224,-0.8679229766792224,5.544457657614863
pair005,SB,conf008,339.5,Re,-0.8798544755047001,-0.8798544755047001,5.549723456077034
pair005,SB,conf008,340.0,Re,-0.8914851483609347,-0.8914851483609347,5.554891080931203
pair005,SB,conf008,340.5,Re,-0.9027982282581472,-0.9027982282581472,5.559960337727954
pair005,SB,conf008,340.99999999999994,Re,-0.913776504513322,-0.913776504513322,5.564931035971009
pair005,SB,conf008,341.50000000000006,Re,-0.9244023639039939,-0.9244023639039939,5.569802989109071
pair005,SB,conf008,342.0,Re,-0.934657841967675,-0.934657841967675,5.574576014527841
pair005,SB,conf008,342.49999999999994,Re,-0.9445246852921857,-0.9445246852921857,5.579249933542243
pair005,SB,conf008,343.00000000000006,Re,-0.9539844255240285,-0.9539844255240285,5.583824571388833
pair005,SB,conf008,343.5,Re,-0.963018465649268,-0.963018465649268,5.588299757218392
pair005,SB,conf008,344.0,Re,-0.9716081788682059,-0.9716081788682059,5.59267532408872
pair005,SB,conf008,344.49999999999994,Re,-0.9797350200876918,-0.9797350200876918,5.596951108957599
pair005,SB,conf008,345.0,Re,-0.9873806496930486,-0.9873806496930486,5.601126952675948
pair005,SB,conf008,345.5,Re,-1.0156524277699852,-1.0156524277699852,5.6052026999811595
pair005,SB,conf008,346.0,Re,-1.0445166825462664,-1.0445166825462664,5.60917819949062
pair005,SB,conf008,346.5,Re,-1.07334756376194,-1.07334756376194,5.6130533036954
pair005,SB,conf008,347.0,Re,-1.1021313516375315,-1.1021313516375315,5.616827868954129
pair005,SB,conf008,347.5,Re,-1.1308519942435602,-1.1308519942435602,5.620501755487037
pair005,SB,conf008,348.0,Re,-1.1594905060597174,-1.1594905060597174,5.624074827370189
pair005,SB,conf008,348.50000000000006,Re,-1.1880241754427163,-1.1880241754427163,5.627546952529871
pair005,SB,conf008,349.0,Re,-1.2164255088919218,-1.2164255088919218,5.630918002737163
pair005,SB,conf008,349.5,Re,-1.2446608086759199,-1.2446608086759199,5.63418785360267
pair005,SB,conf008,349.99999999999994,Re,-1.272688233953353,-1.272688233953353,5.637356384571433
pair005,SB,conf008,350.50000000000006,Re,-1.300455126360498,-1.300455126360498,5.640423478918006
pair005,SB,conf008,351.0,Re,-1.3278942780097844,-1.3278942780097844,5.643389023741689
pair005,SB,conf008,351.49999999999994,Re,-1.35491866773012,-1.35491866773012,5.646252909961941
pair005,SB,conf008,352.0,Re,-1.3814139725908627,-1.3814139725908627,5.649015032313947
pair005,SB,conf008,352.5,Re,-1.4072278661856155,-1.4072278661856155,5.651675289344354
pair005,SB,conf008,353.0,Re,-1.4321547746505958,-1.4321547746505958,5.654233583407164
pair005,SB,conf008,353.5,Re,-1.4559145508187388,-1.4559145508187388,5.656689820659794
pair005,SB,conf008,354.0,Re,-1.4781240237436717,-1.4781240237436717,5.6590439110592925
pair005,SB,conf008,354.5,Re,-1.4982631151195867,-1.4982631151195867,5.661295768358714
pair005,SB,conf008,355.0,Re,-1.515645374451576,-1.515645374451576,5.663445310103658
pair005,SB,conf008,355.5,Re,-1.5294202459693493,-1.5294202459693493,5.665492457628957
pair005,SB,conf008,356.00000000000006,Re,-1.5386567269734677,-1.5386567269734677,5.667437136055526
pair005,SB,conf008,356.5,Re,-1.5425512517517597,-1.5425512517517597,5.669279274287367
pair005,SB,conf008,357.0,Re,-1.540710390740828,-1.540710390740828,5.671018805008739
pair005,SB,conf008,357.50000000000006,Re,-1.5333245735643932,-1.5333245735643932,5.672655664681454
pair005,SB,conf008,358.0,Re,-1.5210811084921279,-1.5210811084921279,5.674189793542359
pair005,SB,conf008,358.5,Re,-1.5048954705016098,-1.5048954705016098,5.675621135600954
pair005,SB,conf008,358.99999999999994,Re,-1.4856629333370526,-1.4856629333370526,5.676949638637167
pair005,SB,conf008,359.50000000000006,Re,-1.4641324417004873,-1.4641324417004873,5.6781752541992745
pair006,Bz,conf009,0.0,Si,-1.4418786447318412,-1.4418786447318412,
pair006,Bz,conf009,0.5,Si,-1.4652131774119552,-1.4652131774119552,
pair006,Bz,conf009,1.0,Si,-1.486833922920703,-1.486833922920703,
pair006,Bz,conf009,1.5,Si,-1.5061593571959715,-1.5061593571959715,
pair006,Bz,conf009,2.0,Si,-1.5224320658489912,-1.5224320658489912,
pair006,Bz,conf009,2.5,Si,-1.5347424876104347,-1.5347424876104347,
pair006,Bz,conf009,3.0,Si,-1.542156938391144,-1.542156938391144,
pair006,Bz,conf009,3.5,Si,-1.5439736531725825,-1.5439736531725825,
pair006,Bz,conf009,4.0,Si,-1.5400013251453324,-1.5400013251453324,
pair006,Bz,conf009,4.5,Si,-1.5306478937326857,-1.5306478937326857,
pair006,Bz,conf009,5.0,Si,-1.5167378544383794,-1.5167378544383794,
pair006,Bz,conf009,5.5,Si,-1.49921952683922,-1.49921952683922,
pair006,Bz,conf009,6.0,Si,-1.518191531796088,-1.518191531796088,
pair006,Bz,conf009,6.5,Si,-1.4964148572071687,-1.4964148572071687,
pair006,Bz,conf009,7.0,Si,-1.4389115198216242,-1.4389115198216242,
pair006,Bz,conf009,7.499999999999999,Si,-1.407756246810965,-1.407756246810965,
pair006,Bz,conf009,8.0,Si,-1.3818660518359538,-1.3818660518359538,
pair006,Bz,conf009,8.5,Si,-1.3553038305518528,-1.3553038305518528,
pair006,Bz,conf009,9.0,Si,-1.3282204079384536,-1.3282204079384536,
pair006,Bz,conf009,9.499999999999998,Si,-1.300728823738875,-1.300728823738875,
pair006,Bz,conf009,10.0,Si,-1.2729150311302977,-1.2729150311302977,
pair006,Bz,conf009,10.5,Si,-1.2448453596617046,-1.2448453596617046,
pair006,Bz,conf009,11.0,Si,-1.2165717482991028,-1.2165717482991028,
pair006,Bz,conf009,11.499999999999998,Si,-1.1881354484925741,-1.1881354484925741,
pair006,Bz,conf009,12.0,Si,-1.159569673731302,-1.159569673731302,
pair006,Bz,conf009,12.5,Si,-1.1309015179670023,-1.1309015179670023,
pair006,Bz,conf009,13.0,Si,-1.1021533615086934,-1.1021533615086934,
pair006,Bz,conf009,13.5,Si,-1.0733439136158496,-1.0733439136158496,
pair006,Bz,conf009,14.0,Si,-1.0444889945912073,-1.0444889945912073,
pair006,Bz,conf009,14.500000000000002,Si,-1.0156021289298192,-1.0156021289298192,
pair006,Bz,conf009,14.999999999999998,Si,-0.9923109227678653,-0.9923109227678653,
pair006,Bz,conf009,15.5,Si,-0.9847730351709346,-0.9847730351709346,
pair006,Bz,conf009,16.0,Si,-0.9767468369806794,-0.9767468369806794,
pair006,Bz,conf009,16.5,Si,-0.9682507861172158,-0.9682507861172158,
pair006,Bz,conf009,17.0,Si,-0.9593035785548577,-0.9593035785548577,
pair006,Bz,conf009,17.5,Si,-0.949924019327437,-0.949924019327437,
pair006,Bz,conf009,18.0,Si,-0.940130905998078,-0.940130905998078,
pair006,Bz,conf009,18.5,Si,-0.9299429250311896,-0.9299429250311896,
pair006,Bz,conf009,18.999999999999996,Si,-0.9193785611154175,-0.9193785611154175,
pair006,Bz,conf009,19.5,Si,-0.9084560191641304,-0.9084560191641304,
pair006,Bz,conf009,20.0,Si,-0.8971931584650226,-0.8971931584650226,
pair006,Bz,conf009,20.499999999999996,Si,-0.88560743825942,-0.88560743825942,
pair006,Bz,conf009,21.0,Si,-0.8737158738991099,-0.8737158738991099,
pair006,Bz,conf009,21.5,Si,-0.8615350026466823,-0.8615350026466823,
pair006,Bz,conf009,22.0,Si,-0.8490808581464743,-0.8490808581464743,
pair006,Bz,conf009,22.5,Si,-0.8363689525892118,-0.8363689525892118,
pair006,Bz,conf009,22.999999999999996,Si,-0.8234142656166284,-0.8234142656166284,
pair006,Bz,conf009,23.5,Si,-0.810231239055798,-0.810231239055798,
pair006,Bz,conf009,24.0,Si,-0.7968337766305782,-0.7968337766305782,
pair006,Bz,conf009,24.5,Si,-0.7832352478642299,-0.7832352478642299,
pair006,Bz,conf009,25.0,Si,-0.769448495458879,-0.769448495458879,
pair006,Bz,conf009,25.499999999999996,Si,-0.7554858455106133,-0.7554858455106133,
pair006,Bz,conf009,26.0,Si,-0.7413591199912004,-0.7413591199912004,
pair006,Bz,conf009,26.5,Si,-0.7270796509968294,-0.7270796509968294,
pair006,Bz,conf009,27.0,Si,-0.7126582963296192,-0.7126582963296192,
pair006,Bz,conf009,27.5,Si,-0.6981054560381559,-0.6981054560381559,
pair006,Bz,conf009,28.0,Si,-0.6834310895985165,-0.6834310895985165,
pair006,Bz,conf009,28.5,Si,-0.6686447334670136,-0.6686447334670136,
pair006,Bz,conf009,29.000000000000004,Si,-0.6537555187802706,-0.6537555187802706,
pair006,Bz,conf009,29.499999999999996,Si,-0.638772189017419,-0.638772189017419,
pair006,Bz,conf009,29.999999999999996,Si,-0.623703117473525,-0.623703117473525,
pair006,Bz,conf009,30.5,Si,-0.6085563244231158,-0.6085563244231158,
pair006,Bz,conf009,31.0,Si,-0.5933394938783452,-0.5933394938783452,
pair006,Bz,conf009,31.5,Si,-0.578059989868257,-0.578059989868257,
pair006,Bz,conf009,32.0,Si,-0.5627248721842204,-0.5627248721842204,
pair006,Bz,conf009,32.5,Si,-0.5473409115522894,-0.5473409115522894,
pair006,Bz,conf009,33.0,Si,-0.5319146042063172,-0.5319146042063172,
pair006,Bz,conf009,33.49999999999999,Si,-0.516452185846529,-0.516452185846529,
pair006,Bz,conf009,34.0,Si,-0.5009596449771399,-0.5009596449771399,
pair006,Bz,conf009,34.5,Si,-0.4854427356238644,-0.4854427356238644,
pair006,Bz,conf009,35.0,Si,-0.46990698943793996,-0.46990698943793996,
pair006,Bz,conf009,35.5,Si,-0.45435772719791623,-0.45435772719791623,
pair006,Bz,conf009,36.0,Si,-0.438800069723996,-0.438800069723996,
pair006,Bz,conf009,36.5,Si,-0.42323894822244146,-0.42323894822244146,
pair006,Bz,conf009,37.0,Si,-0.40767911407952795,-0.40767911407952795,
pair006,Bz,conf009,37.5,Si,-0.39212514812592403,-0.39212514812592403,
pair006,Bz,conf009,37.99999999999999,Si,-0.37658146939327475,-0.37658146939327475,
pair006,Bz,conf009,38.5,Si,-0.3610523433852384,-0.3610523433852384,
pair006,Bz,conf009,39.0,Si,-0.34554188988543233,-0.34554188988543233,
pair006,Bz,conf009,39.5,Si,-0.33005409032459365,-0.33005409032459365,
pair006,Bz,conf009,40.0,Si,-0.3145927947290199,-0.3145927947290199,
pair006,Bz,conf009,40.5,Si,-0.2991617282718364,-0.2991617282718364,
pair006,Bz,conf009,40.99999999999999,Si,-0.28376449744810195,-0.28376449744810195,
pair006,Bz,conf009,41.5,Si,-0.2683661357417486,-0.2683661357417486,
pair006,Bz,conf009,42.0,Si,-0.2529240868327023,-0.2529240868327023,
pair006,Bz,conf009,42.5,Si,-0.23857817908091428,-0.2374408165333397,
pair006,Bz,conf009,43.0,Si,-0.2280723409846357,-0.22191878080755956,
pair006,Bz,conf009,43.5,Si,-0.2175517282372743,-0.20636035182288648,
pair006,Bz,conf009,44.0,Si,-0.20701747982469776,-0.19076782158056793,
pair006,Bz,conf009,44.50000000000001,Si,-0.1964707069684919,-0.17514340538701334,
pair006,Bz,conf009,45.0,Si,-0.18591249403143828,-0.15948924517204865,
pair006,Bz,conf009,45.5,Si,-0.17534389939324568,-0.1438074126595048,
pair006,Bz,conf009,45.99999999999999,Si,-0.16476595629723167,-0.12809991239568874,
pair006,Bz,conf009,46.49999999999999,Si,-0.15417967366868846,-0.11236868464125682,
pair006,Bz,conf009,47.0,Si,-0.14358603690566674,-0.09661560813196424,
pair006,Bz,conf009,47.5,Si,-0.13298600864291887,-0.08084250271366078,
pair006,Bz,conf009,48.0,Si,-0.12238052948975997,-0.06505113185682854,
pair006,Bz,conf009,48.5,Si,-0.11177051874258481,-0.049243205055795825,
pair006,Bz,conf009,49.0,Si,-0.10115687507280402,-0.033420380117674675,
pair006,Bz,conf009,49.50000000000001,Si,-0.09054047719092884,-0.017584265345868655,
pair006,Bz,conf009,50.0,Si,-0.07992218448754773,-0.00173642162288834,
pair006,Bz,conf009,50.5,Si,-0.06930283765192025,0.014121635602977856,
pair006,Bz,conf009,50.99999999999999,Si,-0.05868325926890394,0.029988434422728805,
pair006,Bz,conf009,51.49999999999999,Si,-0.048064254394915906,0.045862544659234894,
pair006,Bz,conf009,52.0,Si,-0.03744661111362224,0.06174257614325751,
pair006,Bz,conf009,52.50000000000001,Si,-0.02683110107203368,0.07762717706901046,
pair006,Bz,conf009,53.0,Si,-0.016218479997654356,0.0935150324255225,
pair006,Bz,conf009,53.5,Si,-0.005609488197350743,0.10940486250020598,
pair006,Bz,conf009,54.0,Si,0.0049951489614501465,0.12529542145121386,
pair006,Bz,conf009,54.49999999999999,Si,0.015594720586611155,0.14118549594530605,
pair006,Bz,conf009,55.0,Si,0.026188529813589767,0.1570739038580966,
pair006,Bz,conf009,55.5,Si,0.03677589337361997,0.17295949303368974,
pair006,Bz,conf009,56.0,Si,0.047356141177209654,0.18884114010086628,
pair006,Bz,conf009,56.5,Si,0.05792861591240861,0.20471774934309894,
pair006,Bz,conf009,57.0,Si,0.06849267265731562,0.2205882516198101,
pair006,Bz,conf009,57.5,Si,0.07904767850632233,0.2364516033364139,
pair006,Bz,conf009,58.00000000000001,Si,0.08959301220958404,0.25230678546078766,
pair006,Bz,conf009,58.5,Si,0.10012806382525619,0.2681528025839508,
pair006,Bz,conf009,58.99999999999999,Si,0.11065223438402261,0.283988682022829,
pair006,Bz,conf009,59.5,Si,0.12116493556546604,0.29981347296306593,
pair006,Bz,conf009,59.99999999999999,Si,0.13166558938586048,0.31562624563998676,
pair006,Bz,conf009,60.5,Si,0.14215362789695662,0.33142609055587324,
pair006,Bz,conf009,61.0,Si,0.15262849289536717,0.3472121177318146,
pair006,Bz,conf009,61.50000000000001,Si,0.16308963564215562,0.3629834559924905,
pair006,Bz,conf009,62.0,Si,0.17353651659225822,0.37873925228231253,
pair006,Bz,conf009,62.49999999999999,Si,0.18396860513338265,0.3944786710114412,
pair006,Bz,conf009,63.0,Si,0.19438537933402444,0.41020089343025146,
pair006,Bz,conf009,63.50000000000001,Si,0.20478632570027688,0.4259051170309165,
pair006,Bz,conf009,64.0,Si,0.21517093894110206,0.44159055497481314,
pair006,Bz,conf009,64.5,Si,0.22553872174176415,0.45725643554455364,
pair006,Bz,conf009,65.0,Si,0.23588918454510632,0.4729020016194745,
pair006,Bz,conf009,65.50000000000001,Si,0.24622184534040725,0.4885265101734937,
pair006,Bz,conf009,66.0,Si,0.25653622945951415,0.5041292317942869,
pair006,Bz,conf009,66.5,Si,0.2668318693800076,0.5197094502228061,
pair006,Bz,conf009,66.99999999999999,Si,0.27710830453512125,0.535266461912179,
pair006,Bz,conf009,67.5,Si,0.28736508113018644,0.5507995756051154,
pair006,Bz,conf009,68.0,Si,0.2976017519653489,0.5663081119289537,
pair006,Bz,conf009,68.5,Si,0.30781787626433577,0.5817914030075497,
pair006,Bz,conf009,69.0,Si,0.3180130195090549,0.5972487920892366,
pair006,Bz,conf009,69.5,Si,0.32818675327980085,0.6126796331901148,
pair006,Bz,conf009,70.0,Si,0.3383386551008858,0.628083290752002,
pair006,Bz,conf009,70.49999999999999,Si,0.348468308291471,0.643459139314351,
pair006,Bz,conf009,71.0,Si,0.35857530182143815,0.6588065631995346,
pair006,Bz,conf009,71.5,Si,0.3686592301720939,0.6741249562108751,
pair006,Bz,conf009,72.0,Si,0.3787196932015531,0.6894137213428755,
pair006,Bz,conf009,72.5,Si,0.38875629601461603,0.7046722705030855,
pair006,Bz,conf009,73.0,Si,0.39876864883699326,0.7199000242451088,
pair006,Bz,conf009,73.50000000000001,Si,0.4087563668937024,0.7350964115122387,
pair006,Bz,conf009,74.0,Si,0.41871907029151134,0.75026086939128,
pair006,Bz,conf009,74.5,Si,0.4286563839052646,0.7653928428760948,
pair006,Bz,conf009,75.0,Si,0.4385679372679627,0.7804917846404547,
pair006,Bz,conf009,75.5,Si,0.4484533644644586,0.7955571548197928,
pair006,Bz,conf009,75.99999999999999,Si,0.458312304028645,0.7922731316778517,
pair006,Bz,conf009,76.5,Si,0.4681443988440075,0.7815049242328043,
pair006,Bz,conf009,77.0,Si,0.47794929604742387,0.7707218826095794,
pair006,Bz,conf009,77.5,Si,0.4877266469360977,0.7599246383065765,
pair006,Bz,conf009,78.0,Si,0.49747610687751753,0.7491138311746888,
pair006,Bz,conf009,78.49999999999999,Si,0.5071973352223289,0.7382901095753398,
pair006,Bz,conf009,79.0,Si,0.5168899952200208,0.7274541305419542,
pair006,Bz,conf009,79.5,Si,0.5265537539373384,0.7166065599448894,
pair006,Bz,conf009,80.0,Si,0.5361882821793083,0.7057480726598959,
pair006,Bz,conf009,80.49999999999999,Si,0.5457932544128006,0.6948793527401451,
pair006,Bz,conf009,81.0,Si,0.5553683486925387,0.6840010935918694,
pair006,Bz,conf009,81.5,Si,0.5649132465894604,0.6731139981536669,
pair006,Bz,conf009,81.99999999999999,Si,0.5744276331213702,0.6622187790794956,
pair006,Bz,conf009,82.5,Si,0.5839111966857835,0.6513161589254126,
pair006,Bz,conf009,83.0,Si,0.5933636289949,0.6404068703400887,
pair006,Bz,conf009,83.50000000000001,Si,0.6027846250126332,0.6294916562591262,
pair006,Bz,conf009,84.0,Si,0.6121738828936205,0.6185712701032167,
pair006,Bz,conf009,84.5,Si,0.6076464759801643,0.6076464759801643,
pair006,Bz,conf009,85.0,Si,0.5967180488907917,0.5967180488907917,
pair006,Bz,conf009,85.5,Si,0.5857867749387531,0.5857867749387531,
pair006,Bz,conf009,86.0,Si,0.5748534515442587,0.5748534515442587,
pair006,Bz,conf009,86.5,Si,0.5639188876617316,0.5639188876617316,
pair006,Bz,conf009,87.0,Si,0.5529839040013786,0.5529839040013786,
pair006,Bz,conf009,87.49999999999999,Si,0.5420493332546912,0.5420493332546912,
pair006,Bz,conf009,88.0,Si,0.5311160203238494,0.5311160203238494,
pair006,Bz,conf009,88.5,Si,0.520184822555019,0.520184822555019,
pair006,Bz,conf009,89.00000000000001,Si,0.5092566099755091,0.5092566099755091,
pair006,Bz,conf009,89.5,Si,0.49833226553475574,0.49833226553475574,
pair006,Bz,conf009,90.0,Si,0.4874126853490883,0.4874126853490883,
pair006,Bz,conf009,90.5,Si,0.47649877895022086,0.47649877895022086,
pair006,Bz,conf009,91.0,Si,0.4655914695374006,0.4655914695374006,
pair006,Bz,conf009,91.5,Si,0.4546916942331396,0.4546916942331396,
pair006,Bz,conf009,91.99999999999999,Si,0.4438004043424366,0.4438004043424366,
pair006,Bz,conf009,92.5,Si,0.43291856561537956,0.43291856561537956,
pair006,Bz,conf009,92.99999999999999,Si,0.42204715851302255,0.42204715851302255,
pair006,Bz,conf009,93.50000000000001,Si,0.41118717847638675,0.41118717847638675,
pair006,Bz,conf009,94.0,Si,0.4003396361984508,0.4003396361984508,
pair006,Bz,conf009,94.5,Si,0.38950555789894703,0.38950555789894703,
pair006,Bz,conf009,95.0,Si,0.378685985601787,0.378685985601787,
pair006,Bz,conf009,95.5,Si,0.36788197741490714,0.36788197741490714,
pair006,Bz,conf009,96.0,Si,0.3570946078122976,0.3570946078122976,
pair006,Bz,conf009,96.5,Si,0.34632496791797585,0.34632496791797585,
pair006,Bz,conf009,97.0,Si,0.3355741657916209,0.3355741657916209,
pair006,Bz,conf009,97.49999999999999,Si,0.3248433267155655,0.3248433267155655,
pair006,Bz,conf009,98.0,Si,0.31413359348282976,0.31413359348282976,
pair006,Bz,conf009,98.49999999999999,Si,0.30344612668582793,0.30344612668582793,
pair006,Bz,conf009,99.00000000000001,Si,0.2927821050053654,0.2927821050053654,
pair006,Bz,conf009,99.5,Si,0.2821427254995148,0.2821427254995148,
pair006,Bz,conf009,100.0,Si,0.27152920389190416,0.27152920389190416,
pair006,Bz,conf009,100.50000000000001,Si,0.2609427748589457,0.2609427748589457,
pair006,Bz,conf009,101.0,Si,0.2503846923154738,0.2503846923154738,
pair006,Bz,conf009,101.5,Si,0.23985622969822185,0.23985622969822185,
pair006,Bz,conf009,101.99999999999999,Si,0.2293586802465497,0.2293586802465497,
pair006,Bz,conf009,102.5,Si,0.21889335727975934,0.21889335727975934,
pair006,Bz,conf009,102.99999999999999,Si,0.2084615944703132,0.2084615944703132,
pair006,Bz,conf009,103.49999999999999,Si,0.19806474611221758,0.19806474611221758,
pair006,Bz,conf009,104.0,Si,0.1877041873837788,0.1877041873837788,
pair006,Bz,conf009,104.5,Si,0.17738131460389872,0.17738131460389872,
pair006,Bz,conf009,105.00000000000001,Si,0.16709754548101152,0.16709754548101152,
pair006,Bz,conf009,105.5,Si,0.1568543193537204,0.1568543193537204,
pair006,Bz,conf009,106.0,Si,0.1466530974221314,0.1466530974221314,
pair006,Bz,conf009,106.5,Si,0.1364953629688168,0.1364953629688168,
pair006,Bz,conf009,107.0,Si,0.12638262156829416,0.12638262156829416,
pair006,Bz,conf009,107.49999999999999,Si,0.11631640128382448,0.11631640128382448,
pair006,Bz,conf009,108.0,Si,0.10629825285029582,0.10629825285029582,
pair006,Bz,conf009,108.5,Si,0.09632974984186449,0.09632974984186449,
pair006,Bz,conf009,108.99999999999999,Si,0.08641248882297914,0.08641248882297914,
pair006,Bz,conf009,109.50000000000001,Si,0.07654808948134151,0.07654808948134151,
pair006,Bz,conf009,110.0,Si,0.06673819474128062,0.06673819474128062,
pair006,Bz,conf009,110.50000000000001,Si,0.056984470855953706,0.056984470855953706,
pair006,Bz,conf009,111.0,Si,0.0472886074767207,0.0472886074767207,
pair006,Bz,conf009,111.5,Si,0.03765231769795685,0.03765231769795685,
pair006,Bz,conf009,112.0,Si,0.028077338075514824,0.028077338075514824,
pair006,Bz,conf009,112.5,Si,0.018565428616958757,0.018565428616958757,
pair006,Bz,conf009,113.0,Si,0.00911837274164018,0.00911837274164018,
pair006,Bz,conf009,113.49999999999999,Si,-0.0002620227913856521,-0.0002620227913856521,
pair006,Bz,conf009,114.0,Si,-0.009573927989680708,-0.009573927989680708,
pair006,Bz,conf009,114.49999999999999,Si,-0.018815489770095617,-0.018815489770095617,
pair006,Bz,conf009,115.0,Si,-0.027984832140002247,-0.027984832140002247,
pair006,Bz,conf009,115.50000000000001,Si,-0.03708005641931211,-0.03708005641931211,
pair006,Bz,conf009,116.00000000000001,Si,-0.04609924150558631,-0.04609924150558631,
pair006,Bz,conf009,116.5,Si,-0.05504044418457843,-0.05504044418457843,
pair006,Bz,conf009,117.0,Si,-0.0639016994885786,-0.0639016994885786,
pair006,Bz,conf009,117.5,Si,-0.07268102110498309,-0.07268102110498309,
pair006,Bz,conf009,117.99999999999999,Si,-0.08137640183750738,-0.08137640183750738,
pair006,Bz,conf009,118.50000000000001,Si,-0.08998581412251005,-0.08998581412251005,
pair006,Bz,conf009,119.0,Si,-0.09850721060285617,-0.09850721060285617,
pair006,Bz,conf009,119.5,Si,-0.1069385247617951,-0.1069385247617951,
pair006,Bz,conf009,119.99999999999999,Si,-0.11527767161924762,-0.11527767161924762,
pair006,Bz,conf009,120.50000000000001,Si,-0.12352254849292321,-0.12352254849292321,
pair006,Bz,conf009,121.0,Si,-0.13167103582659623,-0.13167103582659623,
pair006,Bz,conf009,121.5,Si,-0.13973199082992016,-0.13973199082992016,
pair006,Bz,conf009,122.0,Si,-0.1477169977199504,-0.1477169977199504,
pair006,Bz,conf009,122.49999999999999,Si,-0.15562299714469097,-0.15562299714469097,
pair006,Bz,conf009,123.00000000000001,Si,-0.1634468435226084,-0.1634468435226084,
pair006,Bz,conf009,123.5,Si,-0.17118536816372343,-0.17118536816372343,
pair006,Bz,conf009,124.0,Si,-0.17883538096602036,-0.17883538096602036,
pair006,Bz,conf009,124.49999999999999,Si,-0.18639367224085945,-0.18639367224085945,
pair006,Bz,conf009,124.99999999999999,Si,-0.19385701467117444,-0.19385701467117444,
pair006,Bz,conf009,125.5,Si,-0.2012221654059645,-0.2012221654059645,
pair006,Bz,conf009,126.0,Si,-0.20848586829423188,-0.20848586829423188,
pair006,Bz,conf009,126.5,Si,-0.215644856261195,-0.215644856261195,
pair006,Bz,conf009,127.00000000000001,Si,-0.22269585382911528,-0.22269585382911528,
pair006,Bz,conf009,127.50000000000001,Si,-0.23169555332362002,-0.22963557978463123,
pair006,Bz,conf009,128.0,Si,-0.24276315090852219,-0.2364607499939526,
pair006,Bz,conf009,128.5,Si,-0.25383093041783034,-0.2431680803666405,
pair006,Bz,conf009,129.0,Si,-0.2648980434561541,-0.24975428996809268,
pair006,Bz,conf009,129.49999999999997,Si,-0.27596362185692946,-0.25621610428009856,
pair006,Bz,conf009,130.0,Si,-0.287026776980398,-0.2625502586080888,
pair006,Bz,conf009,130.5,Si,-0.2980865989836561,-0.26875350163287326,
pair006,Bz,conf009,131.00000000000003,Si,-0.30914215606171935,-0.27482259910378115,
pair006,Bz,conf009,131.5,Si,-0.3201924936584939,-0.28075433766921076,
pair006,Bz,conf009,132.0,Si,-0.3312366336465298,-0.2865455288395946,
pair006,Bz,conf009,132.5,Si,-0.34227357347439935,-0.2921930130768089,
pair006,Bz,conf009,133.0,Si,-0.35330228528052543,-0.29769366400298125,
pair006,Bz,conf009,133.5,Si,-0.3643217149722615,-0.30304439272058836,
pair006,Bz,conf009,133.99999999999997,Si,-0.3753307812690003,-0.308242152234649,
pair006,Bz,conf009,134.5,Si,-0.38632837470808634,-0.3132839419666833,
pair006,Bz,conf009,135.0,Si,-0.3973133566122684,-0.318166812349018,
pair006,Bz,conf009,135.5,Si,-0.4082845580174701,-0.3228878694869397,
pair006,Bz,conf009,136.0,Si,-0.4192407785595962,-0.32744427987504965,
pair006,Bz,conf009,136.5,Si,-0.43018078531914217,-0.3318332751532165,
pair006,Bz,conf009,137.0,Si,-0.4411033116223775,-0.3360521568864312,
pair006,Bz,conf009,137.5,Si,-0.45200705579788014,-0.34009830135200714,
pair006,Bz,conf009,138.0,Si,-0.4628906798872505,-0.3439691643166207,
pair006,Bz,conf009,138.5,Si,-0.4737528083088658,-0.3476622857849663,
pair006,Bz,conf009,139.0,Si,-0.4845920264735948,-0.35117529470105646,
pair006,Bz,conf009,139.5,Si,-0.49540687935147276,-0.3545059135826789,
pair006,Bz,conf009,140.0,Si,-0.5061958699884057,-0.3576519630690025,
pair006,Bz,conf009,140.5,Si,-0.5169574579721017,-0.3606113663610859,
pair006,Bz,conf009,140.99999999999997,Si,-0.5276900578465389,-0.36338215353480563,
pair006,Bz,conf009,141.5,Si,-0.5383920374744462,-0.36596246570574564,
pair006,Bz,conf009,142.0,Si,-0.54906171634744,-0.3683505590257392,
pair006,Bz,conf009,142.50000000000003,Si,-0.559697363843678,-0.370544808491043,
pair006,Bz,conf009,143.0,Si,-0.5702971974331255,-0.37254371154265375,
pair006,Bz,conf009,143.5,Si,-0.5808593808308253,-0.37434589143991226,
pair006,Bz,conf009,144.0,Si,-0.5913820220988624,-0.37595010038939103,
pair006,Bz,conf009,144.5,Si,-0.6018631716980929,-0.37735522241206687,
pair006,Bz,conf009,145.0,Si,-0.6123008204911262,-0.3785602759329474,
pair006,Bz,conf009,145.49999999999997,Si,-0.6226928976985093,-0.3795644160786662,
pair006,Bz,conf009,146.0,Si,-0.6330372688106052,-0.38036693667000976,
pair006,Bz,conf009,146.5,Si,-0.6433317334582429,-0.38096727189796575,
pair006,Bz,conf009,147.00000000000003,Si,-0.6535740232459015,-0.38136499767361154,
pair006,Bz,conf009,147.5,Si,-0.6637617995519176,-0.38155983264397264,
pair006,Bz,conf009,148.0,Si,-0.6738926513010566,-0.38155163886790233,
pair006,Bz,conf009,148.5,Si,-0.6839640927156974,-0.3813404221480212,
pair006,Bz,conf009,149.0,Si,-0.6939735610529023,-0.3809263320167451,
pair006,Bz,conf009,149.5,Si,-0.7039184143357656,-0.38030966137649,
pair006,Bz,conf009,150.0,Si,-0.7137959290886704,-0.3794908457961761,
pair006,Bz,conf009,150.5,Si,-0.7236032980874293,-0.3784704624681674,
pair006,Bz,conf009,151.0,Si,-0.7333376281367479,-0.3772492288317424,
pair006,Bz,conf009,151.5,Si,-0.7429959378890565,-0.37582800087111945,
pair006,Bz,conf009,151.99999999999997,Si,-0.7525751557204676,-0.3742077710978613,
pair006,Bz,conf009,152.5,Si,-0.7620721176814839,-0.37238966622921343,
pair006,Bz,conf009,153.0,Si,-0.7714835655420542,-0.3703749445755158,
pair006,Bz,conf009,153.5,Si,-0.7808061449527114,-0.368164993151304,
pair006,Bz,conf009,154.0,Si,-0.7900364037457516,-0.3657613245260285,
pair006,Bz,conf009,154.5,Si,-0.7991707904027767,-0.36316557343147293,
pair006,Bz,conf009,155.0,Si,-0.8082056527174046,-0.36037949314395346,
pair006,Bz,conf009,155.5,Si,-0.8171372366844792,-0.35740495166020625,
pair006,Bz,conf009,156.0,Si,-0.8259616856497627,-0.35424392768651614,
pair006,Bz,conf009,156.49999999999997,Si,-0.8346750397567348,-0.35089850646112164,
pair006,Bz,conf009,156.99999999999997,Si,-0.8432732357298198,-0.3473708754302276,
pair006,Bz,conf009,157.5,Si,-0.851752107035949,-0.3436633197981003,
pair006,Bz,conf009,158.0,Si,-0.8601073844689863,-0.33977821797169505,
pair006,Bz,conf009,158.5,Si,-0.8683346972038729,-0.33571803692007873,
pair006,Bz,conf009,159.0,Si,-0.8764295743695857,-0.33148532746858317,
pair006,Bz,conf009,159.5,Si,-0.8843874471918789,-0.3434092667621065,
pair006,Bz,conf009,160.0,Si,-0.8922036517582993,-0.3692445519880778,
pair006,Bz,conf009,160.5,Si,-0.8998734324589844,-0.3948123214875592,
pair006,Bz,conf009,160.99999999999997,Si,-0.9073919461572223,-0.42008939655806676,
pair006,Bz,conf009,161.5,Si,-0.9147542671434484,-0.44505114289837455,
pair006,Bz,conf009,162.0,Si,-0.9219553929253004,-0.46967138402793096,
pair006,Bz,conf009,162.5,Si,-0.9289902509042642,-0.4939223152476151,
pair006,Bz,conf009,163.0,Si,-0.9358537059863199,-0.5177744199545979,
pair006,Bz,conf009,163.5,Si,-0.9425405691696317,-0.5411963906049171,
pair006,Bz,conf009,163.99999999999997,Si,-0.9490456071465985,-0.5641550571736362,
pair006,Bz,conf009,164.5,Si,-0.9553635529504886,-0.5866153265937695,
pair006,Bz,conf009,165.0,Si,-0.9614891176681243,-0.6085401373545307,
pair006,Bz,conf009,165.5,Si,-0.9674170032298337,-0.6298904341921061,
pair006,Bz,conf009,166.0,Si,-0.973141916275948,-0.650625168584734,
pair006,Bz,conf009,166.5,Si,-0.9786585830855644,-0.670701331527211,
pair006,Bz,conf009,167.00000000000003,Si,-0.9839617655381508,-0.6900740257476352,
pair006,Bz,conf009,167.5,Si,-0.9890462780620354,-0.7086965850605582,
pair006,Bz,conf009,168.0,Si,-0.993907005505931,-0.72652074882239,
pair006,Bz,conf009,168.49999999999997,Si,-0.9985389218507708,-0.7434968993423697,
pair006,Bz,conf009,169.0,Si,-1.0029371096595392,-0.7595743694656771,
pair006,Bz,conf009,169.5,Si,-1.0070967801428425,-0.7747018262383291,
pair006,Bz,conf009,170.0,Si,-1.0110132936981522,-0.7888277344534504,
pair006,Bz,conf009,170.49999999999997,Si,-1.014682180761492,-0.801900900867914,
pair006,Bz,conf009,171.0,Si,-1.0180991627923421,-0.8138710959379539,
pair006,Bz,conf009,171.50000000000003,Si,-1.0212601731963542,-0.8246897451227513,
pair006,Bz,conf009,172.0,Si,-1.0241613779766752,-0.8343106763484841,
pair006,Bz,conf009,172.5,Si,-1.0267991958938576,-0.8426909044643721,
pair006,Bz,conf009,173.0,Si,-1.0291703179071026,-0.8497914279581911,
pair006,Bz,conf009,173.5,Si,-1.0312717256663675,-0.8555780084500948,
pair006,Bz,conf009,174.0,Si,-1.0331007088261321,-0.8600219002206865,
pair006,Bz,conf009,174.5,Si,-1.0346548809576226,-0.8631004958772215,
pair006,Bz,conf009,174.99999999999997,Si,-1.0359321938472092,-0.8647978556866363,
pair006,Bz,conf009,175.5,Si,-1.0369309499844794,-0.875229719265786,
pair006,Bz,conf009,176.0,Si,-1.0376498130640213,-0.9053113646851758,
pair006,Bz,conf009,176.5,Si,-1.0380878163498373,-0.9353700145688532,
pair006,Bz,conf009,177.0,Si,-1.0382443687800489,-0.9653936542042791,
pair006,Bz,conf009,177.5,Si,-1.0381192587215138,-0.9953686044532405,
pair006,Bz,conf009,178.00000000000003,Si,-1.0377126553182865,-1.0252791629740705,
pair006,Bz,conf009,178.5,Re,-1.0551071509313596,-1.0551071509313596,
pair006,Bz,conf009,179.0,Re,-1.0848313359210722,-1.0848313359210722,
pair006,Bz,conf009,179.49999999999997,Re,-1.1144266915064636,-1.1144266915064636,
pair006,Bz,conf009,180.0,Re,-1.143863439418159,-1.143863439418159,
pair006,Bz,conf009,180.5,Re,-1.173105800500469,-1.173105800500469,
pair006,Bz,conf009,181.0,Re,-1.2021103526674743,-1.2021103526674743,
pair006,Bz,conf009,181.5,Re,-1.2308238555486084,-1.2308238555486084,
pair006,Bz,conf009,182.0,Re,-1.2591803486320186,-1.2591803486320186,
pair006,Bz,conf009,182.50000000000003,Re,-1.2870972591187324,-1.2870972591187324,
pair006,Bz,conf009,183.0,Re,-1.3144701663110536,-1.3144701663110536,
pair006,Bz,conf009,183.5,Re,-1.3411657686120129,-1.3411657686120129,
pair006,Bz,conf009,183.99999999999997,Re,-1.3670125179862889,-1.3670125179862889,
pair006,Bz,conf009,184.5,Re,-1.3917884126966578,-1.3917884126966578,
pair006,Bz,conf009,185.0,Re,-1.4152057836309595,-1.4152057836309595,
pair006,Bz,conf009,185.5,Re,-1.436894017754831,-1.436894017754831,
pair006,Bz,conf009,185.99999999999997,Re,-1.4563838127349114,-1.4563838127349114,
pair006,Bz,conf009,186.5,Re,-1.4731016510930919,-1.4731016510930919,
pair006,Bz,conf009,187.00000000000003,Re,-1.4863903818977777,-1.4863903818977777,
pair006,Bz,conf009,187.5,Re,-1.4955760291265288,-1.4955760291265288,
pair006,Bz,conf009,188.0,Re,-1.500089417124591,-1.500089417124591,
pair006,Bz,conf009,188.5,Re,-1.499613275912739,-1.499613275912739,
pair006,Bz,conf009,189.0,Re,-1.4941823646459607,-1.4941823646459607,
pair006,Bz,conf009,189.5,Re,-1.484171864000172,-1.484171864000172,
pair006,Bz,conf009,190.0,Re,-1.4701820776056973,-1.4701820776056973,
pair006,Bz,conf009,190.49999999999997,Re,-1.452891561934858,-1.452891561934858,
pair006,Bz,conf009,191.0,Re,-1.4329451109094868,-1.4329451109094868,
pair006,Bz,conf009,191.49999999999997,Re,-1.410897042330153,-1.410897042330153,
pair006,Bz,conf009,192.0,Re,-1.3871970870736492,-1.3871970870736492,
pair006,Bz,conf009,192.5,Re,-1.362198836719142,-1.362198836719142,
pair006,Bz,conf009,193.0,Re,-1.3361762514418136,-1.3361762514418136,
pair006,Bz,conf009,193.50000000000003,Re,-1.309340712619737,-1.309340712619737,
pair006,Bz,conf009,194.0,Re,-1.2818556910456904,-1.2818556910456904,
pair006,Bz,conf009,194.5,Re,-1.2538483866906547,-1.2538483866906547,
pair006,Bz,conf009,194.99999999999997,Re,-1.2429264041619323,-1.2429264041619323,
pair006,Bz,conf009,195.5,Re,-1.241958112246824,-1.241958112246824,
pair006,Bz,conf009,196.0,Re,-1.240033434405658,-1.240033434405658,
pair006,Bz,conf009,196.5,Re,-1.237164868645987,-1.237164868645987,
pair006,Bz,conf009,196.99999999999997,Re,-1.233370664480146,-1.233370664480146,
pair006,Bz,conf009,197.5,Re,-1.228674286827025,-1.228674286827025,
pair006,Bz,conf009,198.00000000000003,Re,-1.223103759819642,-1.223103759819642,
pair006,Bz,conf009,198.5,Re,-1.2166909312139143,-1.2166909312139143,
pair006,Bz,conf009,199.0,Re,-1.2094706988316783,-1.2094706988316783,
pair006,Bz,conf009,199.49999999999997,Re,-1.2014802374755569,-1.2014802374755569,
pair006,Bz,conf009,200.0,Re,-1.1927582589747863,-1.1927582589747863,
pair006,Bz,conf009,200.5,Re,-1.1833443306048483,-1.1833443306048483,
pair006,Bz,conf009,201.00000000000003,Re,-1.1732782691799377,-1.1732782691799377,
pair006,Bz,conf009,201.49999999999997,Re,-1.1625996205568094,-1.1625996205568094,
pair006,Bz,conf009,202.0,Re,-1.1513472277395362,-1.1513472277395362,
pair006,Bz,conf009,202.49999999999997,Re,-1.1395588855747278,-1.1395588855747278,
pair006,Bz,conf009,203.0,Re,-1.1272710762645164,-1.1272710762645164,
pair006,Bz,conf009,203.5,Re,-1.1145187775093115,-1.1145187775093115,
pair006,Bz,conf009,203.99999999999997,Re,-1.1013353338238052,-1.1013353338238052,
pair006,Bz,conf009,204.5,Re,-1.087752381201379,-1.087752381201379,
pair006,Bz,conf009,205.0,Re,-1.0737998155850779,-1.0737998155850779,
pair006,Bz,conf009,205.50000000000003,Re,-1.059505796314805,-1.059505796314805,
pair006,Bz,conf009,205.99999999999997,Re,-1.0448967766777955,-1.0448967766777955,
pair006,Bz,conf009,206.5,Re,-1.029997554753004,-1.029997554753004,
pair006,Bz,conf009,206.99999999999997,Re,-1.0148313388111574,-1.0148313388111574,
pair006,Bz,conf009,207.5,Re,-0.9994198225458233,-0.9994198225458233,
pair006,Bz,conf009,208.0,Re,-0.9837832663292706,-0.9837832663292706,
pair006,Bz,conf009,208.5,Re,-0.967940581491872,-0.967940581491872,
pair006,Bz,conf009,209.0,Re,-0.9519094153111272,-0.9519094153111272,
pair006,Bz,conf009,209.5,Re,-0.9357062349703164,-0.9357062349703164,
pair006,Bz,conf009,210.00000000000003,Re,-0.9193464092170246,-0.9193464092170246,
pair006,Bz,conf009,210.49999999999997,Re,-0.9028442868303665,-0.9028442868303665,
pair006,Bz,conf009,211.0,Re,-0.886213271305515,-0.886213271305515,
pair006,Bz,conf009,211.5,Re,-0.8694658913977429,-0.8694658913977429,
pair006,Bz,conf009,212.0,Re,-0.8526138673468907,-0.8526138673468907,
pair006,Bz,conf009,212.5,Re,-0.8356681727375574,-0.8356681727375574,
pair006,Bz,conf009,213.0,Re,-0.8186390920487674,-0.8186390920487674,
pair006,Bz,conf009,213.50000000000003,Re,-0.8015362740172515,-0.8015362740172515,
pair006,Bz,conf009,214.0,Re,-0.7843687809865847,-0.7843687809865847,
pair006,Bz,conf009,214.50000000000003,Re,-0.7671451344455897,-0.7671451344455897,
pair006,Bz,conf009,214.99999999999997,Re,-0.7498733569775511,-0.7498733569775511,
pair006,Bz,conf009,215.5,Re,-0.7325610108501125,-0.7325610108501125,
pair006,Bz,conf009,216.0,Re,-0.7152152334770585,-0.7152152334770585,
pair006,Bz,conf009,216.50000000000003,Re,-0.6978427699791405,-0.6978427699791405,
pair006,Bz,conf009,217.0,Re,-0.680450003063674,-0.680450003063674,
pair006,Bz,conf009,217.5,Re,-0.6630429804326146,-0.6630429804326146,
pair006,Bz,conf009,217.99999999999997,Re,-0.6456274399174975,-0.6456274399174975,
pair006,Bz,conf009,218.5,Re,-0.628208832527257,-0.628208832527257,
pair006,Bz,conf009,219.00000000000003,Re,-0.6107923435825311,-0.6107923435825311,
pair006,Bz,conf009,219.49999999999997,Re,-0.5933829120974046,-0.5933829120974046,
pair006,Bz,conf009,220.0,Re,-0.5759852485574479,-0.5759852485574479,
pair006,Bz,conf009,220.5,Re,-0.5586038512311415,-0.5586038512311415,
pair006,Bz,conf009,221.00000000000003,Re,-0.5412430211406076,-0.5412430211406076,
pair006,Bz,conf009,221.5,Re,-0.523906875807151,-0.523906875807151,
pair006,Bz,conf009,222.0,Re,-0.5065993618772682,-0.5065993618772682,
pair006,Bz,conf009,222.49999999999997,Re,-0.4893242667257267,-0.4893242667257267,
pair006,Bz,conf009,223.0,Re,-0.47208522912385864,-0.47208522912385864,
pair006,Bz,conf009,223.5,Re,-0.4548857490535476,-0.4548857490535476,
pair006,Bz,conf009,224.0,Re,-0.43772919674017197,-0.43772919674017197,
pair006,Bz,conf009,224.5,Re,-0.4206188209713617,-0.4206188209713617,
pair006,Bz,conf009,225.0,Re,-0.40355775676238004,-0.40355775676238004,
pair006,Bz,conf009,225.50000000000003,Re,-0.3865490324235885,-0.3865490324235885,
pair006,Bz,conf009,226.0,Re,-0.36959557608044613,-0.36959557608044613,
pair006,Bz,conf009,226.5,Re,-0.352700221692011,-0.352700221692011,
pair006,Bz,conf009,226.99999999999997,Re,-0.3358657146098336,-0.3358657146098336,
pair006,Bz,conf009,227.5,Re,-0.3190947167153495,-0.3190947167153495,
pair006,Bz,conf009,228.0,Re,-0.3023898111705896,-0.3023898111705896,
pair006,Bz,conf009,228.5,Re,-0.28575350681382594,-0.28575350681382594,
pair006,Bz,conf009,228.99999999999997,Re,-0.2691882422291161,-0.2691882422291161,
pair006,Bz,conf009,229.49999999999997,Re,-0.25269638951605455,-0.25269638951605455,
pair006,Bz,conf009,230.0,Re,-0.23628025778383743,-0.23628025778383743,
pair006,Bz,conf009,230.5,Re,-0.21994209639157525,-0.21994209639157525,
pair006,Bz,conf009,231.00000000000003,Re,-0.20363910097303517,-0.20363910097303517,
pair006,Bz,conf009,231.5,Re,-0.18731988746276618,-0.18731988746276618,
pair006,Bz,conf009,232.00000000000003,Re,-0.1709861072970842,-0.1709861072970842,
pair006,Bz,conf009,232.5,Re,-0.1546394465137877,-0.1546394465137877,
pair006,Bz,conf009,233.0,Re,-0.13828153488750505,-0.13828153488750505,
pair006,Bz,conf009,233.49999999999997,Re,-0.12191394862648353,-0.12191394862648353,
pair006,Bz,conf009,234.0,Re,-0.1055382129241933,-0.1055382129241933,
pair006,Bz,conf009,234.49999999999997,Re,-0.08915580437398218,-0.08915580437398218,
pair006,Bz,conf009,235.0,Re,-0.07276815325445951,-0.07276815325445951,
pair006,Bz,conf009,235.5,Re,-0.056376645692980176,-0.056376645692980176,
pair006,Bz,conf009,235.99999999999997,Re,-0.039982625714066744,-0.039982625714066744,
pair006,Bz,conf009,236.5,Re,-0.02358739717932745,-0.02358739717932745,
pair006,Bz,conf009,237.00000000000003,Re,-0.007192225624994553,-0.007192225624994553,
pair006,Bz,conf009,237.49999999999997,Re,0.009025356483298497,0.00920165999714162,
pair006,Bz,conf009,238.0,Re,0.01989324616674648,0.02559306566992925,
pair006,Bz,conf009,238.50000000000003,Re,0.030745155893421305,0.04198083074703751,
pair006,Bz,conf009,239.0,Re,0.04158056568147184,0.05836382647031324,
pair006,Bz,conf009,239.5,Re,0.052398964084319655,0.07474095456372454,
pair006,Bz,conf009,239.99999999999997,Re,0.06319984794167577,0.09111114589960012,
pair006,Bz,conf009,240.5,Re,0.07398272213971913,0.10747335923314894,
pair006,Bz,conf009,241.00000000000003,Re,0.08474709938004432,0.12382658000141666,
pair006,Bz,conf009,241.5,Re,0.09549249995705145,0.1401698191831302,
pair006,Bz,conf009,242.0,Re,0.10621845154344656,0.15650211221604748,
pair006,Bz,conf009,242.49999999999997,Re,0.11692448898351704,0.17282251796862091,
pair006,Bz,conf009,243.0,Re,0.12761015409390564,0.18913011776302469,
pair006,Bz,conf009,243.49999999999997,Re,0.13827499547155786,0.2054240144466859,
pair006,Bz,conf009,244.0,Re,0.1489185683085945,0.22170333150971833,
pair006,Bz,conf009,244.5,Re,0.15954043421381492,0.2379672122457257,
pair006,Bz,conf009,244.99999999999997,Re,0.1701401610405857,0.25421481895364373,
pair006,Bz,conf009,245.5,Re,0.18071732272087337,0.2704453321784217,
pair006,Bz,conf009,246.00000000000003,Re,0.19127149910516317,0.286657949988421,
pair006,Bz,conf009,246.50000000000003,Re,0.2018022758080602,0.3028518872876085,
pair006,Bz,conf009,247.0,Re,0.21230924405934126,0.3190263751606748,
pair006,Bz,conf009,247.50000000000003,Re,0.22279200056025572,0.33518066024933435,
pair006,Bz,conf009,248.0,Re,0.2332501473448616,0.35131400415816194,
pair006,Bz,conf009,248.5,Re,0.24368329164622837,0.36742568288843347,
pair006,Bz,conf009,248.99999999999997,Re,0.25409104576729336,0.38351498629847636,
pair006,Bz,conf009,249.5,Re,0.2644730269562263,0.3995812175891984,
pair006,Bz,conf009,249.99999999999997,Re,0.2748288572861002,0.41562369281344336,
pair006,Bz,conf009,250.5,Re,0.2851581635387326,0.4316417404079862,
pair006,Bz,conf009,251.0,Re,0.2954605770925236,0.4476347007469881,
pair006,Bz,conf009,251.49999999999997,Re,0.3057357338141522,0.46360192571582837,
pair006,Bz,conf009,252.0,Re,0.3159832739539812,0.4795427783042834,
pair006,Bz,conf009,252.49999999999997,Re,0.3262028420450289,0.49545663221804914,
pair006,Bz,conf009,253.0,Re,0.3363940868053914,0.5113428715077439,
pair006,Bz,conf009,253.5,Re,0.34655666104396343,0.5272008902144527,
pair006,Bz,conf009,254.00000000000003,Re,0.35669022156935815,0.5430300920310376,
pair006,Bz,conf009,254.5,Re,0.36679442910189963,0.558829889978427,
pair006,Bz,conf009,255.00000000000003,Re,0.37686894818857986,0.5745997060961383,
pair006,Bz,conf009,255.49999999999997,Re,0.3869134471208533,0.5903389711463294,
pair006,Bz,conf009,256.0,Re,0.3969275978552005,0.6060471243307617,
pair006,Bz,conf009,256.5,Re,0.4069110759363259,0.621723613019997,
pair006,Bz,conf009,257.0,Re,0.41686356042291606,0.6373678924942807,
pair006,Bz,conf009,257.5,Re,0.4267847338158661,0.6529794256955379,
pair006,Bz,conf009,258.0,Re,0.4366742819888596,0.6685576829899371,
pair006,Bz,conf009,258.5,Re,0.44653189412126415,0.6841021419405562,
pair006,Bz,conf009,258.99999999999994,Re,0.45635726263320797,0.699612287089636,
pair006,Bz,conf009,259.5,Re,0.46615008312280914,0.7150876097500125,
pair006,Bz,conf009,260.0,Re,0.4759100543054353,0.7305276078052507,
pair006,Bz,conf009,260.5,Re,0.48563687795496446,0.7459317855181291,
pair006,Bz,conf009,261.0,Re,0.49533025884694415,0.7612996533470506,
pair006,Bz,conf009,261.5,Re,0.5049899047036004,0.7766307277700297,
pair006,Bz,conf009,262.00000000000006,Re,0.5146155261406247,0.7919245311159193,
pair006,Bz,conf009,262.5,Re,0.5242068366156787,0.8071805914025225,
pair006,Bz,conf009,263.0,Re,0.5337635523785622,0.8223984421813186,
pair006,Bz,conf009,263.5,Re,0.5432853924229726,0.8375776223884535,
pair006,Bz,conf009,264.0,Re,0.5527720784398216,0.8527176762017679,
pair006,Bz,conf009,264.5,Re,0.5622233347720329,0.8678181529035511,
pair006,Bz,conf009,265.0,Re,0.5716388883707932,0.8828786067488001,
pair006,Bz,conf009,265.5,Re,0.5810184687531852,0.8978985968387108,
pair006,Bz,conf009,266.0,Re,0.5903618079611757,0.9128776869992101,
pair006,Bz,conf009,266.49999999999994,Re,0.5996686405218903,0.9143384586389869,
pair006,Bz,conf009,267.0,Re,0.6089387034091633,0.9042968529401907,
pair006,Bz,conf009,267.5,Re,0.6181717360062764,0.8942381339114018,
pair006,Bz,conf009,267.99999999999994,Re,0.627367480069889,0.884162872202239,
pair006,Bz,conf009,268.5,Re,0.6365256796951011,0.8740716453416983,
pair006,Bz,conf009,269.0,Re,0.6456460812815956,0.8639650378509229,
pair006,Bz,conf009,269.50000000000006,Re,0.6547284335008563,0.8538436413581023,
pair006,Bz,conf009,270.0,Re,0.663772487264404,0.8437080547155456,
pair006,Bz,conf009,270.5,Re,0.6727779956930273,0.8335588841189276,
pair006,Bz,conf009,271.0,Re,0.6817447140869548,0.8233967432287612,
pair006,Bz,conf009,271.5,Re,0.6906723998969804,0.8132222532940665,
pair006,Bz,conf009,272.0,Re,0.6861101593924717,0.8030360432782995,
pair006,Bz,conf009,272.5,Re,0.6769853088176399,0.7928387499875307,
pair006,Bz,conf009,273.0,Re,0.6678264134943326,0.7826310182008844,
pair006,Bz,conf009,273.5,Re,0.6586337517206988,0.7724135008032731,
pair006,Bz,conf009,274.0,Re,0.649407604561558,0.7621868589204028,
pair006,Bz,conf009,274.5,Re,0.6401482558957434,0.7519517620560909,
pair006,Bz,conf009,275.0,Re,0.6308559924649513,0.7417088882318696,
pair006,Bz,conf009,275.49999999999994,Re,0.6215311039241536,0.7314589241289069,
pair006,Bz,conf009,276.0,Re,0.6121738828936214,0.7212025652322034,
pair006,Bz,conf009,276.5,Re,0.6027846250126341,0.7109405159771145,
pair006,Bz,conf009,277.0,Re,0.5933636289949,0.7006734898981322,
pair006,Bz,conf009,277.50000000000006,Re,0.5839111966857831,0.6904022097799596,
pair006,Bz,conf009,278.0,Re,0.5744276331213707,0.6801274078108366,
pair006,Bz,conf009,278.50000000000006,Re,0.5649132465894608,0.6698498257381014,
pair006,Bz,conf009,279.0,Re,0.5553683486925391,0.6595702150259817,
pair006,Bz,conf009,279.5,Re,0.545793254412801,0.6492893370155459,
pair006,Bz,conf009,280.0,Re,0.5361882821793091,0.6390079630868291,
pair006,Bz,conf009,280.5,Re,0.5265537539373388,0.628726874823047,
pair006,Bz,conf009,281.0,Re,0.5168899952200217,0.6184468641768872,
pair006,Bz,conf009,281.5,Re,0.5071973352223293,0.6081687336388015,
pair006,Bz,conf009,281.99999999999994,Re,0.49747610687751886,0.5978932964072488,
pair006,Bz,conf009,282.5,Re,0.4877266469360986,0.5876213765608258,
pair006,Bz,conf009,283.0,Re,0.47794929604742387,0.5773538092322015,
pair006,Bz,conf009,283.5,Re,0.4681443988440084,0.5670914407837835,
pair006,Bz,conf009,284.0,Re,0.45831230402864587,0.5568351289850055,
pair006,Bz,conf009,284.5,Re,0.4484533644644586,0.5465857431911691,
pair006,Bz,conf009,285.00000000000006,Re,0.4385679372679625,0.5363441645236968,
pair006,Bz,conf009,285.5,Re,0.42865638390526506,0.5261112860516921,
pair006,Bz,conf009,286.0,Re,0.4187190702915109,0.5158880129746699,
pair006,Bz,conf009,286.5,Re,0.40875636689370287,0.505675262806333,
pair006,Bz,conf009,287.0,Re,0.3987686488369937,0.49547396555920353,
pair006,Bz,conf009,287.5,Re,0.3887562960146176,0.48528506392998616,
pair006,Bz,conf009,288.0,Re,0.3787196932015535,0.47510951348544217,
pair006,Bz,conf009,288.5,Re,0.3686592301720941,0.4649482828486169,
pair006,Bz,conf009,289.0,Re,0.3585753018214386,0.4548023538851813,
pair006,Bz,conf009,289.5,Re,0.3484683082914717,0.4446727218896782,
pair006,Bz,conf009,290.0,Re,0.3383386551008867,0.43456039577144057,
pair006,Bz,conf009,290.5,Re,0.3281867532798015,0.4244663982398984,
pair006,Bz,conf009,290.99999999999994,Re,0.3180130195090558,0.41439176598902905,
pair006,Bz,conf009,291.5,Re,0.30781787626433643,0.40433754988063275,
pair006,Bz,conf009,292.0,Re,0.2976017519653491,0.39430481512613746,
pair006,Bz,conf009,292.5,Re,0.28736508113018644,0.3842946414665869,
pair006,Bz,conf009,293.0,Re,0.2771083045351217,0.37430812335046615,
pair006,Bz,conf009,293.5,Re,0.2668318693800076,0.3643463701089791,
pair006,Bz,conf009,294.00000000000006,Re,0.25653622945951415,0.3544105061283902,
pair006,Bz,conf009,294.5,Re,0.2462218453404077,0.344501671018999,
pair006,Bz,conf009,295.0,Re,0.23588918454510654,0.334621019780293,
pair006,Bz,conf009,295.5,Re,0.22553872174176437,0.32476972296182827,
pair006,Bz,conf009,296.0,Re,0.2151709389411025,0.31494896681930684,
pair006,Bz,conf009,296.5,Re,0.20478632570027777,0.3051599534653582,
pair006,Bz,conf009,297.0,Re,0.19438537933402533,0.2954039010144318,
pair006,Bz,conf009,297.49999999999994,Re,0.18396860513338398,0.28568204372125794,
pair006,Bz,conf009,298.0,Re,0.1735365165922591,0.27599563211222367,
pair006,Bz,conf009,298.49999999999994,Re,0.16308963564215695,0.2663459331090514,
pair006,Bz,conf009,299.0,Re,0.15262849289536828,0.2567342301440827,
pair006,Bz,conf009,299.5,Re,0.1421536278969573,0.24716182326647584,
pair006,Bz,conf009,300.0,Re,0.13166558938586026,0.2376300292385638,
pair006,Bz,conf009,300.50000000000006,Re,0.12116493556546581,0.2281401816216142,
pair006,Bz,conf009,301.0,Re,0.11065223438402327,0.21869363085017213,
pair006,Bz,conf009,301.5,Re,0.10012806382525641,0.20929174429415176,
pair006,Bz,conf009,302.0,Re,0.08959301220958404,0.19993590630781277,
pair006,Bz,conf009,302.5,Re,0.07904767850632255,0.19062751826468927,
pair006,Bz,conf009,303.0,Re,0.06849267265731651,0.1813679985775578,
pair006,Bz,conf009,303.5,Re,0.05792861591240861,0.17215878270244356,
pair006,Bz,conf009,303.99999999999994,Re,0.04735614117721054,0.16300132312567595,
pair006,Bz,conf009,304.5,Re,0.036775893373620194,0.153897089332931,
pair006,Bz,conf009,305.0,Re,0.02618852981359021,0.14484756775920227,
pair006,Bz,conf009,305.5,Re,0.015594720586612265,0.1358542617185794,
pair006,Bz,conf009,306.0,Re,0.004995148961450813,0.1269186913127045,
pair006,Bz,conf009,306.49999999999994,Re,-0.0056094881973496324,0.11804239331674093,
pair006,Bz,conf009,307.0,Re,-0.016218479997653912,0.10922692104164211,
pair006,Bz,conf009,307.5,Re,-0.02683110107203346,0.10047384417153227,
pair006,Bz,conf009,308.0,Re,-0.03744661111362291,0.09178474857491747,
pair006,Bz,conf009,308.5,Re,-0.04806425439491502,0.08316123608849324,
pair006,Bz,conf009,309.0,Re,-0.0586832592689035,0.07460492427224086,
pair006,Bz,conf009,309.50000000000006,Re,-0.06930283765192091,0.06611744613453552,
pair006,Bz,conf009,310.0,Re,-0.07992218448754729,0.05770044982594191,
pair006,Bz,conf009,310.5,Re,-0.09054047719092884,0.04935559830037661,
pair006,Bz,conf009,311.0,Re,-0.10115687507280358,0.04108456894233803,
pair006,Bz,conf009,311.5,Re,-0.11177051874258459,0.03288905315885926,
pair006,Bz,conf009,312.0,Re,-0.12238052948975908,0.024770755934895083,
pair006,Bz,conf009,312.5,Re,-0.13298600864291865,0.01673139535081858,
pair006,Bz,conf009,312.99999999999994,Re,-0.14358603690566563,0.008772702060782844,
pair006,Bz,conf009,313.5,Re,-0.15417967366868757,0.0008964187306486071,
pair006,Bz,conf009,313.99999999999994,Re,-0.16476595629723034,-0.006895700565699547,
pair006,Bz,conf009,314.5,Re,-0.1753438993932448,-0.014601890992869127,
pair006,Bz,conf009,315.0,Re,-0.18591249403143806,-0.02222037764441387,
pair006,Bz,conf009,315.5,Re,-0.1964707069684919,-0.029749376278320305,
pair006,Bz,conf009,316.0,Re,-0.20701747982469731,-0.03718709409853371,
pair006,Bz,conf009,316.5,Re,-0.2175517282372741,-0.04453173058346516,
pair006,Bz,conf009,317.0,Re,-0.2280723409846359,-0.05178147836232139,
pair006,Bz,conf009,317.5,Re,-0.2385781790809136,-0.05893452414003475,
pair006,Bz,conf009,318.0,Re,-0.24906807484005,-0.06598904967143926,
pair006,Bz,conf009,318.5,Re,-0.2595408309087919,-0.07294323278522152,
pair006,Bz,conf009,319.0,Re,-0.26999521926800596,-0.07979524845808594,
pair006,Bz,conf009,319.5,Re,-0.2804299802017065,-0.08654326993938088,
pair006,Bz,conf009,320.0,Re,-0.2908438212333204,-0.0931927116564446,
pair006,Bz,conf009,320.5,Re,-0.3012354160287132,-0.09975166379731015,
pair006,Bz,conf009,321.0,Re,-0.3116034032656245,-0.106217523641299,
pair006,Bz,conf009,321.5,Re,-0.3219463854692326,-0.11258760348160424,
pair006,Bz,conf009,321.99999999999994,Re,-0.3322629278136555,-0.11885921753011086,
pair006,Bz,conf009,322.5,Re,-0.3425515568893689,-0.12502968404732773,
pair006,Bz,conf009,323.0,Re,-0.3528107594365819,-0.13109632755780298,
pair006,Bz,conf009,323.50000000000006,Re,-0.3630389810448449,-0.1370564811500199,
pair006,Bz,conf009,324.0,Re,-0.3732346248192935,-0.14290748885936533,
pair006,Bz,conf009,324.5,Re,-0.3833960500141482,-0.14864670813233438,
pair006,Bz,conf009,325.0,Re,-0.39352157063430626,-0.15427151236969894,
pair006,Bz,conf009,325.5,Re,-0.40360945400615056,-0.15977929354591724,
pair006,Bz,conf009,326.0,Re,-0.41365791931892204,-0.16516746490154888,
pair006,Bz,conf009,326.50000000000006,Re,-0.42366513613839407,-0.170433463705006,
pair006,Bz,conf009,327.0,Re,-0.4336292228948546,-0.1755747540793937,
pair006,Bz,conf009,327.5,Re,-0.44354824534788895,-0.18058882988976177,
pair006,Bz,conf009,327.99999999999994,Re,-0.45342021503078533,-0.18547321768549052,
pair006,Bz,conf009,328.5,Re,-0.46324308767794475,-0.19022547969208037,
pair006,Bz,conf009,329.0,Re,-0.47301476163913914,-0.1948432168460421,
pair006,Bz,conf009,329.49999999999994,Re,-0.4827330762850903,-0.19932407186612333,
pair006,Bz,conf009,330.0,Re,-0.4923958104094004,-0.20366573235355045,
pair006,Bz,conf009,330.5,Re,-0.5020006806326058,-0.20786593391352004,
pair006,Bz,conf009,331.0,Re,-0.5115453398148411,-0.21192246328968722,
pair006,Bz,conf009,331.5,Re,-0.521027375484397,-0.2158331615029565,
pair006,Bz,conf009,332.0,Re,-0.5304443082903452,-0.21959592698547548,
pair006,Bz,conf009,332.50000000000006,Re,-0.5397935904882942,-0.22320871870034353,
pair006,Bz,conf009,333.0,Re,-0.5490726044693934,-0.22666955923722676,
pair006,Bz,conf009,333.49999999999994,Re,-0.558278661343725,-0.22997653787376415,
pair006,Bz,conf009,334.00000000000006,Re,-0.5674089995903648,-0.23312781359240997,
pair006,Bz,conf009,334.5,Re,-0.5764607837876061,-0.23612161804218723,
pair006,Bz,conf009,335.0,Re,-0.5854311034381063,-0.23895625843467716,
pair006,Bz,conf009,335.49999999999994,Re,-0.5943169719049931,-0.24796198112235146,
pair006,Bz,conf009,336.0,Re,-0.6031153254763992,-0.26341752518091965,
pair006,Bz,conf009,336.5,Re,-0.6118230225772717,-0.27883012995571765,
pair006,Bz,conf009,336.99999999999994,Re,-0.6204368431487809,-0.2942189941693254,
pair006,Bz,conf009,337.5,Re,-0.628953488217105,-0.3096395947260948,
pair006,Bz,conf009,338.0,Re,-0.6373695796748619,-0.3250915938976626,
pair006,Bz,conf009,338.5,Re,-0.6456816602999492,-0.34057130523379553,
pair006,Bz,conf009,339.0,Re,-0.653886194037928,-0.356074919451824,
pair006,Bz,conf009,339.5,Re,-0.6619795665755309,-0.37159849800830247,
pair006,Bz,conf009,340.0,Re,-0.6699580862340935,-0.38713796628028163,
pair006,Bz,conf009,340.5,Re,-0.6778179852128962,-0.4026891063348417,
pair006,Bz,conf009,340.99999999999994,Re,-0.6855554212133786,-0.4182475492649629,
pair006,Bz,conf009,341.50000000000006,Re,-0.6931664794759603,-0.4338087670694728,
pair006,Bz,conf009,342.0,Re,-0.7006471752617216,-0.44936806405463714,
pair006,Bz,conf009,342.49999999999994,Re,-0.7079934568114303,-0.46492056773508494,
pair006,Bz,conf009,343.00000000000006,Re,-0.715201208814194,-0.48140038939961505,
pair006,Bz,conf009,343.5,Re,-0.7222662564174895,-0.509625950318267,
pair006,Bz,conf009,344.0,Re,-0.7291843698092404,-0.5379237965560069,
pair006,Bz,conf009,344.49999999999994,Re,-0.7359512694009697,-0.5662909179995277,
pair006,Bz,conf009,345.0,Re,-0.7425626316389047,-0.5947241949148163,
pair006,Bz,conf009,345.5,Re,-0.7490140954669517,-0.6232203841498687,
pair006,Bz,conf009,346.0,Re,-0.7553012694619444,-0.65177610301522,
pair006,Bz,conf009,346.5,Re,-0.7614197396571056,-0.6803878103814096,
pair006,Bz,conf009,347.0,Re,-0.7673650780645734,-0.7090517844259693,
pair006,Bz,conf009,347.5,Re,-0.7731328519017923,-0.7377640963270684,
pair006,Bz,conf009,348.0,Re,-0.7787186335197558,-0.7665205790287966,
pair006,Bz,conf009,348.50000000000006,Re,-0.7953167899820515,-0.7953167899820515,
pair006,Bz,conf009,349.0,Re,-0.8241479664798665,-0.8241479664798665,
pair006,Bz,conf009,349.5,Re,-0.8530089718356566,-0.8530089718356566,
pair006,Bz,conf009,349.99999999999994,Re,-0.8818942301676876,-0.8818942301676876,
pair006,Bz,conf009,350.50000000000006,Re,-0.9107976469137491,-0.9107976469137491,
pair006,Bz,conf009,351.0,Re,-0.939712511349709,-0.939712511349709,
pair006,Bz,conf009,351.49999999999994,Re,-0.9686313762462924,-0.9686313762462924,
pair006,Bz,conf009,352.0,Re,-0.9975459082575535,-0.9975459082575535,
pair006,Bz,conf009,352.5,Re,-1.0264467005326345,-1.0264467005326345,
pair006,Bz,conf009,353.0,Re,-1.0553230361470165,-1.0553230361470165,
pair006,Bz,conf009,353.5,Re,-1.084162586922184,-1.084162586922184,
pair006,Bz,conf009,354.0,Re,-1.1129510265434706,-1.1129510265434706,
pair006,Bz,conf009,354.5,Re,-1.1416715288504151,-1.1416715288504151,
pair006,Bz,conf009,355.0,Re,-1.1703041106427938,-1.1703041106427938,
pair006,Bz,conf009,355.5,Re,-1.1988247616233463,-1.1988247616233463,
pair006,Bz,conf009,356.00000000000006,Re,-1.227204279601175,-1.227204279601175,
pair006,Bz,conf009,356.5,Re,-1.2554066928595637,-1.2554066928595637,
pair006,Bz,conf009,357.0,Re,-1.283387097637864,-1.283387097637864,
pair006,Bz,conf009,357.50000000000006,Re,-1.3110886579631866,-1.3110886579631866,
pair006,Bz,conf009,358.0,Re,-1.3384383945126377,-1.3384383945126377,
pair006,Bz,conf009,358.5,Re,-1.3653412113211076,-1.3653412113211076,
pair006,Bz,conf009,358.99999999999994,Si,-1.3916713553186324,-1.3916713553186324,
pair006,Bz,conf009,359.50000000000006,Si,-1.4172601693194447,-1.4172601693194447,
pair006,SB,conf003,0.0,Si,-1.4468107095735108,-1.4468107095735108,5.686668364957283
pair006,SB,conf003,0.5,Si,-1.4691306449479598,-1.4691306449479598,5.685731387985662
pair006,SB,conf003,1.0,Si,-1.4894883525638714,-1.4894883525638714,5.684691216102554
pair006,SB,conf003,1.5,Si,-1.5072543437167023,-1.5072543437167023,5.683547887165952
pair006,SB,conf003,2.0,Si,-1.5216466287067894,-1.5216466287067894,5.682301442799485
pair006,SB,conf003,2.5,Si,-1.5317923818109924,-1.5317923818109924,5.68095192839405
pair006,SB,conf003,3.0,Si,-1.5368941023831235,-1.5368941023831235,5.679499393109639
pair006,SB,conf003,3.5,Si,-1.5364775096285144,-1.5364775096285144,5.67794388987727
pair006,SB,conf003,4.0,Si,-1.5305834226167097,-1.5305834226167097,5.6762854754011
pair006,SB,conf003,4.5,Si,-1.5197499396898635,-1.5197499396898635,5.674524210160683
pair006,SB,conf003,5.0,Si,-1.5048005208543997,-1.5048005208543997,5.672660158413375
pair006,SB,conf003,5.5,Si,-1.4866022078919312,-1.4866022078919312,5.6706933881969
pair006,SB,conf003,6.0,Si,-1.4890337046659707,-1.4890337046659707,5.668623971332067
pair006,SB,conf003,6.5,Si,-1.4463925515307563,-1.4463925515307563,5.66645198342564
pair006,SB,conf003,7.0,Si,-1.4193577015543724,-1.4193577015543724,5.664177503873367
pair006,SB,conf003,7.499999999999999,Si,-1.394285518266765,-1.394285518266765,5.661800615863159
pair006,SB,conf003,8.0,Si,-1.3683832370328268,-1.3683832370328268,5.659321406378442
pair006,SB,conf003,8.5,Si,-1.3418375424325502,-1.3418375424325502,5.656739966201643
pair006,SB,conf003,9.0,Si,-1.3147882684483294,-1.3147882684483294,5.65405638991785
pair006,SB,conf003,9.499999999999998,Si,-1.287341442742077,-1.287341442742077,5.6512707759186345
pair006,SB,conf003,10.0,Si,-1.2595785405736848,-1.2595785405736848,5.648383226406029
pair006,SB,conf003,10.5,Si,-1.2315630336918244,-1.2315630336918244,5.645393847396653
pair006,SB,conf003,11.0,Si,-1.2033450453261874,-1.2033450453261874,5.642302748726035
pair006,SB,conf003,11.499999999999998,Si,-1.174964685819714,-1.174964685819714,5.639110044053064
pair006,SB,conf003,12.0,Si,-1.1464544668081604,-1.1464544668081604,5.635815850864617
pair006,SB,conf003,12.5,Si,-1.1178410675357224,-1.1178410675357224,5.63242029048037
pair006,SB,conf003,13.0,Si,-1.0891466415845477,-1.0891466415845477,5.628923488057746
pair006,SB,conf003,13.5,Si,-1.0603897942878657,-1.0603897942878657,5.625325572597056
pair006,SB,conf003,14.0,Si,-1.0315863216760617,-1.0315863216760617,5.621626676946796
pair006,SB,conf003,14.500000000000002,Si,-1.0027497749027185,-1.0027497749027185,5.617826937809122
pair006,SB,conf003,14.999999999999998,Si,-0.9842907087388124,-0.9842907087388124,5.613926495745487
pair006,SB,conf003,15.5,Si,-0.976565444015315,-0.976565444015315,5.609925495182468
pair006,SB,conf003,16.0,Si,-0.9683629354545186,-0.9683629354545186,5.605824084417748
pair006,SB,conf003,16.5,Si,-0.9597014897350769,-0.9597014897350769,5.601622415626297
pair006,SB,conf003,17.0,Si,-0.9505995977996746,-0.9505995977996746,5.597320644866713
pair006,SB,conf003,17.5,Si,-0.9410758140221781,-0.9410758140221781,5.592918932087743
pair006,SB,conf003,18.0,Si,-0.9311486475953497,-0.9311486475953497,5.5884174411349985
pair006,SB,conf003,18.5,Si,-0.9208364664138878,-0.9208364664138878,5.583816339757844
pair006,SB,conf003,18.999999999999996,Si,-0.9101574133808119,-0.9101574133808119,5.579115799616467
pair006,SB,conf003,19.5,Si,-0.8991293347821055,-0.8991293347821055,5.574315996289144
pair006,SB,conf003,20.0,Si,-0.8877697201540572,-0.8877697201540572,5.569417109279687
pair006,SB,conf003,20.499999999999996,Si,-0.8760956529059473,-0.8760956529059473,5.564419322025072
pair006,SB,conf003,21.0,Si,-0.864123770851647,-0.864123770851647,5.559322821903283
pair006,SB,conf003,21.5,Si,-0.851870235740172,-0.851870235740172,5.554127800241323
pair006,SB,conf003,22.0,Si,-0.8393507108497429,-0.8393507108497429,5.548834452323433
pair006,SB,conf003,22.5,Si,-0.8265803457149433,-0.8265803457149433,5.543442977399508
pair006,SB,conf003,22.999999999999996,Si,-0.8135737670851393,-0.8135737670851393,5.537953578693704
pair006,SB,conf003,23.5,Si,-0.8003450752582093,-0.8003450752582093,5.532366463413263
pair006,SB,conf003,24.0,Si,-0.7869078449913345,-0.7869078449913345,5.526681842757517
pair006,SB,conf003,24.5,Si,-0.7732751302556504,-0.7732751302556504,5.520899931927115
pair006,SB,conf003,25.0,Si,-0.7594594721702259,-0.7594594721702259,5.515020950133451
pair006,SB,conf003,25.499999999999996,Si,-0.7454729095202873,-0.7454729095202873,5.509045120608306
pair006,SB,conf003,26.0,Si,-0.7313269913326168,-0.7313269913326168,5.502972670613692
pair006,SB,conf003,26.5,Si,-0.7170327910461158,-0.7170327910461158,5.496803831451915
pair006,SB,conf003,27.0,Si,-0.7026009218764996,-0.7026009218764996,5.490538838475862
pair006,SB,conf003,27.5,Si,-0.6880415530303954,-0.6880415530303954,5.484177931099495
pair006,SB,conf003,28.0,Si,-0.6733644264753549,-0.6733644264753549,5.477721352808562
pair006,SB,conf003,28.5,Si,-0.6585788740184009,-0.6585788740184009,5.471169351171552
pair006,SB,conf003,29.000000000000004,Si,-0.6436938344867915,-0.6436938344867915,5.464522177850858
pair006,SB,conf003,29.499999999999996,Si,-0.6287178708409025,-0.6287178708409025,5.457780088614166
pair006,SB,conf003,29.999999999999996,Si,-0.6136591870808128,-0.6136591870808128,5.450943343346092
pair006,SB,conf003,30.5,Si,-0.5985256448356655,-0.5985256448356655,5.444012206060037
pair006,SB,conf003,31.0,Si,-0.5833247795485534,-0.5833247795485534,5.436986944910281
pair006,SB,conf003,31.5,Si,-0.568063816189905,-0.568063816189905,5.429867832204316
pair006,SB,conf003,32.0,Si,-0.5527496844495243,-0.5527496844495243,5.422655144415426
pair006,SB,conf003,32.5,Si,-0.5373890333718907,-0.5373890333718907,5.415349162195509
pair006,SB,conf003,33.0,Si,-0.5219882454113962,-0.5219882454113962,5.40795017038813
pair006,SB,conf003,33.49999999999999,Si,-0.5065534498942297,-0.5065534498942297,5.400458458041848
pair006,SB,conf003,34.0,Si,-0.4910905358818105,-0.4910905358818105,5.392874318423777
pair006,SB,conf003,34.5,Si,-0.47560516443736556,-0.47560516443736556,5.385198049033415
pair006,SB,conf003,35.0,Si,-0.46010278030258633,-0.46010278030258633,5.377429951616712
pair006,SB,conf003,35.5,Si,-0.44458862299555624,-0.44458862299555624,5.369570332180432
pair006,SB,conf003,36.0,Si,-0.42906773734440895,-0.42906773734440895,5.361619501006736
pair006,SB,conf003,36.5,Si,-0.41354498347367463,-0.41354498347367463,5.353577772668068
pair006,SB,conf003,37.0,Si,-0.3980250462621029,-0.3980250462621029,5.345445466042298
pair006,SB,conf003,37.5,Si,-0.3825124442920078,-0.3825124442920078,5.337222904328131
pair006,SB,conf003,37.99999999999999,Si,-0.36701153831101396,-0.36701153831101396,5.3289104150608
pair006,SB,conf003,38.5,Si,-0.3515265392275051,-0.3515265392275051,5.320508330128044
pair006,SB,conf003,39.0,Si,-0.3360615156612372,-0.3360615156612372,5.312016985786347
pair006,SB,conf003,39.5,Si,-0.32062040107045875,-0.32062040107045875,5.303436722677496
pair006,SB,conf003,40.0,Si,-0.30520700047659166,-0.30520700047659166,5.294767885845394
pair006,SB,conf003,40.5,Si,-0.28982499680708695,-0.28982499680708695,5.286010824753186
pair006,SB,conf003,40.99999999999999,Si,-0.27446347967377105,-0.27446347967377105,5.277165893300674
pair006,SB,conf003,41.5,Si,-0.25973736833473704,-0.2590635450636858,5.26823344984204
pair006,SB,conf003,42.0,Si,-0.24925618579806952,-0.24362073469287227,5.259213857203838
pair006,SB,conf003,42.5,Si,-0.23875792975737098,-0.22813755560837867,5.250107482703349
pair006,SB,conf003,43.0,Si,-0.22824379698726838,-0.2126164291465793,5.240914698167188
pair006,SB,conf003,43.5,Si,-0.2177149545800925,-0.19705969462907347,5.231635879950257
pair006,SB,conf003,44.0,Si,-0.20717254091509285,-0.1814696128992057,5.222271408955001
pair006,SB,conf003,44.50000000000001,Si,-0.19661766659639301,-0.16584836970443106,5.212821670650991
pair006,SB,conf003,45.0,Si,-0.1860514153603532,-0.15019807892985493,5.203287055094815
pair006,SB,conf003,45.5,Si,-0.17547484495303345,-0.13452078568832948,5.193667956950318
pair006,SB,conf003,45.99999999999999,Si,-0.16488898797847407,-0.11881846927250783,5.18396477550915
pair006,SB,conf003,46.49999999999999,Si,-0.1542948527185244,-0.10309304597421032,5.1741779147116524
pair006,SB,conf003,47.0,Si,-0.14369342392497075,-0.08734637177642735,5.164307783168098
pair006,SB,conf003,47.5,Si,-0.1330856635847113,-0.07158024492316706,5.154354794180247
pair006,SB,conf003,48.0,Si,-0.12247251165874129,-0.055796408372278394,5.144319365763254
pair006,SB,conf003,48.5,Si,-0.11185488679569944,-0.03999655213624598,5.134201920667936
pair006,SB,conf003,49.0,Si,-0.10123368702074131,-0.024182315515821617,5.124002886403378
pair006,SB,conf003,49.50000000000001,Si,-0.09060979040047479,-0.008355289231215757,5.11372269525989
pair006,SB,conf003,50.0,Si,-0.07998405568471201,0.007482982544579464,5.103361784332332
pair006,SB,conf003,50.5,Si,-0.06935732292576358,0.023331000245917943,5.092920595543797
pair006,SB,conf003,50.99999999999999,Si,-0.05873041407599944,0.03918730706381668,5.082399575669653
pair006,SB,conf003,51.49999999999999,Si,-0.0481041335643817,0.055050487180365204,5.071799176361965
pair006,SB,conf003,52.0,Si,-0.037479268852666836,0.07091916408428611,5.061119854174285
pair006,SB,conf003,52.50000000000001,Si,-0.026856590971959138,0.08679199896386303,5.050362070586797
pair006,SB,conf003,53.0,Si,-0.016236855040270726,0.10266768917361135,5.039526292031882
pair006,SB,conf003,53.5,Si,-0.005620800761753975,0.11854496677122106,5.028612989920026
pair006,SB,conf003,54.0,Si,0.004990847091781658,0.13442259712144078,5.017622640666142
pair006,SB,conf003,54.49999999999999,Si,0.015597378216434254,0.150299377563742,5.006555725716254
pair006,SB,conf003,55.0,Si,0.026198096328272413,0.1661741361407194,4.995412731574611
pair006,SB,conf003,55.5,Si,0.03679231873130373,0.18204573038433258,4.984194149831149
pair006,SB,conf003,56.0,Si,0.047379375900789444,0.19791304615723404,4.972900477189398
pair006,SB,conf003,56.5,Si,0.05795861108135947,0.21377499654654164,4.961532215494765
pair006,SB,conf003,57.0,Si,0.06852937989939445,0.22963052080755686,4.950089871763224
pair006,SB,conf003,57.5,Si,0.07909104998916372,0.2454785833550268,4.938573958210423
pair006,SB,conf003,58.00000000000001,Si,0.0896430006322162,0.26131817279968184,4.926984992281202
pair006,SB,conf003,58.5,Si,0.10018462240955595,0.277148301027883,4.915323496679518
pair006,SB,conf003,58.99999999999999,Si,0.11071531686612612,0.29296800232231335,4.9035899993987915
pair006,SB,conf003,59.5,Si,0.1212344961871541,0.3087763325217543,4.891785033752679
pair006,SB,conf003,59.99999999999999,Si,0.1317415828859354,0.32457236821808233,4.87990913840626
pair006,SB,conf003,60.5,Si,0.1422360095026194,0.34035520598871183,4.867962857407658
pair006,SB,conf003,61.0,Si,0.1527172183136114,0.3561239616627956,4.855946740220077
pair006,SB,conf003,61.50000000000001,Si,0.163184661051192,0.3718777696195852,4.84386134175428
pair006,SB,conf003,62.0,Si,0.17363779863297424,0.3876157821174149,4.831707222401505
pair006,SB,conf003,62.49999999999999,Si,0.18407610090085247,0.4033371686518794,4.819484948066799
pair006,SB,conf003,63.0,Si,0.19449904636907278,0.4190411153418083,4.807195090202807
pair006,SB,conf003,63.50000000000001,Si,0.20490612198110947,0.43472682434173904,4.794838225843982
pair006,SB,conf003,64.0,Si,0.21529682287500695,0.45039351327964705,4.782414937641265
pair006,SB,conf003,64.5,Si,0.22567065215688786,0.4660404147187427,4.769925813897169
pair006,SB,conf003,65.0,Si,0.236027120682319,0.48166677564221483,4.757371448601338
pair006,SB,conf003,65.50000000000001,Si,0.24636574684524737,0.49727185695985665,4.744752441466545
pair006,SB,conf003,66.0,Si,0.25668605637423214,0.5128549330355507,4.732069397965132
pair006,SB,conf003,66.5,Si,0.26698758213570284,0.5284152912346609,4.719322929365884
pair006,SB,conf003,66.99999999999999,Si,0.27726986394397857,0.5439522314903951,4.706513652771392
pair006,SB,conf003,67.5,Si,0.28753244837781633,0.5594650658882914,4.693642191155817
pair006,SB,conf003,68.0,Si,0.29777488860322965,0.5749531182679688,4.680709173403139
pair006,SB,conf003,68.5,Si,0.30799674420236567,0.5904157238413876,4.667715234345838
pair006,SB,conf003,69.0,Si,0.31819758100820894,0.6058522288268395,4.6546610148040255
pair006,SB,conf003,69.5,Si,0.32837697094490403,0.6212619900979786,4.641547161625036
pair006,SB,conf003,70.0,Si,0.33853449187348805,0.636644374847193,4.628374327723451
pair006,SB,conf003,70.49999999999999,Si,0.3486697274428432,0.6519987602626951,4.615143172121575
pair006,SB,conf003,71.0,Si,0.3587822669456746,0.6673245332186986,4.601854359990371
pair006,SB,conf003,71.5,Si,0.36887170517933154,0.6826210899781062,4.588508562690825
pair006,SB,conf003,72.0,Si,0.3789376423112991,0.6978878359071523,4.575106457815744
pair006,SB,conf003,72.5,Si,0.3889796837491948,0.7131241852014736,4.561648729232033
pair006,SB,conf003,73.0,Si,0.39899744001509796,0.7283295606230953,4.548136067123355
pair006,SB,conf003,73.50000000000001,Si,0.4089905266240683,0.7435033932478661,4.534569168033277
pair006,SB,conf003,74.0,Si,0.4189585639666935,0.7586451222228738,4.52094873490881
pair006,SB,conf003,74.5,Si,0.42890117719553134,0.7737541945334201,4.5072754771444
pair006,SB,conf003,75.0,Si,0.43881799611529737,0.7888300647791258,4.493550110626325
pair006,SB,conf003,75.5,Si,0.44870865507667146,0.8038721949587806,4.479773357777516
pair006,SB,conf003,75.99999999999999,Si,0.45857279287359476,0.8000575863295147,4.465945947602805
pair006,SB,conf003,76.5,Si,0.4684100526439303,0.7892752284249196,4.452068615734557
pair006,SB,conf003,77.0,Si,0.4782200817733695,0.7784775086093487,4.438142104478716
pair006,SB,conf003,77.5,Si,0.48800253180246966,0.767665052916515,4.4241671628612504
pair006,SB,conf003,78.0,Si,0.4977570583367188,0.7568384956411289,4.4101445466749745
pair006,SB,conf003,78.49999999999999,Si,0.5074833209595109,0.7459984794954664,4.396075018526755
pair006,SB,conf003,79.0,Si,0.517180983147935,0.7351456557693605,4.38195934788509
pair006,SB,conf003,79.5,Si,0.5268497121912847,0.7242806844936756,4.36779831112805
pair006,SB,conf003,80.0,Si,0.5364891791121857,0.7134042346073068,4.353592691591567
pair006,SB,conf003,80.49999999999999,Si,0.5460990585902576,0.702516984127761,4.33934327961807
pair006,SB,conf003,81.0,Si,0.5556790288882139,0.6916196203253662,4.3250508726054555
pair006,SB,conf003,81.5,Si,0.5652287717803215,0.6807128399011508,4.310716275056359
pair006,SB,conf003,81.99999999999999,Si,0.5747479724831479,0.6697973491684504,4.2963402986277615
pair006,SB,conf003,82.5,Si,0.584236319588493,0.6588738642382632,4.28192376218086
pair006,SB,conf003,83.0,Si,0.5936935049984571,0.6479431112084211,4.267467491831246
pair006,SB,conf003,83.50000000000001,Si,0.6031192238625571,0.637005826356585,4.2529723209993175
pair006,SB,conf003,84.0,Si,0.6125131745168229,0.6260627563371279,4.23843909046097
pair006,SB,conf003,84.5,Si,0.6151146583819085,0.6151146583819085,4.2238686483984935
pair006,SB,conf003,85.0,Si,0.6041623005049808,0.6041623005049808,4.209261850451696
pair006,SB,conf003,85.5,Si,0.59320646171126,0.59320646171126,4.194619559769226
pair006,SB,conf003,86.0,Si,0.5822479322091556,0.5822479322091556,4.179942647060061
pair006,SB,conf003,86.5,Si,0.5712875136271907,0.5712875136271907,4.165231990645147
pair006,SB,conf003,87.0,Si,0.5603260192346162,0.5603260192346162,4.150488476509192
pair006,SB,conf003,87.49999999999999,Si,0.5493642741660183,0.5493642741660183,4.135712998352542
pair006,SB,conf003,88.0,Si,0.5384031156499145,0.5384031156499145,4.12090645764316
pair006,SB,conf003,88.5,Si,0.5274433932413343,0.5274433932413343,4.106069763668671
pair006,SB,conf003,89.00000000000001,Si,0.5164859690583523,0.5164859690583523,4.091203833588411
pair006,SB,conf003,89.5,Si,0.5055317180225616,0.5055317180225616,4.076309592485519
pair006,SB,conf003,90.0,Si,0.49458152810343203,0.49458152810343203,4.061387973418977
pair006,SB,conf003,90.5,Si,0.4836363005665312,0.4836363005665312,4.0464399174756185
pair006,SB,conf003,91.0,Si,0.47269695022552694,0.47269695022552694,4.0314663738220275
pair006,SB,conf003,91.5,Si,0.4617644056979271,0.4617644056979271,4.016468299756342
pair006,SB,conf003,91.99999999999999,Si,0.45083960966445535,0.45083960966445535,4.001446660759889
pair006,SB,conf003,92.5,Si,0.43992351913198724,0.43992351913198724,3.9864024305486265
pair006,SB,conf003,92.99999999999999,Si,0.4290171056999339,0.4290171056999339,3.971336591124374
pair006,SB,conf003,93.50000000000001,Si,0.41812135582994725,0.41812135582994725,3.956250132825754
pair006,SB,conf003,94.0,Si,0.40723727111882435,0.40723727111882435,3.9411440543788445
pair006,SB,conf003,94.5,Si,0.39636586857443556,0.39636586857443556,3.926019362947454
pair006,SB,conf003,95.0,Si,0.3855081808945273,0.3855081808945273,3.910877074183029
pair006,SB,conf003,95.5,Si,0.37466525674819295,0.37466525674819295,3.89571821227409
pair006,SB,conf003,96.0,Si,0.36383816105980427,0.36383816105980427,3.8805438099951926
pair006,SB,conf003,96.5,Si,0.35302797529517194,0.35302797529517194,3.8653549087553336
pair006,SB,conf003,97.0,Si,0.34223579774967905,0.34223579774967905,3.8501525586457777
pair006,SB,conf003,97.49999999999999,Si,0.33146274383809904,0.33146274383809904,3.83493781848721
pair006,SB,conf003,98.0,Si,0.3207099463858001,0.3207099463858001,3.8197117558762064
pair006,SB,conf003,98.49999999999999,Si,0.309978555920998,0.309978555920998,3.8044560127647817
pair006,SB,conf003,99.00000000000001,Si,0.2992697409676839,0.2992697409676839,3.78892331353649
pair006,SB,conf003,99.5,Si,0.28858468833885165,0.28858468833885165,3.7730386735470387
pair006,SB,conf003,100.0,Si,0.27792460342957037,0.27792460342957037,3.7568026089569124
pair006,SB,conf003,100.50000000000001,Si,0.2672907105094684,0.2672907105094684,3.7402156755311764
pair006,SB,conf003,101.0,Si,0.25668425301410536,0.25668425301410536,3.723278468574543
pair006,SB,conf003,101.5,Si,0.2461064938347124,0.2461064938347124,3.705991622870837
pair006,SB,conf003,101.99999999999999,Si,0.23555871560571284,0.23555871560571284,3.6883558126269818
pair006,SB,conf003,102.5,Si,0.22504222098941207,0.22504222098941207,3.6703717514216945
pair006,SB,conf003,102.99999999999999,Si,0.21455833295719295,0.21455833295719295,3.6520401921590833
pair006,SB,conf003,103.49999999999999,Si,0.20410839506650058,0.20410839506650058,3.633361927027321
pair006,SB,conf003,104.0,Si,0.19369377173286728,0.19369377173286728,3.6143377874626172
pair006,SB,conf003,104.5,Si,0.18331584849617233,0.18331584849617233,3.5949686441187265
pair006,SB,conf003,105.00000000000001,Si,0.17297603228026803,0.17297603228026803,3.5752554068422007
pair006,SB,conf003,105.5,Si,0.16267575164506587,0.16267575164506587,3.555199024653666
pair006,SB,conf003,106.0,Si,0.1524164570301103,0.1524164570301103,3.5348004857353863
pair006,SB,conf003,106.5,Si,0.1421996209886156,0.1421996209886156,3.514060817425402
pair006,SB,conf003,107.0,Si,0.13202673841087176,0.13202673841087176,3.492981086218547
pair006,SB,conf003,107.49999999999999,Si,0.12189932673587256,0.12189932673587256,3.4715623977746772
pair006,SB,conf003,108.0,Si,0.11181892614995026,0.11181892614995026,3.4498058969344503
pair006,SB,conf003,108.5,Si,0.10178709977114297,0.10178709977114297,3.4277127677430355
pair006,SB,conf003,108.99999999999999,Si,0.09180543381793038,0.09180543381793038,3.4052842334821256
pair006,SB,conf003,109.50000000000001,Si,0.08187553776094747,0.08187553776094747,3.3825215567106954
pair006,SB,conf003,110.0,Si,0.07199904445617,0.07199904445617,3.3594260393149207
pair006,SB,conf003,110.50000000000001,Si,0.06217761025802271,0.06217761025802271,3.3359990225677474
pair006,SB,conf003,111.0,Si,0.05241291511078816,0.05241291511078816,3.3122418871985952
pair006,SB,conf003,111.5,Si,0.04270666261660594,0.04270666261660594,3.2881560534737377
pair006,SB,conf003,112.0,Si,0.03306058007830548,0.03306058007830548,3.263742981287917
pair006,SB,conf003,112.5,Si,0.023476418515212538,0.023476418515212538,3.2390041702677883
pair006,SB,conf003,113.0,Si,0.013955952650030579,0.013955952650030579,3.2139411598878325
pair006,SB,conf003,113.49999999999999,Si,0.004500980864801329,0.004500980864801329,3.1885555295994092
pair006,SB,conf003,114.0,Si,-0.004886674876096286,-0.004886674876096286,3.1628488989736803
pair006,SB,conf003,114.49999999999999,Si,-0.014205169138040041,-0.014205169138040041,3.136822927859144
pair006,SB,conf003,115.0,Si,-0.023452633165522485,-0.023452633165522485,3.110479316554612
pair006,SB,conf003,115.50000000000001,Si,-0.032627175071020975,-0.032627175071020975,3.083819805998479
pair006,SB,conf003,116.00000000000001,Si,-0.04172688006567271,-0.04172688006567271,3.0568461779752165
pair006,SB,conf003,116.5,Si,-0.05074981073411178,-0.05074981073411178,3.0295602553400323
pair006,SB,conf003,117.0,Si,-0.05969400735585029,-0.05969400735585029,3.00196390226279
pair006,SB,conf003,117.5,Si,-0.06855748827564745,-0.06855748827564745,2.9740590244922376
pair006,SB,conf003,117.99999999999999,Si,-0.07733825032532371,-0.07733825032532371,2.94039275197525
pair006,SB,conf003,118.50000000000001,Si,-0.08603426929950841,-0.08603426929950841,2.902471805328675
pair006,SB,conf003,119.0,Si,-0.09464350048782189,-0.09464350048782189,2.864501229750447
pair006,SB,conf003,119.5,Si,-0.10316387926599346,-0.10316387926599346,2.8264895329468933
pair006,SB,conf003,119.99999999999999,Si,-0.11159332174841108,-0.11159332174841108,2.788445471616047
pair006,SB,conf003,120.50000000000001,Si,-0.1199297255045717,-0.1199297255045717,2.750378061323363
pair006,SB,conf003,121.0,Si,-0.12817097034186564,-0.12817097034186564,2.712296586805392
pair006,SB,conf003,121.5,Si,-0.13632260788789852,-0.13632260788789852,2.674210612711666
pair006,SB,conf003,122.0,Si,-0.14439957153281013,-0.14439957153281013,2.6361299947940164
pair006,SB,conf003,122.49999999999999,Si,-0.15239943334214034,-0.15239943334214034,2.598064891550931
pair006,SB,conf003,123.00000000000001,Si,-0.16031904210107784,-0.16031904210107784,2.5600257763328154
pair006,SB,conf003,123.5,Si,-0.1681552218093958,-0.1681552218093958,2.5220234499118135
pair006,SB,conf003,124.0,Si,-0.1759047732962371,-0.1759047732962371,2.484069053517171
pair006,SB,conf003,124.49999999999999,Si,-0.18356447596322667,-0.18356447596322667,2.4461740823340214
pair006,SB,conf003,124.99999999999999,Si,-0.19113108966000447,-0.19113108966000447,2.4083503994597546
pair006,SB,conf003,125.5,Si,-0.19860135669601875,-0.19860135669601875,2.3706102503077444
pair006,SB,conf003,126.0,Si,-0.20597200399212245,-0.20597200399212245,2.3329662774432256
pair006,SB,conf003,126.5,Si,-0.21323974537517643,-0.21323974537517643,2.295431535830126
pair006,SB,conf003,127.00000000000001,Si,-0.22040128401846193,-0.22040128401846193,2.2580195084610324
pair006,SB,conf003,127.50000000000001,Si,-0.22806408632214126,-0.22745331503024402,2.220744122334592
pair006,SB,conf003,128.0,Si,-0.23912473563195658,-0.2343925281923489,2.183619764735818
pair006,SB,conf003,128.5,Si,-0.2501857942700625,-0.24121561085001075,2.146661299764774
pair006,SB,conf003,129.0,Si,-0.26124641962088346,-0.24791925095365563,2.109884085047576
pair006,SB,conf003,129.49999999999997,Si,-0.2723057495168939,-0.2545001402525824,2.073303988550962
pair006,SB,conf003,130.0,Si,-0.28336290154606214,-0.26095497763977193,2.036937405407164
pair006,SB,conf003,130.5,Si,-0.29441697233177866,-0.2672804726462399,2.000801274639872
pair006,SB,conf003,131.00000000000003,Si,-0.30546703678422715,-0.2734733490825134,1.9649130956641503
pair006,SB,conf003,131.5,Si,-0.31651214732208865,-0.27953034882386896,1.9292909444136008
pair006,SB,conf003,132.0,Si,-0.32755133306349804,-0.2854482357350354,1.8939534889263212
pair006,SB,conf003,132.5,Si,-0.3385835989850834,-0.29122379972903767,1.8589200041977578
pair006,SB,conf003,133.0,Si,-0.34960792504794824,-0.29685386095381494,1.8242103860828502
pair006,SB,conf003,133.5,Si,-0.3606232652893995,-0.30233527409915606,1.7898451640024413
pair006,SB,conf003,133.99999999999997,Si,-0.37162854687922064,-0.3076649328153884,1.755845512179515
pair006,SB,conf003,134.5,Si,-0.3826226691392727,-0.3128397742341169,1.7222332590997709
pair006,SB,conf003,135.0,Si,-0.39360450252518,-0.31785678358016956,1.6890308948586459
pair006,SB,conf003,135.5,Si,-0.4045728875688819,-0.32271299886277327,1.656261576023286
pair006,SB,conf003,136.0,Si,-0.4155266337807837,-0.3274055156328326,1.6239491276040148
pair006,SB,conf003,136.5,Si,-0.42646451851028533,-0.331931491792105,1.5921180416958014
pair006,SB,conf003,137.0,Si,-0.43738528576345836,-0.33628815243897114,1.5607934723171317
pair006,SB,conf003,137.5,Si,-0.44828764497666085,-0.3404727947344992,1.530001225942532
pair006,SB,conf003,138.0,Si,-0.4591702697449198,-0.3444827927715377,1.4997677471967503
pair006,SB,conf003,138.5,Si,-0.47003179650393534,-0.3483156024286893,1.4701200991549623
pair006,SB,conf003,139.0,Si,-0.48087082316463414,-0.3519687661902493,1.4410859376756522
pair006,SB,conf003,139.5,Si,-0.49168590769925147,-0.3554399179124954,1.412693479183084
pair006,SB,conf003,140.0,Si,-0.502475566678007,-0.3587267875161668,1.3849714613163708
pair006,SB,conf003,140.5,Si,-0.5132382737555472,-0.3618272055845366,1.3579490958743248
pair006,SB,conf003,140.99999999999997,Si,-0.5239724581064504,-0.36473910784620567,1.3316560135117712
pair006,SB,conf003,141.5,Si,-0.5346765028092217,-0.3674605395216004,1.3061221996862338
pair006,SB,conf003,142.0,Si,-0.5453487431783957,-0.3699896595122152,1.2679870019393482
pair006,SB,conf003,142.50000000000003,Si,-0.5559874650445569,-0.37232474441181607,1.215829585071657
pair006,SB,conf003,143.0,Si,-0.5665909029823069,-0.37446419231922556,1.1636452369508532
pair006,SB,conf003,143.5,Si,-0.5771572384865062,-0.37640652643285044,1.1114478652443986
pair006,SB,conf003,144.0,Si,-0.5876845980973926,-0.37815039840786735,1.0592523168878671
pair006,SB,conf003,144.5,Si,-0.5981710514755538,-0.3796945914578902,1.0070744846424449
pair006,SB,conf003,145.0,Si,-0.6086146094281168,-0.38103802318403424,0.9549314281295869
pair006,SB,conf003,145.49999999999997,Si,-0.6190132218879887,-0.38217974811555844,0.9028415115520174
pair006,SB,conf003,146.0,Si,-0.6293647758484653,-0.3831189599476794,0.8508245606732785
pair006,SB,conf003,146.5,Si,-0.6396670932561295,-0.38385499346371854,0.7989020420512449
pair006,SB,conf003,147.00000000000003,Si,-0.649917928865589,-0.38438732613044335,0.7470972680126813
pair006,SB,conf003,147.5,Si,-0.6601149680603291,-0.3847155793572783,0.6954356314248742
pair006,SB,conf003,148.0,Si,-0.6702558246447539,-0.38483951941197136,0.6439448749743966
pair006,SB,conf003,148.5,Si,-0.6803380386133806,-0.38475905798730725,0.5926554004091571
pair006,SB,conf003,149.0,Si,-0.690359073904145,-0.38447425241549116,0.5416006240400679
pair006,SB,conf003,149.5,Si,-0.700316316143844,-0.3839853055289497,0.49081738572991984
pair006,SB,conf003,150.0,Si,-0.7102070703949496,-0.38329256516835053,0.44034641960340837
pair006,SB,conf003,150.5,Si,-0.7200285589143216,-0.3823965233407829,0.3902328957602721
pair006,SB,conf003,151.0,Si,-0.7297779189357851,-0.3812978150330735,0.3405270432995908
pair006,SB,conf003,151.5,Si,-0.7394522004900641,-0.3799972166872321,0.2912848658590086
pair006,SB,conf003,151.99999999999997,Si,-0.7490483642772549,-0.3784956443469465,0.24256896146080242
pair006,SB,conf003,152.5,Si,-0.7585632796088253,-0.37679415148590367,0.1944494584594758
pair006,SB,conf003,153.0,Si,-0.7679937224380411,-0.3748939265304094,0.1470050783795087
pair006,SB,conf003,153.5,Si,-0.7773363734998109,-0.3727962900903963,0.10032433378815697
pair006,SB,conf003,154.0,Si,-0.7865878165831088,-0.3705026919143608,0.05450686415987449
pair006,SB,conf003,154.5,Si,-0.795744536961439,-0.3680147075850402,0.009664903684842407
pair006,SB,conf003,155.0,Si,-0.8048029200092522,-0.3653340349738061,-0.03407513955742392
pair006,SB,conf003,155.5,Si,-0.8137592500346824,-0.3624624904726679,-0.07657103588788372
pair006,SB,conf003,156.0,Si,-0.8226097093615984,-0.3594020050235871,-0.11766309316911916
pair006,SB,conf003,156.49999999999997,Si,-0.8313503776965709,-0.35615461996537867,-0.1571726437308012
pair006,SB,conf003,156.99999999999997,Si,-0.839977231819005,-0.3527224827189144,-0.19490084054920986
pair006,SB,conf003,157.5,Si,-0.8484861456353112,-0.34910784233156056,-0.2306280195588617
pair006,SB,conf003,158.0,Si,-0.8568728906405447,-0.34531304490187487,-0.2641139705987726
pair006,SB,conf003,158.5,Si,-0.865133136833354,-0.34134052890547073,-0.2950995427437346
pair006,SB,conf003,159.0,Si,-0.8732624541323171,-0.33719282044272525,-0.3233100663331211
pair006,SB,conf003,159.5,Si,-0.8812563143437308,-0.34846106559686696,-0.34846106559686696
pair006,SB,conf003,160.0,Si,-0.8891100937324773,-0.3702666130529513,-0.3702666130529513
pair006,SB,conf003,160.5,Si,-0.8968190762488232,-0.3884503924938484,-0.3884503924938484
pair006,SB,conf003,160.99999999999997,Si,-0.9043784574645621,-0.4216100505745075,-0.4216100505745075
pair006,SB,conf003,161.5,Si,-0.9117833492719011,-0.47619914445380274,-0.47619914445380274
pair006,SB,conf003,162.0,Si,-0.9190287853976207,-0.5304963518000925,-0.5304963518000925
pair006,SB,conf003,162.5,Si,-0.9261097277833107,-0.5844422223329584,-0.5844422223329584
pair006,SB,conf003,163.0,Si,-0.9330210738796799,-0.6379664467653392,-0.6379664467653392
pair006,SB,conf003,163.5,Si,-0.9397576648989847,-0.6909852323739181,-0.6909852323739181
pair006,SB,conf003,163.99999999999997,Si,-0.9463142950643589,-0.7433979480680377,-0.7433979480680377
pair006,SB,conf003,164.5,Si,-0.9526857218882042,-0.7950828242650003,-0.7950828242650003
pair006,SB,conf003,165.0,Si,-0.9588666775036117,-0.84589143818987,-0.84589143818987
pair006,SB,conf003,165.5,Si,-0.9648518810630943,-0.8956416604573023,-0.8956416604573023
pair006,SB,conf003,166.0,Si,-0.9706360522075657,-0.9441087032444537,-0.9441087032444537
pair006,SB,conf003,166.5,Si,-0.9910139380062292,-0.9910139380062292,-0.9910139380062292
pair006,SB,conf003,167.00000000000003,Si,-1.036011332248119,-1.036011332248119,-1.036011332248119
pair006,SB,conf003,167.5,Si,-1.0786718612220525,-1.0786718612220525,-1.0786718612220525
pair006,SB,conf003,168.0,Si,-1.118467367517105,-1.118467367517105,-1.118467367517105
pair006,SB,conf003,168.49999999999997,Si,-1.15475745845634,-1.15475745845634,-1.15475745845634
pair006,SB,conf003,169.0,Si,-1.1867864412149258,-1.1867864412149258,-1.1867864412149258
pair006,SB,conf003,169.5,Si,-1.2137015452387925,-1.2137015452387925,-1.2137015452387925
pair006,SB,conf003,170.0,Si,-1.2346062986282103,-1.2346062986282103,-1.2346062986282103
pair006,SB,conf003,170.49999999999997,Si,-1.2486584006322166,-1.2486584006322166,-1.2486584006322166
pair006,SB,conf003,171.0,Si,-1.2552037121989943,-1.2552037121989943,-1.2552037121989943
pair006,SB,conf003,171.50000000000003,Si,-1.2539097758745512,-1.2539097758745512,-1.2539097758745512
pair006,SB,conf003,172.0,Si,-1.2448438099998682,-1.2448438099998682,-1.2448438099998682
pair006,SB,conf003,172.5,Si,-1.2284563826461659,-1.2284563826461659,-1.2284563826461659
pair006,SB,conf003,173.0,Si,-1.2054792473451745,-1.2054792473451745,-1.2054792473451745
pair006,SB,conf003,173.5,Si,-1.176785975939071,-1.176785975939071,-1.176785975939071
pair006,SB,conf003,174.0,Si,-1.1432672445505419,-1.1432672445505419,-1.1432672445505419
pair006,SB,conf003,174.5,Si,-1.1057478247651553,-1.1057478247651553,-1.1057478247651553
pair006,SB,conf003,174.99999999999997,Si,-1.064946229934634,-1.064946229934634,-1.064946229934634
pair006,SB,conf003,175.5,Si,-1.0358943798698925,-1.021464967559357,-1.021464967559357
pair006,SB,conf003,176.0,Si,-1.0367047193716312,-0.9757979324821993,-0.9757979324821993
pair006,SB,conf003,176.5,Si,-1.0372349643174188,-0.9493387945493392,-0.9493387945493392
pair006,SB,conf003,177.0,Si,-1.0374844017735239,-0.9556565641280609,-0.9449083687799051
pair006,SB,conf003,177.5,Si,-1.0374526955842636,-0.9857567879559832,-0.9383693277825784
pair006,SB,conf003,178.00000000000003,Si,-1.0371398885063114,-1.0158094275460092,-0.9297587861191505
pair006,SB,conf003,178.5,Re,-1.0457986738433667,-1.0457986738433667,-0.9191243786917349
pair006,SB,conf003,179.0,Re,-1.0757061316099472,-1.0757061316099472,-0.9065230653722203
pair006,SB,conf003,179.49999999999997,Re,-1.105510192900451,-1.105510192900451,-0.8920197810199324
pair006,SB,conf003,180.0,Re,-1.1351852254477355,-1.1351852254477355,-0.8756860002111391
pair006,SB,conf003,180.5,Re,-1.1647005118891003,-1.1647005118891003,-0.8575982826449697
pair006,SB,conf003,181.0,Re,-1.1940188507380811,-1.1940188507380811,-0.837836857263883
pair006,SB,conf003,181.5,Re,-1.2230946944900354,-1.2230946944900354,-0.8164842921932467
pair006,SB,conf003,182.0,Re,-1.251871649978538,-1.251871649978538,-0.7936242852706323
pair006,SB,conf003,182.50000000000003,Re,-1.28027909566682,-1.28027909566682,-0.7693405976147045
pair006,SB,conf003,183.0,Re,-1.308227574217349,-1.308227574217349,-0.743716141450691
pair006,SB,conf003,183.5,Re,-1.3356024934740631,-1.3356024934740631,-0.7168322239483484
pair006,SB,conf003,183.99999999999997,Re,-1.3622555239325944,-1.3622555239325944,-0.6887679414571073
pair006,SB,conf003,184.5,Re,-1.3879929606348684,-1.3879929606348684,-0.6595997132636886
pair006,SB,conf003,185.0,Re,-1.41256035860346,-1.41256035860346,-0.6294009406665053
pair006,SB,conf003,185.5,Re,-1.4356232979592203,-1.4356232979592203,-0.5982417754550353
pair006,SB,conf003,185.99999999999997,Re,-1.456745934259228,-1.456745934259228,-0.566188981451716
pair006,SB,conf003,186.5,Re,-1.4753733362116936,-1.4753733362116936,-0.533305873273082
pair006,SB,conf003,187.00000000000003,Re,-1.4908317765454397,-1.4908317765454397,-0.4996523175886396
pair006,SB,conf003,187.5,Re,-1.502371316744958,-1.502371316744958,-0.4652847836451266
pair006,SB,conf003,188.0,Re,-1.509275739494752,-1.509275739494752,-0.4302564314836699
pair006,SB,conf003,188.5,Re,-1.5110342359678788,-1.5110342359678788,-0.39461722796395926
pair006,SB,conf003,189.0,Re,-1.5075052254824604,-1.5075052254824604,-0.35841408232585037
pair006,SB,conf003,189.5,Re,-1.4989679374009637,-1.4989679374009637,-0.32169099450489
pair006,SB,conf003,190.0,Re,-1.4860232550106145,-1.4860232550106145,-0.28448921074204225
pair006,SB,conf003,190.49999999999997,Re,-1.4694156094322237,-1.4694156094322237,-0.24684738217806546
pair006,SB,conf003,191.0,Re,-1.4498778234706575,-1.4498778234706575,-0.20880172310148026
pair006,SB,conf003,191.49999999999997,Re,-1.4280456544236977,-1.4280456544236977,-0.17378299545467946
pair006,SB,conf003,192.0,Re,-1.404432640112076,-1.404432640112076,-0.21634111749010754
pair006,SB,conf003,192.5,Re,-1.3794380951979632,-1.3794380951979632,-0.2574839746279217
pair006,SB,conf003,193.0,Re,-1.353367141065179,-1.353367141065179,-0.2970058574679788
pair006,SB,conf003,193.50000000000003,Re,-1.3264517931909434,-1.3264517931909434,-0.3346728784225096
pair006,SB,conf003,194.0,Re,-1.2988689495328312,-1.2988689495328312,-0.37022120314479623
pair006,SB,conf003,194.5,Re,-1.2707544398222028,-1.2707544398222028,-0.40335660371492754
pair006,SB,conf003,194.99999999999997,Re,-1.2475521532681602,-1.2475521532681602,-0.4337561704389594
pair006,SB,conf003,195.5,Re,-1.2469412822671364,-1.2469412822671364,-0.46107319669252433
pair006,SB,conf003,196.0,Re,-1.2453601476622786,-1.2453601476622786,-0.4849462865526375
pair006,SB,conf003,196.5,Re,-1.2428192821355228,-1.2428192821355228,-0.5050134774040753
pair006,SB,conf003,196.99999999999997,Re,-1.239335312560571,-1.239335312560571,-0.5209314655173358
pair006,SB,conf003,197.5,Re,-1.2349304542480772,-1.2349304542480772,-0.5323988176828987
pair006,SB,conf003,198.00000000000003,Re,-1.2296318648161504,-1.2296318648161504,-0.5391805336800657
pair006,SB,conf003,198.5,Re,-1.2234708997091963,-1.2234708997091963,-0.5411300028442351
pair006,SB,conf003,199.0,Re,-1.2164823136848724,-1.2164823136848724,-0.5382039780881989
pair006,SB,conf003,199.49999999999997,Re,-1.2087034505823957,-1.2087034505823957,-0.5304671827314502
pair006,SB,conf003,200.0,Re,-1.2001734582882642,-1.2001734582882642,-0.5180854482044339
pair006,SB,conf003,200.5,Re,-1.1909325582457542,-1.1909325582457542,-0.5013090138678278
pair006,SB,conf003,201.00000000000003,Re,-1.1810213903655002,-1.1810213903655002,-0.48044969150738903
pair006,SB,conf003,201.49999999999997,Re,-1.1704804458637712,-1.1704804458637712,-0.455856290569831
pair006,SB,conf003,202.0,Re,-1.1593495931647873,-1.1593495931647873,-0.42789204509294965
pair006,SB,conf003,202.49999999999997,Re,-1.1476676960090861,-1.1476676960090861,-0.39691636783324713
pair006,SB,conf003,203.0,Re,-1.1354723184745696,-1.1354723184745696,-0.363271771020384
pair006,SB,conf003,203.5,Re,-1.122799508683562,-1.122799508683562,-0.32727568344726987
pair006,SB,conf003,203.99999999999997,Re,-1.1096836513405428,-1.1096836513405428,-0.2892162885458879
pair006,SB,conf003,204.5,Re,-1.0961573786576253,-1.0961573786576253,-0.2493513226184938
pair006,SB,conf003,205.0,Re,-1.0822515294021557,-1.0822515294021557,-0.2079088471366436
pair006,SB,conf003,205.50000000000003,Re,-1.0679951464906794,-1.0679951464906794,-0.1650892008510647
pair006,SB,conf003,205.99999999999997,Re,-1.0534155045460023,-1.0534155045460023,-0.12106755203006148
pair006,SB,conf003,206.5,Re,-1.0385381599666401,-1.0385381599666401,-0.07599666033685448
pair006,SB,conf003,206.99999999999997,Re,-1.0233870172147252,-1.0233870172147252,-0.03000960492214433
pair006,SB,conf003,207.5,Re,-1.0079844061320768,-1.0079844061320768,0.016777659561226566
pair006,SB,conf003,208.0,Re,-0.9923511660991461,-0.9923511660991461,0.06426398689654245
pair006,SB,conf003,208.5,Re,-0.9765067337350045,-0.9765067337350045,0.11236098660480587
pair006,SB,conf003,209.0,Re,-0.9604692315920426,-0.9604692315920426,0.160991231683546
pair006,SB,conf003,209.5,Re,-0.9442555559304361,-0.9442555559304361,0.2100867095399197
pair006,SB,conf003,210.00000000000003,Re,-0.9278814621746121,-0.9278814621746121,0.2595874921701138
pair006,SB,conf003,210.49999999999997,Re,-0.9113616470701889,-0.9113616470701889,0.30944059952930725
pair006,SB,conf003,211.0,Re,-0.894709826889116,-0.894709826889116,0.35959903054879905
pair006,SB,conf003,211.5,Re,-0.8779388112869643,-0.8779388112869643,0.4100209381371134
pair006,SB,conf003,212.0,Re,-0.8610605726120786,-0.8610605726120786,0.46066892698695616
pair006,SB,conf003,212.5,Re,-0.8440863106131725,-0.8440863106131725,0.5115094556517086
pair006,SB,conf003,213.0,Re,-0.8270265125994283,-0.8270265125994283,0.5625123269081864
pair006,SB,conf003,213.50000000000003,Re,-0.8098910091837096,-0.8098910091837096,0.6136502527622123
pair006,SB,conf003,214.0,Re,-0.7926890257917844,-0.7926890257917844,0.6648984825302373
pair006,SB,conf003,214.50000000000003,Re,-0.7754292301541016,-0.7754292301541016,0.7162344842347883
pair006,SB,conf003,214.99999999999997,Re,-0.7581197760162498,-0.7581197760162498,0.7676376710976776
pair006,SB,conf003,215.5,Re,-0.7407683433130553,-0.7407683433130553,0.8190891662271007
pair006,SB,conf003,216.0,Re,-0.7233821750525761,-0.7233821750525761,0.8705715997007799
pair006,SB,conf003,216.50000000000003,Re,-0.7059681111517597,-0.7059681111517597,0.9220689331760077
pair006,SB,conf003,217.0,Re,-0.6885326194573942,-0.6885326194573942,0.9735663079345447
pair006,SB,conf003,217.5,Re,-0.6710818241750935,-0.6710818241750935,1.0250499129200843
pair006,SB,conf003,217.99999999999997,Re,-0.6536215319167749,-0.6536215319167749,1.07650686986834
pair006,SB,conf003,218.5,Re,-0.6361572555637625,-0.6361572555637625,1.1279251330831952
pair006,SB,conf003,219.00000000000003,Re,-0.6186942361292429,-0.6186942361292429,1.1792934017906835
pair006,SB,conf003,219.49999999999997,Re,-0.6012374627902501,-0.6012374627902501,1.2306010433195052
pair006,SB,conf003,220.0,Re,-0.5837916912463095,-0.5837916912463095,1.2818380256218223
pair006,SB,conf003,220.5,Re,-0.5663614605493534,-0.5663614605493534,1.332994857870432
pair006,SB,conf003,221.00000000000003,Re,-0.5489511085375121,-0.5489511085375121,1.3840625380554348
pair006,SB,conf003,221.5,Re,-0.53156478599433,-0.53156478599433,1.435032506660421
pair006,SB,conf003,222.0,Re,-0.5142064696444013,-0.5142064696444013,1.4858966056310436
pair006,SB,conf003,222.49999999999997,Re,-0.496879974086865,-0.496879974086865,1.5366470419605174
pair006,SB,conf003,223.0,Re,-0.4795889627591503,-0.4795889627591503,1.5872763553116795
pair006,SB,conf003,223.5,Re,-0.4623369580152701,-0.4623369580152701,1.6377773891752916
pair006,SB,conf003,224.0,Re,-0.4451273503953166,-0.4451273503953166,1.6881432651329666
pair006,SB,conf003,224.5,Re,-0.4279634071560259,-0.4279634071560259,1.7383673598509801
pair006,SB,conf003,225.0,Re,-0.41084828012590613,-0.41084828012590613,1.7884432844811757
pair006,SB,conf003,225.50000000000003,Re,-0.3937850129427647,-0.3937850129427647,1.8383648661874858
pair006,SB,conf003,226.0,Re,-0.37677654772621594,-0.37677654772621594,1.8881261315531195
pair006,SB,conf003,226.5,Re,-0.3598257312330051,-0.3598257312330051,1.9377212916547772
pair006,SB,conf003,226.99999999999997,Re,-0.3429353205387262,-0.3429353205387262,1.9871447286170165
pair006,SB,conf003,227.5,Re,-0.32610798828552534,-0.32610798828552534,2.0363909834834004
pair006,SB,conf003,228.0,Re,-0.3093463275319288,-0.3093463275319288,2.085454745260776
pair006,SB,conf003,228.5,Re,-0.2926528562376005,-0.2926528562376005,2.13433084101075
pair006,SB,conf003,228.99999999999997,Re,-0.27603002141303445,-0.27603002141303445,2.1830142268772192
pair006,SB,conf003,229.49999999999997,Re,-0.25948020296143204,-0.25948020296143204,2.231499979952104
pair006,SB,conf003,230.0,Re,-0.2430057172377007,-0.2430057172377007,2.2797832908926887
pair006,SB,conf003,230.5,Re,-0.22660882034724916,-0.22660882034724916,2.32785945721404
pair006,SB,conf003,231.00000000000003,Re,-0.21028380845341577,-0.21028380845341577,2.375723877188608
pair006,SB,conf003,231.5,Re,-0.1939597001238127,-0.1939597001238127,2.4233720442926865
pair006,SB,conf003,232.00000000000003,Re,-0.17762053189870564,-0.17762053189870564,2.4707995421461932
pair006,SB,conf003,232.5,Re,-0.16126800798303442,-0.16126800798303442,2.5180020398979197
pair006,SB,conf003,233.0,Re,-0.14490377535506993,-0.14490377535506993,2.564975288013774
pair006,SB,conf003,233.49999999999997,Re,-0.12852942651988952,-0.12852942651988952,2.6117151144298294
pair006,SB,conf003,234.0,Re,-0.11214650211415855,-0.11214650211415855,2.658217421036267
pair006,SB,conf003,234.49999999999997,Re,-0.09575649337068404,-0.09575649337068404,2.7044781804615763
pair006,SB,conf003,235.0,Re,-0.07936084445061686,-0.07936084445061686,2.750493433129784
pair006,SB,conf003,235.5,Re,-0.06296095465086116,-0.06296095465086116,2.7962592845659797
pair006,SB,conf003,235.99999999999997,Re,-0.0465581804937254,-0.0465581804937254,2.841771902928164
pair006,SB,conf003,236.5,Re,-0.03015383770551816,-0.03015383770551816,2.887027516745417
pair006,SB,conf003,237.00000000000003,Re,-0.013749203090398954,-0.013749203090398954,2.932022412844418
pair006,SB,conf003,237.49999999999997,Re,0.0026544836945980865,0.0026544836945980865,2.9767529344481476
pair006,SB,conf003,238.0,Re,0.016119385094475636,0.019056018457769053,3.0212154794320956
pair006,SB,conf003,238.50000000000003,Re,0.026970941012125715,0.03545423087887123,3.06540649872463
pair006,SB,conf003,239.0,Re,0.037806205572319396,0.05184798299825455,3.10932249483961
pair006,SB,conf003,239.5,Re,0.04862466413505895,0.06823616778430153,3.1529600205302755
pair006,SB,conf003,239.99999999999997,Re,0.05942581043661854,0.08461770777475608,3.1963156775544572
pair006,SB,conf003,240.5,Re,0.0702091463466088,0.1009915537878372,3.239386115542225
pair006,SB,conf003,241.00000000000003,Re,0.080974181633922,0.11735668369918972,3.2821680309576227
pair006,SB,conf003,241.5,Re,0.09172043374123628,0.1337121012810485,3.3246581661471346
pair006,SB,conf003,242.0,Re,0.1024474275677314,0.15005683510012857,3.3668533084680474
pair006,SB,conf003,242.49999999999997,Re,0.11315469525968491,0.16638993747099096,3.4084025599637156
pair006,SB,conf003,243.0,Re,0.12384177600866653,0.1827104834618527,3.4307848337264626
pair006,SB,conf003,243.49999999999997,Re,0.13450821585699746,0.19901756994991082,3.452831531091403
pair006,SB,conf003,244.0,Re,0.1451535675102329,0.2153103147235258,3.474541434199429
pair006,SB,conf003,244.5,Re,0.15577739015635128,0.23158785562865303,3.495913364423021
pair006,SB,conf003,244.99999999999997,Re,0.16637924929142733,0.24784934975716122,3.516946182335404
pair006,SB,conf003,245.5,Re,0.17695871655152096,0.26409397267476287,3.5376387876879734
pair006,SB,conf003,246.00000000000003,Re,0.18751536955053139,0.280320917686399,3.557990119395559
pair006,SB,conf003,246.50000000000003,Re,0.19804879172381362,0.29652939513711063,3.5779991555292256
pair006,SB,conf003,247.0,Re,0.20855857217731044,0.3127186317464721,3.597664913316216
pair006,SB,conf003,247.50000000000003,Re,0.21904430554201215,0.3288878699748261,3.6169864491467565
pair006,SB,conf003,248.0,Re,0.2295055918335065,0.3450363674196091,3.635962858587354
pair006,SB,conf003,248.5,Re,0.23994203631647038,0.3611633962402283,3.654593276400387
pair006,SB,conf003,248.99999999999997,Re,0.25035324937387116,0.37726824260994474,3.672876876569647
pair006,SB,conf003,249.5,Re,0.2607388463807363,0.3933502061934051,3.6908128723316254
pair006,SB,conf003,249.99999999999997,Re,0.2710984475822853,0.4094085996484431,3.7084005162122655
pair006,SB,conf003,250.5,Re,0.28143167797629154,0.4254427481509475,3.725639100069024
pair006,SB,conf003,251.0,Re,0.2917381671994881,0.4414519889415651,3.7425279551379442
pair006,SB,conf003,251.49999999999997,Re,0.30201754941788317,0.4574356708931606,3.7590664520856323
pair006,SB,conf003,252.0,Re,0.31226946322083937,0.473393154097965,3.7752540010659055
pair006,SB,conf003,252.49999999999997,Re,0.32249355151875636,0.4893238094734029,3.7910900517809405
pair006,SB,conf003,253.0,Re,0.33268946144425615,0.5052270183856871,3.8065740935467924
pair006,SB,conf003,253.5,Re,0.34285684425671303,0.521102172290264,3.8218158054734626
pair006,SB,conf003,254.00000000000003,Re,0.35299535525001535,0.5369486723882912,3.8370403678164844
pair006,SB,conf003,254.5,Re,0.36310465366344835,0.5527659292983425,3.85225345969905
pair006,SB,conf003,255.00000000000003,Re,0.37318440259557195,0.5685533627425967,3.867454014739676
pair006,SB,conf003,255.49999999999997,Re,0.3832342689209838,0.5843104012467817,3.8826409753263875
pair006,SB,conf003,256.0,Re,0.39325392320987906,0.6000364818532418,3.897813292570167
pair006,SB,conf003,256.5,Re,0.4032430396502795,0.6157310498464417,3.912969926257684
pair006,SB,conf003,257.0,Re,0.4132012959728619,0.6313935584903498,3.928109844803402
pair006,SB,conf003,257.5,Re,0.42312837337827935,0.6470234687771146,3.943232025201089
pair006,SB,conf003,258.0,Re,0.433023956466873,0.6626202491864743,3.9583354529747825
pair006,SB,conf003,258.5,Re,0.4428877331707224,0.67818337545544,3.973419122129289
pair006,SB,conf003,258.99999999999994,Re,0.45271939468791467,0.6937123303577051,3.988482035100225
pair006,SB,conf003,259.5,Re,0.46251863541898186,0.7092066034923812,4.003523202703683
pair006,SB,conf003,260.0,Re,0.47228515290540796,0.7246656910815792,4.018541644085541
pair006,SB,conf003,260.5,Re,0.48201864777015113,0.7400890957764552,4.033536386670471
pair006,SB,conf003,261.0,Re,0.49171882366009645,0.7554763264713162,4.048506466110689
pair006,SB,conf003,261.5,Re,0.5013853871903786,0.7708268981254085,4.063450926234475
pair006,SB,conf003,262.00000000000006,Re,0.5110180478905069,0.7861403315920545,4.078368818994511
pair006,SB,conf003,262.5,Re,0.5206165181522293,0.8014161534547848,4.09325920441607
pair006,SB,conf003,263.0,Re,0.5301805131790804,0.816653895870169,4.108121150545097
pair006,SB,conf003,263.5,Re,0.5397097509375397,0.8318530964170125,4.1229537333961925
pair006,SB,conf003,264.0,Re,0.5492039521097729,0.8470132979516782,4.13775603690056
pair006,SB,conf003,264.5,Re,0.558662840047867,0.8621340484692037,4.152527152853931
pair006,SB,conf003,265.0,Re,0.5680861407295381,0.8772149009700201,4.167266180864502
pair006,SB,conf003,265.5,Re,0.5774735827152402,0.8922554133319622,4.181972228300896
pair006,SB,conf003,266.0,Re,0.5868248971066452,0.9072551481873934,4.196644410240216
pair006,SB,conf003,266.49999999999994,Re,0.5961398175064307,0.9191497585472848,4.211281849416148
pair006,SB,conf003,267.0,Re,0.605418079979344,0.9091223027556465,4.225883676167218
pair006,SB,conf003,267.5,Re,0.6146594230144917,0.8990775332246759,4.240449028385154
pair006,SB,conf003,267.99999999999994,Re,0.6238635874888183,0.8890160178395636,4.254977051463419
pair006,SB,conf003,268.5,Re,0.6330303166317377,0.8789383313148538,4.269466898245925
pair006,SB,conf003,269.0,Re,0.6421593559908592,0.8688450553060838,4.283917728975933
pair006,SB,conf003,269.50000000000006,Re,0.651250453398801,0.858736778523536,4.298328711245185
pair006,SB,conf003,270.0,Re,0.6603033589410334,0.8486140968481439,4.312699019943246
pair006,SB,conf003,270.5,Re,0.66931782492473,0.8384776134495528,4.327027837207133
pair006,SB,conf003,271.0,Re,0.6782936058485738,0.8283279389063798,4.341314352371169
pair006,SB,conf003,271.5,Re,0.6872304583735251,0.8181656913286599,4.355557761917154
pair006,SB,conf003,272.0,Re,0.6864859310155647,0.807991496482533,4.369757269424804
pair006,SB,conf003,272.5,Re,0.6773566221994407,0.7978059879171513,4.383912085522509
pair006,SB,conf003,273.0,Re,0.6681932398713653,0.7876098070938384,4.398021427838428
pair006,SB,conf003,273.5,Re,0.6589960621787998,0.7774036035175269,4.412084520951883
pair006,SB,conf003,274.0,Re,0.6497653700323112,0.7671880348704361,4.426100596345128
pair006,SB,conf003,274.5,Re,0.6405014471528456,0.7569637671480665,4.440068892355448
pair006,SB,conf003,275.0,Re,0.6312045801204895,0.7467314747974385,4.453988654127649
pair006,SB,conf003,275.49999999999994,Re,0.6218750584248165,0.7364918408576526,4.467859133566877
pair006,SB,conf003,276.0,Re,0.6125131745168233,0.7262455571027051,4.4816795892918755
pair006,SB,conf003,276.5,Re,0.6031192238625576,0.7159933241866059,4.495449286588574
pair006,SB,conf003,277.0,Re,0.5936935049984571,0.7057358517907548,4.509167497364112
pair006,SB,conf003,277.50000000000006,Re,0.584236319588493,0.6954738587735931,4.52283350010125
pair006,SB,conf003,278.0,Re,0.5747479724831479,0.685208073322493,4.536446579813186
pair006,SB,conf003,278.50000000000006,Re,0.5652287717803215,0.6749392331078796,4.550006027998798
pair006,SB,conf003,279.0,Re,0.5556790288882143,0.6646680854395661,4.563511142598289
pair006,SB,conf003,279.5,Re,0.5460990585902585,0.654395387425249,4.576961227949273
pair006,SB,conf003,280.0,Re,0.5364891791121866,0.6441219061311692,4.59035559474327
pair006,SB,conf003,280.5,Re,0.5268497121912847,0.633848418744859,4.603693559982652
pair006,SB,conf003,281.0,Re,0.5171809831479355,0.6235757127399648,4.6169744469380145
pair006,SB,conf003,281.5,Re,0.5074833209595118,0.6133045860430675,4.630197585105975
pair006,SB,conf003,281.99999999999994,Re,0.4977570583367201,0.6030358472024699,4.643362310167438
pair006,SB,conf003,282.5,Re,0.4880025318024701,0.5927703155588555,4.656467963946277
pair006,SB,conf003,283.0,Re,0.4782200817733695,0.5825088214177818,4.669513894368475
pair006,SB,conf003,283.5,Re,0.4684100526439312,0.5722522062238975,4.682499455421704
pair006,SB,conf003,284.0,Re,0.4585727928735961,0.5620013227368121,4.695424007115369
pair006,SB,conf003,284.5,Re,0.44870865507667146,0.5517570352085197,4.7082869154410645
pair006,SB,conf003,285.00000000000006,Re,0.43881799611529715,0.5415202195622701,4.721087552333524
pair006,SB,conf003,285.5,Re,0.428901177195532,0.5312917635727616,4.733825295631979
pair006,SB,conf003,286.0,Re,0.4189585639666933,0.5210725670475391,4.746499529042
pair006,SB,conf003,286.5,Re,0.40899052662406876,0.5108635420094656,4.75910964209776
pair006,SB,conf003,287.0,Re,0.3989974400150982,0.5006656128800915,4.771655030124769
pair006,SB,conf003,287.5,Re,0.3889796837491959,0.49047971666379353,4.784135094203039
pair006,SB,conf003,288.0,Re,0.3789376423112998,0.4803068031324773,4.796549241130711
pair006,SB,conf003,288.5,Re,0.36887170517933154,0.47014783501068247,4.808896883388114
pair006,SB,conf003,289.0,Re,0.3587822669456753,0.4600037881608616,4.821177439102284
pair006,SB,conf003,289.5,Re,0.34866972744284386,0.44987565176863265,4.833390332011925
pair006,SB,conf003,290.0,Re,0.3385344918734887,0.439764428527768,4.845534991432796
pair006,SB,conf003,290.5,Re,0.3283769709449045,0.42967113482465824,4.857610852223559
pair006,SB,conf003,290.99999999999994,Re,0.31819758100821005,0.4195968009220048,4.869617354752057
pair006,SB,conf003,291.5,Re,0.30799674420236633,0.40954247114142617,4.881553944862031
pair006,SB,conf003,292.0,Re,0.29777488860322965,0.39950920404470147,4.89342007384027
pair006,SB,conf003,292.5,Re,0.2875324483778161,0.38949807261330593,4.905215198384196
pair006,SB,conf003,293.0,Re,0.27726986394397946,0.3795101644259027,4.916938780569877
pair006,SB,conf003,293.5,Re,0.26698758213570284,0.3695465818334178,4.928590287820471
pair006,SB,conf003,294.00000000000006,Re,0.2566860563742319,0.3596084421313177,4.940169192875096
pair006,SB,conf003,294.5,Re,0.2463657468452476,0.3496968777286711,4.951674973758118
pair006,SB,conf003,295.0,Re,0.23602712068231924,0.3398130363135452,4.963107113748858
pair006,SB,conf003,295.5,Re,0.22567065215688875,0.3299580810143101,4.974465101351729
pair006,SB,conf003,296.0,Re,0.2152968228750074,0.3201331905563156,4.985748430266771
pair006,SB,conf003,296.5,Re,0.20490612198111013,0.3103395594134739,4.996956599360606
pair006,SB,conf003,297.0,Re,0.19449904636907345,0.3005783979541634,5.008089112637801
pair006,SB,conf003,297.49999999999994,Re,0.18407610090085358,0.29085093258092054,5.019145479212632
pair006,SB,conf003,298.0,Re,0.17363779863297535,0.28115840586328633,5.030125213281256
pair006,SB,conf003,298.49999999999994,Re,0.16318466105119334,0.27150207666320836,5.041027834094276
pair006,SB,conf003,299.0,Re,0.15271721831361273,0.2618832202523107,5.0518528659297
pair006,SB,conf003,299.5,Re,0.14223600950261983,0.25230312842036473,5.062599838066301
pair006,SB,conf003,300.0,Re,0.1317415828859354,0.24276310957421576,5.073268284757363
pair006,SB,conf003,300.50000000000006,Re,0.1212344961871541,0.23326448882642503,5.083857745204799
pair006,SB,conf003,301.0,Re,0.11071531686612635,0.22380860807283054,5.094367763533672
pair006,SB,conf003,301.5,Re,0.10018462240955595,0.21439682605820143,5.104797888767079
pair006,SB,conf003,302.0,Re,0.08964300063221642,0.20503051842914655,5.115147674801415
pair006,SB,conf003,302.5,Re,0.07909104998916394,0.1957110777733564,5.125416680382013
pair006,SB,conf003,303.0,Re,0.06852937989939556,0.1864399136442929,5.135604469079141
pair006,SB,conf003,303.5,Re,0.05795861108135947,0.17721845257033308,5.145710609264373
pair006,SB,conf003,303.99999999999994,Re,0.04737937590079033,0.16804813804740704,5.15573467408732
pair006,SB,conf003,304.5,Re,0.036792318731304396,0.15893043051407485,5.165676241452715
pair006,SB,conf003,305.0,Re,0.02619809632827308,0.14986680730802204,5.175534893997854
pair006,SB,conf003,305.5,Re,0.015597378216435365,0.14085876260284858,5.185310219070379
pair006,SB,conf003,306.0,Re,0.004990847091782102,0.13190780732405427,5.195001808706433
pair006,SB,conf003,306.49999999999994,Re,-0.005620800761752864,0.12301546904307581,5.20460925960912
pair006,SB,conf003,307.0,Re,-0.01623685504027028,0.114183291848176,5.214132173127338
pair006,SB,conf003,307.5,Re,-0.026856590971958694,0.10541283619100539,5.2235701552349365
pair006,SB,conf003,308.0,Re,-0.03747926885266728,0.09670567870759994,5.232922816510193
pair006,SB,conf003,308.5,Re,-0.048104133564381035,0.08806341201256451,5.242189772115649
pair006,SB,conf003,309.0,Re,-0.058730414075999215,0.07948764446517531,5.251370641778241
pair006,SB,conf003,309.50000000000006,Re,-0.06935732292576402,0.07097999990612802,5.260465049769765
pair006,SB,conf003,310.0,Re,-0.07998405568471156,0.06254211736361914,5.269472624887676
pair006,SB,conf003,310.5,Re,-0.09060979040047501,0.05417565072746111,5.278393000436171
pair006,SB,conf003,311.0,Re,-0.10123368702074065,0.045882268389937586,5.287225814207611
pair006,SB,conf003,311.5,Re,-0.11185488679569944,0.037663652852058416,5.2959707084642424
pair006,SB,conf003,312.0,Re,-0.12247251165874018,0.029521500293945513,5.304627329920212
pair006,SB,conf003,312.5,Re,-0.13308566358471108,0.021457520108020933,5.313195329723904
pair006,SB,conf003,312.99999999999994,Re,-0.14369342392496942,0.013473434393753259,5.321674363440561
pair006,SB,conf003,313.5,Re,-0.15429485271852372,0.005570977412675315,5.330064091035204
pair006,SB,conf003,313.99999999999994,Re,-0.16488898797847273,-0.002248104997517597,5.338364176855848
pair006,SB,conf003,314.5,Re,-0.17547484495303278,-0.009982056051012878,5.346574289616997
pair006,SB,conf003,315.0,Re,-0.18605141536035297,-0.017629108685177863,5.354694102383435
pair006,SB,conf003,315.5,Re,-0.19661766659639301,-0.0251874862762258,5.362723292554291
pair006,SB,conf003,316.0,Re,-0.20717254091509218,-0.03265540340026396,5.3706615418473795
pair006,SB,conf003,316.5,Re,-0.21771495458009205,-0.04003106664069089,5.378508536283839
pair006,SB,conf003,317.0,Re,-0.2282437969872686,-0.04731267544280904,5.386263966173011
pair006,SB,conf003,317.5,Re,-0.23875792975737054,-0.054498423016456465,5.393927526097615
pair006,SB,conf003,318.0,Re,-0.2492561857980693,-0.06158649728733723,5.401498914899172
pair006,SB,conf003,318.5,Re,-0.2597373683347364,-0.06857508189762096,5.4089778356637055
pair006,SB,conf003,319.0,Re,-0.270200249909361,-0.07546235725629158,5.416363995707691
pair006,SB,conf003,319.5,Re,-0.2806435713469806,-0.08224650163953684,5.423657106564276
pair006,SB,conf003,320.0,Re,-0.29106604068914654,-0.0889273390243217,5.43085688396974
pair006,SB,conf003,320.5,Re,-0.3014663320939195,-0.09551604465963681,5.437963047850221
pair006,SB,conf003,321.0,Re,-0.3118430847020448,-0.10201288498852268,5.444975322308675
pair006,SB,conf003,321.5,Re,-0.32219490146899754,-0.1084151782863858,5.451893435612099
pair006,SB,conf003,321.99999999999994,Re,-0.3325203479626997,-0.11472024396965419,5.45871712017899
pair006,SB,conf003,322.5,Re,-0.34281795112686697,-0.1209254046834598,5.465446112567035
pair006,SB,conf003,323.0,Re,-0.3530861980100066,-0.12702798847452734,5.4720801534610555
pair006,SB,conf003,323.50000000000006,Re,-0.3633235344603334,-0.13302533104843328,5.478618987661179
pair006,SB,conf003,324.0,Re,-0.37352836378697263,-0.13891477810997088,5.4850623640712435
pair006,SB,conf003,324.5,Re,-0.3836990453880653,-0.1446936877849807,5.491410035687432
pair006,SB,conf003,325.0,Re,-0.39383389334658303,-0.1503594331215372,5.497661759587139
pair006,SB,conf003,325.5,Re,-0.40393117499496056,-0.15590940466797898,5.50381729691806
pair006,SB,conf003,326.0,Re,-0.4139891094498682,-0.16134101312475746,5.509876412887499
pair006,SB,conf003,326.50000000000006,Re,-0.4240058661188466,-0.166651692066637,5.5158388767519035
pair006,SB,conf003,327.0,Re,-0.4339795631807848,-0.17183890073123798,5.521704461806614
pair006,SB,conf003,327.5,Re,-0.44390826604271516,-0.17690012686947099,5.527472945375834
pair006,SB,conf003,327.99999999999994,Re,-0.4537899857757246,-0.18183288965283184,5.533144108802805
pair006,SB,conf003,328.5,Re,-0.46362267753334363,-0.1866347426320567,5.538717737440198
pair006,SB,conf003,329.0,Re,-0.4734042389562423,-0.19130327674110315,5.544193620640714
pair006,SB,conf003,329.49999999999994,Re,-0.48313250856767875,-0.19583612333992328,5.549571551747892
pair006,SB,conf003,330.0,Re,-0.49280526416472425,-0.20023095728897156,5.554851328087123
pair006,SB,conf003,330.5,Re,-0.5024202212110134,-0.20448550004791977,5.560032750956857
pair006,SB,conf003,331.0,Re,-0.511975031237498,-0.20859752279057608,5.565115625620026
pair006,SB,conf003,331.5,Re,-0.5214672802584821,-0.21256484952754717,5.5700997612956495
pair006,SB,conf003,332.0,Re,-0.5308944872110966,-0.21638536022777766,5.574984971150656
pair006,SB,conf003,332.50000000000006,Re,-0.5402541024272882,-0.22005699392968348,5.579771072291873
pair006,SB,conf003,333.0,Re,-0.5495435061484348,-0.22357775183228967,5.584457885758237
pair006,SB,conf003,333.49999999999994,Re,-0.5587600070937395,-0.22694570035643302,5.589045236513183
pair006,SB,conf003,334.00000000000006,Re,-0.5679008410947077,-0.2301589741658565,5.59353295343721
pair006,SB,conf003,334.5,Re,-0.576963169809216,-0.23321577913779423,5.59792086932066
pair006,SB,conf003,335.0,Re,-0.5859440795299728,-0.238271819772091,5.602208820856658
pair006,SB,conf003,335.49999999999994,Re,-0.594840580103456,-0.25372886687706075,5.606396648634263
pair006,SB,conf003,336.0,Re,-0.6036496039768476,-0.26914391497190016,5.610484197131768
pair006,SB,conf003,336.5,Re,-0.6123680053918761,-0.28451457899941923,5.61447131471021
pair006,SB,conf003,336.99999999999994,Re,-0.6209925597459912,-0.2998848915506853,5.618357853607039
pair006,SB,conf003,337.5,Re,-0.62951996314273,-0.31528784710301516,5.6221436699299865
pair006,SB,conf003,338.0,Re,-0.6379468321546689,-0.3307198035340524,5.625828623651085
pair006,SB,conf003,338.5,Re,-0.6462697038238648,-0.3461769987353709,5.6294125786008795
pair006,SB,conf003,339.0,Re,-0.6544850359260607,-0.3616555443969305,5.632895402462802
pair006,SB,conf003,339.5,Re,-0.6625892075264301,-0.3771514194167285,5.636276966767737
pair006,SB,conf003,340.0,Re,-0.670578519855845,-0.39266046291517664,5.639557146888727
pair006,SB,conf003,340.5,Re,-0.6784491975378835,-0.4081783668333183,5.642735822035878
pair006,SB,conf003,340.99999999999994,Re,-0.6861973901977853,-0.4237006680936124,5.645812875251405
pair006,SB,conf003,341.50000000000006,Re,-0.6938191744853549,-0.4392227403018327,5.648788193404881
pair006,SB,conf003,342.0,Re,-0.7013105565443666,-0.45473978496869183,5.651661667188602
pair006,SB,conf003,342.49999999999994,Re,-0.7086674749612705,-0.47024682223016234,5.654433191113169
pair006,SB,conf003,343.00000000000006,Re,-0.7158858042258258,-0.4911764870066926,5.657102663503194
pair006,SB,conf003,343.5,Re,-0.722961358735765,-0.5194149830124499,5.659669986493187
pair006,SB,conf003,344.0,Re,-0.7298898973765444,-0.5477235792188904,5.662135066023602
pair006,SB,conf003,344.49999999999994,Re,-0.7366671287056065,-0.5760991395090036,5.664497811837041
pair006,SB,conf003,345.0,Re,-0.7432887167684125,-0.6045384043083992,5.666758137474623
pair006,SB,conf003,345.5,Re,-0.7497502875705984,-0.6330379747810859,5.668915960272502
pair006,SB,conf003,346.0,Re,-0.75604743622703,-0.6615942943499022,5.670971201358542
pair006,SB,conf003,346.5,Re,-0.7621757348041113,-0.6902036270070695,5.672923785649175
pair006,SB,conf003,347.0,Re,-0.7681307408665626,-0.7188620317560187,5.6747736418463735
pair006,SB,conf003,347.5,Re,-0.7739080067338034,-0.7475653323673981,5.676520702434816
pair006,SB,conf003,348.0,Re,-0.7795030894442405,-0.7763090814308485,5.67816490367918
pair006,SB,conf003,348.50000000000006,Re,-0.8050885174253629,-0.8050885174253629,5.679706185621608
pair006,SB,conf003,349.0,Re,-0.8338985131968439,-0.8338985131968439,5.681144492079316
pair006,SB,conf003,349.5,Re,-0.8627335137969099,-0.8627335137969099,5.682479770642356
pair006,SB,conf003,349.99999999999994,Re,-0.8915874610671584,-0.8915874610671584,5.683711972671542
pair006,SB,conf003,350.50000000000006,Re,-0.920453701601425,-0.920453701601425,5.684841053296504
pair006,SB,conf003,351.0,Re,-0.9493248737180303,-0.9493248737180303,5.685866971413917
pair006,SB,conf003,351.49999999999994,Re,-0.9781927677322804,-0.9781927677322804,5.686789689685874
pair006,SB,conf003,352.0,Re,-1.0070481520038932,-1.0070481520038932,5.6876091745384
pair006,SB,conf003,352.5,Re,-1.0358805547563548,-1.0358805547563548,5.688325396160121
pair006,SB,conf003,353.0,Re,-1.0646779882519337,-1.0646779882519337,5.688938328501095
pair006,SB,conf003,353.5,Re,-1.093426597159802,-1.093426597159802,5.689447949271775
pair006,SB,conf003,354.0,Re,-1.1221102062906456,-1.1221102062906456,5.6898542399421235
pair006,SB,conf003,354.5,Re,-1.1507097334230498,-1.1507097334230498,5.690157185740894
pair006,SB,conf003,355.0,Re,-1.1792024194217754,-1.1792024194217754,5.690356775655031
pair006,SB,conf003,355.5,Re,-1.2075608083075817,-1.2075608083075817,5.690453002429246
pair006,SB,conf003,356.00000000000006,Re,-1.235751381471224,-1.235751381471224,5.6904458625657295
pair006,SB,conf003,356.5,Re,-1.263732708475569,-1.263732708475569,5.6903353563240096
pair006,SB,conf003,357.0,Re,-1.291452915438558,-1.291452915438558,5.690121487720965
pair006,SB,conf003,357.50000000000006,Re,-1.3188461816774015,-1.3188461816774015,5.6898042645309825
pair006,SB,conf003,358.0,Re,-1.3458278440147864,-1.3458278440147864,5.689383698286266
pair006,SB,conf003,358.5,Re,-1.3722875027409989,-1.3722875027409989,5.688859804277284
pair006,SB,conf003,358.99999999999994,Si,-1.398079278308686,-1.398079278308686,5.688232601553388
pair006,SB,conf003,359.50000000000006,Si,-1.423008094481741,-1.423008094481741,5.6875021129235535
